UID,block
1,calibration
2,test
3,train
4,calibration
5,test
6,test
7,calibration
8,train
9,train
10,test
11,train
12,test
13,train
14,test
15,train
16,train
17,calibration
18,train
19,train
20,train
21,test
22,test
23,train
24,train
25,train
26,train
27,train
28,calibration
29,train
30,train
31,train
32,calibration
33,train
34,calibration
35,train
36,test
37,train
38,calibration
39,test
40,train
41,train
42,train
43,test
44,train
45,calibration
46,train
47,train
48,calibration
49,train
50,train
51,train
52,calibration
53,train
54,train
55,train
56,test
57,test
58,calibration
59,calibration
60,calibration
61,train
62,test
63,calibration
64,train
65,train
66,train
67,calibration
68,test
69,calibration
70,train
71,train
72,train
73,train
74,train
75,test
76,calibration
77,test
78,train
79,calibration
80,train
81,test
82,calibration
83,calibration
84,train
85,train
86,calibration
87,train
88,train
89,calibration
90,train
91,calibration
92,calibration
93,test
94,calibration
95,train
96,train
97,train
98,test
99,train
100,train
101,train
102,test
103,train
104,train
105,train
106,calibration
107,train
108,train
109,test
110,train
111,calibration
112,calibration
113,train
114,train
115,train
116,train
117,calibration
118,calibration
119,train
120,test
121,test
122,train
123,calibration
124,calibration
125,train
126,train
127,calibration
128,train
129,test
130,test
131,train
132,test
133,train
134,test
135,train
136,train
137,test
138,train
139,calibration
140,calibration
141,test
142,calibration
143,train
144,test
145,train
146,calibration
147,train
148,train
149,test
150,calibration
151,calibration
152,train
153,calibration
154,train
155,calibration
156,calibration
157,test
158,test
159,train
160,calibration
161,train
162,calibration
163,train
164,test
165,train
166,train
167,calibration
168,calibration
169,test
170,train
171,calibration
172,train
173,train
174,train
175,calibration
176,train
177,train
178,calibration
179,calibration
180,train
181,calibration
182,calibration
183,train
184,calibration
185,train
186,train
187,train
188,train
189,train
190,calibration
191,calibration
192,calibration
193,train
194,train
195,calibration
196,train
197,train
198,test
199,train
200,train
201,calibration
202,train
203,train
204,calibration
205,test
206,train
207,train
208,calibration
209,train
210,train
211,test
212,calibration
213,train
214,calibration
215,test
216,test
217,train
218,train
219,calibration
220,train
221,train
222,test
223,train
224,train
225,train
226,train
227,calibration
228,train
229,train
230,train
231,train
232,calibration
233,test
234,test
235,train
236,train
237,train
238,train
239,train
240,train
241,test
242,train
243,train
244,calibration
245,test
246,test
247,train
248,train
249,train
250,train
251,train
252,calibration
253,calibration
254,calibration
255,calibration
256,calibration
257,calibration
258,train
259,calibration
260,test
261,calibration
262,test
263,calibration
264,train
265,train
266,train
267,train
268,test
269,train
270,train
271,calibration
272,calibration
273,test
274,train
275,test
276,calibration
277,calibration
278,train
279,train
280,train
281,calibration
282,test
283,calibration
284,test
285,train
286,train
287,calibration
288,test
289,train
290,test
291,train
292,calibration
293,train
294,test
295,train
296,calibration
297,calibration
298,test
299,calibration
300,calibration
301,calibration
302,train
303,train
304,train
305,calibration
306,train
307,test
308,train
309,calibration
310,train
311,train
312,train
313,calibration
314,test
315,test
316,calibration
317,calibration
318,train
319,test
320,train
321,train
322,train
323,train
324,train
325,train
326,calibration
327,calibration
328,calibration
329,calibration
330,train
331,test
332,train
333,train
334,train
335,calibration
336,calibration
337,calibration
338,train
339,train
340,train
341,calibration
342,train
343,test
344,train
345,calibration
346,train
347,calibration
348,train
349,train
350,calibration
351,train
352,test
353,calibration
354,calibration
355,test
356,train
357,calibration
358,train
359,test
360,train
361,train
362,train
363,calibration
364,train
365,train
366,test
367,train
368,train
369,train
370,train
371,train
372,calibration
373,train
374,train
375,train
376,test
377,test
378,test
379,calibration
380,calibration
381,calibration
382,calibration
383,calibration
384,calibration
385,train
386,train
387,test
388,train
389,test
390,calibration
391,calibration
392,train
393,train
394,calibration
395,calibration
396,train
397,train
398,train
399,test
400,calibration
401,train
402,calibration
403,calibration
404,train
405,test
406,calibration
407,calibration
408,train
409,train
410,test
411,train
412,calibration
413,calibration
414,train
415,train
416,calibration
417,calibration
418,train
419,test
420,train
421,test
422,train
423,calibration
424,calibration
425,train
426,train
427,test
428,calibration
429,train
430,train
431,calibration
432,test
433,calibration
434,test
435,train
436,calibration
437,train
438,calibration
439,train
440,calibration
441,train
442,train
443,calibration
444,train
445,train
446,train
447,calibration
448,train
449,train
450,train
451,calibration
452,calibration
453,train
454,train
455,calibration
456,test
457,train
458,train
459,calibration
460,test
461,calibration
462,train
463,train
464,test
465,train
466,train
467,calibration
468,train
469,train
470,train
471,test
472,train
473,train
474,train
475,test
476,train
477,calibration
478,calibration
479,train
480,train
481,calibration
482,calibration
483,calibration
484,calibration
485,calibration
486,calibration
487,train
488,train
489,calibration
490,train
491,train
492,train
493,calibration
494,train
495,train
496,calibration
497,train
498,test
499,test
500,train
501,train
502,calibration
503,train
504,train
505,test
506,train
507,train
508,calibration
509,calibration
510,train
511,calibration
512,calibration
513,train
514,train
515,train
516,calibration
517,train
518,calibration
519,test
520,train
521,test
522,calibration
523,calibration
524,train
525,train
526,train
527,train
528,train
529,test
530,train
531,test
532,train
533,train
534,calibration
535,calibration
536,calibration
537,train
538,calibration
539,calibration
540,test
541,train
542,test
543,test
544,train
545,train
546,test
547,train
548,train
549,train
550,train
551,calibration
552,calibration
553,test
554,test
555,train
556,test
557,calibration
558,calibration
559,calibration
560,train
561,train
562,test
563,train
564,train
565,train
566,calibration
567,train
568,train
569,test
570,train
571,calibration
572,train
573,test
574,train
575,train
576,test
577,train
578,calibration
579,calibration
580,train
581,calibration
582,train
583,calibration
584,train
585,train
586,test
587,calibration
588,calibration
589,test
590,calibration
591,calibration
592,test
593,test
594,train
595,train
596,train
597,calibration
598,test
599,train
600,train
601,test
602,train
603,train
604,train
605,train
606,train
607,calibration
608,calibration
609,calibration
610,train
611,calibration
612,train
613,calibration
614,train
615,calibration
616,train
617,train
618,train
619,test
620,train
621,calibration
622,train
623,train
624,calibration
625,test
626,train
627,train
628,calibration
629,train
630,train
631,train
632,calibration
633,test
634,train
635,train
636,calibration
637,train
638,test
639,calibration
640,train
641,train
642,train
643,train
644,train
645,train
646,calibration
647,train
648,test
649,test
650,train
651,test
652,calibration
653,test
654,test
655,train
656,train
657,test
658,calibration
659,calibration
660,calibration
661,calibration
662,train
663,train
664,test
665,calibration
666,train
667,train
668,test
669,calibration
670,train
671,train
672,calibration
673,calibration
674,train
675,train
676,calibration
677,calibration
678,test
679,train
680,test
681,calibration
682,test
683,train
684,train
685,test
686,test
687,train
688,calibration
689,train
690,test
691,train
692,train
693,train
694,train
695,train
696,train
697,calibration
698,train
699,train
700,train
701,calibration
702,calibration
703,train
704,train
705,test
706,train
707,test
708,train
709,calibration
710,train
711,train
712,calibration
713,train
714,train
715,train
716,train
717,test
718,test
719,train
720,train
721,train
722,test
723,calibration
724,train
725,calibration
726,test
727,train
728,calibration
729,calibration
730,calibration
731,train
732,calibration
733,test
734,train
735,test
736,test
737,train
738,train
739,train
740,calibration
741,calibration
742,calibration
743,train
744,train
745,test
746,train
747,train
748,test
749,train
750,train
751,train
752,train
753,train
754,train
755,test
756,train
757,train
758,train
759,calibration
760,calibration
761,train
762,train
763,calibration
764,train
765,train
766,train
767,calibration
768,train
769,train
770,train
771,calibration
772,calibration
773,train
774,train
775,calibration
776,calibration
777,train
778,calibration
779,calibration
780,test
781,train
782,calibration
783,calibration
784,train
785,calibration
786,train
787,calibration
788,test
789,test
790,test
791,train
792,train
793,calibration
794,train
795,train
796,train
797,train
798,test
799,train
800,train
801,train
802,calibration
803,train
804,test
805,train
806,train
807,train
808,calibration
809,train
810,train
811,test
812,calibration
813,test
814,calibration
815,calibration
816,train
817,calibration
818,calibration
819,train
820,train
821,calibration
822,calibration
823,calibration
824,test
825,calibration
826,test
827,train
828,calibration
829,train
830,calibration
831,calibration
832,train
833,calibration
834,test
835,calibration
836,train
837,calibration
838,train
839,calibration
840,train
841,test
842,test
843,test
844,test
845,test
846,calibration
847,test
848,train
849,calibration
850,train
851,test
852,train
853,test
854,train
855,train
856,train
857,train
858,train
859,train
860,train
861,train
862,train
863,calibration
864,calibration
865,calibration
866,calibration
867,test
868,train
869,train
870,calibration
871,test
872,test
873,train
874,test
875,test
876,train
877,train
878,train
879,train
880,train
881,train
882,train
883,train
884,train
885,test
886,train
887,calibration
888,train
889,calibration
890,train
891,train
892,train
893,train
894,train
895,calibration
896,calibration
897,calibration
898,test
899,calibration
900,train
901,train
902,train
903,train
904,test
905,calibration
906,train
907,train
908,train
909,train
910,train
911,train
912,train
913,train
914,test
915,test
916,calibration
917,test
918,calibration
919,train
920,calibration
921,train
922,test
923,train
924,calibration
925,calibration
926,train
927,train
928,calibration
929,calibration
930,calibration
931,train
932,train
933,calibration
934,train
935,train
936,train
937,train
938,calibration
939,train
940,test
941,test
942,test
943,train
944,test
945,train
946,test
947,train
948,test
949,train
950,train
951,train
952,test
953,train
954,calibration
955,train
956,calibration
957,test
958,train
959,train
960,test
961,train
962,train
963,calibration
964,calibration
965,train
966,calibration
967,test
968,calibration
969,train
970,train
971,calibration
972,train
973,train
974,test
975,test
976,train
977,test
978,test
979,test
980,test
981,calibration
982,train
983,test
984,train
985,test
986,train
987,test
988,train
989,calibration
990,test
991,calibration
992,test
993,calibration
994,train
995,calibration
996,train
997,calibration
998,test
999,calibration
1000,calibration
1001,train
1002,train
1003,train
1004,test
1005,calibration
1006,calibration
1007,calibration
1008,test
1009,calibration
1010,test
1011,test
1012,test
1013,calibration
1014,train
1015,train
1016,calibration
1017,train
1018,train
1019,calibration
1020,train
1021,train
1022,calibration
1023,calibration
1024,train
1025,test
1026,calibration
1027,calibration
1028,train
1029,test
1030,train
1031,calibration
1032,test
1033,test
1034,calibration
1035,calibration
1036,train
1037,train
1038,calibration
1039,test
1040,test
1041,test
1042,train
1043,calibration
1044,train
1045,train
1046,calibration
1047,calibration
1048,train
1049,calibration
1050,train
1051,test
1052,train
1053,test
1054,calibration
1055,train
1056,train
1057,train
1058,train
1059,calibration
1060,test
1061,calibration
1062,train
1063,train
1064,calibration
1065,test
1066,train
1067,calibration
1068,test
1069,train
1070,test
1071,calibration
1072,train
1073,calibration
1074,calibration
1075,test
1076,train
1077,train
1078,train
1079,train
1080,train
1081,train
1082,calibration
1083,test
1084,test
1085,test
1086,calibration
1087,calibration
1088,train
1089,test
1090,test
1091,train
1092,test
1093,test
1094,train
1095,calibration
1096,test
1097,test
1098,train
1099,calibration
1100,test
1101,calibration
1102,train
1103,calibration
1104,calibration
1105,test
1106,train
1107,calibration
1108,calibration
1109,test
1110,train
1111,train
1112,train
1113,train
1114,train
1115,train
1116,calibration
1117,train
1118,train
1119,calibration
1120,calibration
1121,calibration
1122,calibration
1123,train
1124,train
1125,calibration
1126,train
1127,train
1128,test
1129,train
1130,test
1131,train
1132,train
1133,train
1134,calibration
1135,calibration
1136,train
1137,train
1138,train
1139,train
1140,train
1141,train
1142,train
1143,calibration
1144,train
1145,calibration
1146,calibration
1147,calibration
1148,train
1149,train
1150,calibration
1151,test
1152,train
1153,test
1154,train
1155,calibration
1156,test
1157,train
1158,train
1159,calibration
1160,train
1161,calibration
1162,test
1163,train
1164,train
1165,train
1166,calibration
1167,train
1168,test
1169,calibration
1170,test
1171,train
1172,train
1173,train
1174,train
1175,train
1176,calibration
1177,calibration
1178,train
1179,train
1180,train
1181,calibration
1182,test
1183,calibration
1184,test
1185,calibration
1186,calibration
1187,train
1188,test
1189,train
1190,calibration
1191,train
1192,train
1193,train
1194,train
1195,train
1196,calibration
1197,train
1198,calibration
1199,test
1200,train
1201,test
1202,calibration
1203,train
1204,calibration
1205,train
1206,calibration
1207,train
1208,train
1209,train
1210,train
1211,test
1212,calibration
1213,train
1214,train
1215,calibration
1216,train
1217,train
1218,test
1219,train
1220,train
1221,train
1223,train
1224,train
1225,test
1226,test
1227,calibration
1228,calibration
1229,train
1230,calibration
1231,calibration
1232,train
1233,test
1234,calibration
1235,train
1236,train
1237,test
1238,train
1239,train
1240,test
1241,calibration
1242,calibration
1243,test
1244,train
1245,train
1246,train
1247,calibration
1248,calibration
1249,test
1250,train
1251,train
1252,train
1253,test
1254,train
1255,train
1256,calibration
1257,train
1258,train
1259,calibration
1260,calibration
1261,calibration
1262,train
1263,train
1264,test
1265,train
1266,train
1267,test
1268,train
1269,calibration
1270,train
1271,calibration
1272,calibration
1273,train
1274,test
1275,test
1276,test
1277,calibration
1278,test
1279,calibration
1280,train
1281,train
1282,calibration
1283,test
1284,test
1285,calibration
1286,train
1287,train
1288,test
1289,train
1290,calibration
1291,train
1292,test
1293,calibration
1294,train
1295,calibration
1296,calibration
1297,train
1298,train
1299,train
1300,train
1301,test
1302,test
1304,calibration
1305,calibration
1306,calibration
1307,calibration
1308,train
1309,train
1310,train
1311,test
1312,calibration
1313,test
1314,train
1315,calibration
1316,test
1317,test
1318,train
1319,train
1320,train
1321,train
1322,train
1323,test
1324,train
1325,train
1326,calibration
1327,calibration
1328,test
1329,test
1330,train
1331,calibration
1332,train
1333,calibration
1334,test
1335,test
1336,test
1337,train
1338,calibration
1339,train
1340,test
1341,test
1342,train
1343,train
1344,test
1345,train
1346,test
1347,test
1348,test
1349,train
1350,train
1351,train
1352,test
1353,train
1354,train
1355,train
1356,test
1357,train
1358,calibration
1359,train
1360,train
1361,calibration
1362,train
1363,train
1364,test
1365,calibration
1366,train
1367,test
1368,train
1369,train
1370,train
1371,test
1372,calibration
1373,test
1374,calibration
1375,calibration
1376,train
1377,calibration
1378,calibration
1379,train
1380,train
1381,test
1382,test
1383,test
1384,calibration
1385,train
1386,train
1387,test
1388,train
1389,train
1390,calibration
1391,calibration
1392,test
1393,train
1394,test
1395,train
1396,train
1397,calibration
1398,train
1399,train
1400,train
1401,calibration
1402,train
1403,train
1404,train
1405,test
1406,test
1407,train
1408,test
1409,calibration
1410,train
1411,train
1412,calibration
1413,train
1414,train
1415,calibration
1416,calibration
1417,train
1418,calibration
1419,train
1420,train
1421,train
1422,test
1423,train
1424,calibration
1425,train
1426,train
1427,train
1428,test
1429,test
1430,test
1431,test
1432,test
1433,calibration
1434,calibration
1435,train
1436,test
1437,train
1439,train
1440,calibration
1441,train
1442,calibration
1443,calibration
1444,train
1445,train
1446,train
1447,calibration
1448,calibration
1449,calibration
1450,train
1451,test
1452,test
1453,train
1454,calibration
1455,train
1456,calibration
1457,calibration
1458,calibration
1459,calibration
1460,train
1461,calibration
1462,calibration
1463,train
1464,calibration
1465,train
1466,calibration
1467,train
1468,train
1469,calibration
1470,calibration
1471,train
1472,train
1473,train
1474,train
1475,calibration
1476,train
1477,train
1478,test
1479,train
1480,train
1481,train
1482,train
1483,test
1484,calibration
1485,train
1486,train
1487,train
1488,calibration
1489,calibration
1490,train
1491,train
1492,calibration
1493,train
1494,calibration
1495,train
1496,train
1497,train
1498,train
1499,train
1500,calibration
1501,train
1502,train
1503,train
1504,train
1505,test
1506,calibration
1507,test
1508,train
1509,calibration
1510,calibration
1511,train
1512,test
1513,train
1514,calibration
1515,train
1516,train
1517,calibration
1518,calibration
1519,calibration
1520,calibration
1521,test
1522,train
1523,train
1524,calibration
1525,train
1526,train
1527,test
1528,calibration
1529,train
1530,test
1531,train
1532,calibration
1533,calibration
1534,train
1535,train
1536,calibration
1537,calibration
1538,calibration
1539,train
1540,test
1541,test
1542,calibration
1543,train
1544,train
1545,calibration
1546,test
1547,calibration
1548,train
1549,train
1550,calibration
1551,train
1552,train
1553,calibration
1554,calibration
1555,calibration
1556,calibration
1557,train
1558,calibration
1559,train
1560,train
1561,train
1562,train
1563,train
1564,test
1565,train
1566,calibration
1567,test
1568,calibration
1569,train
1570,test
1571,test
1572,train
1573,train
1574,train
1575,train
1576,calibration
1577,test
1578,train
1579,calibration
1580,train
1581,calibration
1582,train
1583,calibration
1584,calibration
1585,train
1586,train
1587,test
1588,calibration
1589,test
1590,train
1591,calibration
1592,calibration
1593,test
1594,calibration
1595,train
1596,calibration
1597,train
1598,calibration
1599,calibration
1600,calibration
1601,train
1602,calibration
1603,test
1604,train
1605,train
1606,calibration
1607,train
1608,test
1609,calibration
1610,train
1611,calibration
1612,calibration
1613,train
1614,train
1615,train
1616,train
1617,calibration
1618,train
1619,test
1620,train
1621,train
1622,train
1623,train
1624,calibration
1625,test
1626,train
1627,test
1628,train
1629,test
1630,train
1631,calibration
1632,test
1633,test
1634,calibration
1635,calibration
1636,calibration
1637,train
1638,train
1639,test
1640,calibration
1641,train
1642,train
1643,train
1644,train
1645,calibration
1646,train
1647,train
1648,train
1649,train
1650,train
1651,train
1652,test
1653,test
1654,train
1655,test
1656,calibration
1657,calibration
1658,calibration
1659,train
1660,calibration
1661,train
1662,calibration
1663,calibration
1664,train
1665,train
1666,calibration
1667,test
1668,calibration
1669,calibration
1670,test
1671,train
1672,test
1673,test
1674,calibration
1675,train
1676,train
1677,train
1678,calibration
1679,train
1680,train
1681,test
1682,calibration
1683,calibration
1684,train
1685,test
1686,test
1687,train
1688,test
1689,test
1690,calibration
1691,train
1692,train
1693,calibration
1694,test
1695,test
1696,train
1697,test
1698,train
1699,calibration
1700,calibration
1701,train
1702,train
1703,calibration
1704,test
1705,train
1706,calibration
1707,train
1708,calibration
1709,test
1710,train
1711,train
1712,test
1713,test
1714,train
1715,calibration
1716,test
1717,calibration
1718,calibration
1719,train
1720,train
1721,calibration
1722,train
1723,train
1724,train
1725,calibration
1726,train
1727,test
1728,test
1729,calibration
1730,test
1731,test
1732,train
1733,train
1734,calibration
1735,test
1736,test
1737,train
1738,calibration
1739,train
1740,train
1741,test
1742,test
1743,calibration
1744,train
1745,calibration
1746,train
1747,train
1748,train
1750,train
1751,calibration
1752,train
1753,calibration
1754,test
1755,calibration
1756,calibration
1757,test
1758,test
1759,test
1760,calibration
1761,train
1762,test
1763,train
1764,train
1765,train
1766,calibration
1767,calibration
1768,calibration
1769,train
1770,train
1771,train
1772,calibration
1773,calibration
1774,calibration
1775,train
1776,train
1777,train
1778,calibration
1779,calibration
1780,train
1781,calibration
1782,train
1783,train
1784,test
1785,train
1786,test
1787,test
1788,train
1789,train
1790,calibration
1791,calibration
1792,train
1793,train
1794,train
1795,test
1796,calibration
1797,train
1798,train
1799,train
1800,train
1801,calibration
1802,train
1803,test
1804,train
1805,calibration
1806,calibration
1807,train
1808,calibration
1809,train
1810,calibration
1811,test
1812,train
1813,test
1814,train
1815,test
1816,test
1817,test
1818,calibration
1819,train
1820,calibration
1821,train
1822,train
1823,train
1824,train
1825,test
1826,train
1827,calibration
1828,train
1829,train
1830,calibration
1831,train
1832,train
1833,train
1834,test
1835,calibration
1836,calibration
1837,calibration
1838,train
1839,calibration
1840,train
1841,train
1842,calibration
1843,train
1844,train
1845,train
1846,train
1847,test
1848,train
1849,train
1850,train
1851,test
1852,train
1853,test
1854,test
1855,calibration
1856,calibration
1857,test
1858,calibration
1859,test
1860,train
1861,train
1862,calibration
1863,train
1864,calibration
1865,test
1866,calibration
1867,train
1868,train
1869,train
1870,train
1871,test
1872,train
1873,calibration
1874,train
1875,calibration
1876,calibration
1877,calibration
1878,test
1879,calibration
1880,calibration
1881,train
1882,train
1883,test
1884,calibration
1885,train
1886,train
1887,train
1888,train
1889,calibration
1890,calibration
1891,calibration
1892,train
1893,test
1894,train
1895,calibration
1896,test
1897,train
1898,test
1899,train
1900,test
1901,calibration
1902,train
1903,train
1904,train
1905,train
1906,calibration
1907,test
1908,test
1909,test
1910,calibration
1911,train
1912,calibration
1913,train
1914,train
1915,train
1916,train
1917,train
1918,test
1919,calibration
1920,test
1921,calibration
1922,train
1923,test
1924,train
1925,calibration
1926,train
1927,calibration
1928,train
1929,calibration
1930,test
1931,calibration
1932,calibration
1933,train
1934,train
1935,calibration
1936,train
1937,train
1938,calibration
1939,train
1940,train
1941,train
1942,test
1943,train
1944,calibration
1945,train
1946,train
1947,train
1948,train
1949,calibration
1950,test
1951,train
1952,train
1953,train
1954,train
1955,train
1956,train
1957,train
1958,train
1959,train
1960,train
1961,test
1962,train
1963,test
1964,train
1965,train
1966,train
1967,train
1968,test
1969,test
1970,calibration
1971,train
1972,test
1973,calibration
1974,train
1975,train
1976,train
1977,train
1978,train
1979,train
1980,test
1981,calibration
1982,test
1983,calibration
1984,train
1985,test
1986,test
1987,train
1988,test
1989,calibration
1990,calibration
1991,train
1992,calibration
1993,train
1994,test
1995,calibration
1996,train
1997,test
1998,calibration
1999,train
2000,calibration
2001,train
2002,train
2003,test
2004,train
2005,test
2006,calibration
2007,train
2008,train
2009,calibration
2010,train
2011,calibration
2012,train
2013,calibration
2014,train
2015,test
2016,train
2017,train
2018,calibration
2019,train
2020,train
2021,calibration
2022,train
2023,train
2024,calibration
2025,train
2026,test
2027,test
2028,train
2029,calibration
2030,train
2031,calibration
2032,train
2033,test
2034,train
2035,calibration
2036,train
2037,test
2038,calibration
2039,train
2040,train
2041,calibration
2042,calibration
2043,test
2044,calibration
2045,calibration
2046,calibration
2047,test
2048,calibration
2049,train
2050,train
2051,test
2052,train
2053,calibration
2054,test
2055,test
2056,train
2057,test
2058,train
2059,train
2060,calibration
2061,train
2062,train
2063,train
2064,train
2065,train
2066,train
2067,calibration
2068,train
2069,train
2070,calibration
2071,calibration
2072,train
2074,calibration
2075,train
2076,calibration
2077,calibration
2078,train
2079,train
2080,train
2081,train
2082,calibration
2083,train
2084,train
2085,test
2086,train
2087,train
2088,train
2089,train
2090,train
2091,test
2092,test
2093,calibration
2094,train
2095,train
2096,train
2097,train
2098,calibration
2099,train
2100,train
2101,train
2102,test
2103,train
2104,train
2105,train
2106,calibration
2107,test
2108,test
2109,test
2110,test
2111,train
2112,train
2113,calibration
2114,train
2115,test
2116,train
2117,train
2118,calibration
2119,test
2120,calibration
2121,calibration
2122,train
2123,test
2124,test
2125,train
2126,test
2127,train
2128,calibration
2129,calibration
2130,calibration
2131,test
2132,train
2133,calibration
2134,test
2135,train
2136,calibration
2137,train
2138,train
2139,test
2140,train
2141,train
2142,test
2143,calibration
2144,train
2145,train
2146,train
2147,train
2148,train
2149,train
2150,calibration
2151,train
2152,train
2153,train
2154,calibration
2155,train
2156,calibration
2157,train
2158,train
2159,train
2160,calibration
2161,train
2162,test
2163,train
2164,train
2165,test
2166,test
2167,test
2168,train
2169,calibration
2170,train
2171,train
2172,train
2173,train
2174,test
2175,train
2176,train
2177,test
2178,train
2179,calibration
2180,calibration
2181,test
2182,calibration
2183,calibration
2184,train
2185,calibration
2186,test
2187,train
2188,train
2189,calibration
2190,train
2191,calibration
2192,train
2193,calibration
2194,calibration
2195,train
2196,train
2197,test
2198,test
2199,train
2200,test
2201,calibration
2202,test
2203,calibration
2204,test
2205,train
2206,train
2207,calibration
2208,train
2209,train
2210,train
2211,train
2212,calibration
2213,calibration
2214,calibration
2215,calibration
2216,train
2217,test
2218,train
2219,calibration
2220,calibration
2221,train
2222,calibration
2223,test
2224,train
2225,calibration
2226,train
2227,train
2228,train
2229,train
2230,train
2231,train
2232,calibration
2233,train
2234,train
2235,train
2236,train
2237,train
2238,train
2239,train
2240,train
2241,train
2242,test
2243,train
2244,train
2245,train
2246,calibration
2247,train
2248,train
2249,calibration
2250,train
2251,train
2252,calibration
2253,test
2254,train
2255,test
2256,test
2257,train
2258,calibration
2259,calibration
2260,calibration
2261,test
2262,train
2263,test
2264,calibration
2265,train
2266,test
2267,test
2268,test
2269,train
2270,train
2271,calibration
2272,train
2273,train
2274,calibration
2275,test
2276,calibration
2277,train
2278,train
2279,train
2280,train
2281,calibration
2282,test
2283,calibration
2284,calibration
2285,train
2286,train
2287,train
2288,train
2289,train
2290,calibration
2291,train
2292,train
2293,calibration
2294,train
2295,calibration
2296,train
2297,calibration
2298,train
2299,train
2300,train
2301,train
2302,train
2303,train
2304,train
2305,train
2306,train
2307,test
2308,train
2309,train
2310,train
2311,train
2312,calibration
2313,calibration
2314,train
2315,train
2316,calibration
2317,calibration
2318,train
2319,test
2320,calibration
2321,train
2322,train
2323,calibration
2324,calibration
2325,calibration
2326,train
2327,calibration
2328,train
2329,test
2330,train
2331,calibration
2332,train
2333,train
2334,calibration
2335,train
2336,calibration
2337,train
2338,train
2339,calibration
2340,train
2341,train
2342,calibration
2343,train
2344,test
2345,train
2346,train
2347,calibration
2348,calibration
2349,train
2350,train
2351,train
2352,calibration
2353,calibration
2354,calibration
2355,test
2356,calibration
2357,train
2358,train
2359,train
2360,train
2361,train
2362,train
2363,calibration
2364,train
2365,train
2366,train
2367,train
2368,train
2369,calibration
2370,train
2371,train
2372,calibration
2373,train
2374,calibration
2375,train
2376,calibration
2377,calibration
2378,train
2379,calibration
2380,calibration
2381,calibration
2382,train
2383,calibration
2384,train
2385,calibration
2386,train
2387,train
2388,test
2389,train
2390,calibration
2391,train
2392,train
2393,test
2394,train
2395,train
2396,calibration
2397,train
2398,calibration
2399,calibration
2400,test
2401,train
2402,test
2403,train
2404,train
2405,train
2406,train
2407,train
2408,train
2409,test
2410,train
2411,calibration
2412,train
2413,train
2414,calibration
2415,test
2416,train
2417,train
2418,test
2419,test
2420,train
2421,train
2422,test
2423,calibration
2424,train
2425,test
2426,test
2427,test
2428,train
2429,train
2430,calibration
2431,train
2432,test
2433,train
2434,calibration
2435,test
2436,calibration
2437,train
2438,test
2439,train
2440,train
2441,calibration
2442,train
2443,train
2444,calibration
2445,test
2446,train
2447,calibration
2448,calibration
2449,test
2450,test
2451,test
2452,train
2453,test
2454,train
2455,train
2456,train
2457,calibration
2458,test
2459,calibration
2460,train
2461,test
2462,train
2463,train
2464,test
2465,train
2466,train
2467,calibration
2468,train
2469,test
2470,train
2471,test
2472,train
2473,train
2474,calibration
2475,train
2476,test
2477,train
2478,train
2479,test
2480,train
2481,train
2482,calibration
2483,train
2484,train
2485,train
2486,train
2487,test
2488,calibration
2489,test
2490,calibration
2491,calibration
2492,calibration
2493,test
2494,calibration
2495,test
2496,test
2497,test
2498,train
2499,test
2500,train
2501,train
2502,test
2503,test
2504,train
2505,calibration
2506,calibration
2507,train
2508,train
2509,calibration
2510,train
2511,train
2512,train
2513,test
2514,train
2515,train
2516,calibration
2517,calibration
2518,calibration
2519,train
2520,train
2521,train
2522,calibration
2523,train
2524,test
2525,train
2526,calibration
2527,train
2528,train
2529,train
2530,calibration
2531,calibration
2532,train
2533,calibration
2534,train
2535,calibration
2536,test
2537,calibration
2538,train
2539,test
2540,train
2541,calibration
2542,test
2543,calibration
2544,test
2545,test
2546,train
2547,train
2548,train
2549,test
2550,calibration
2551,calibration
2552,test
2553,train
2554,train
2555,calibration
2556,train
2557,train
2558,train
2559,test
2561,train
2562,test
2563,train
2564,test
2565,train
2566,calibration
2567,calibration
2568,train
2569,train
2570,train
2571,train
2572,test
2573,test
2574,calibration
2575,test
2576,calibration
2577,train
2578,train
2579,train
2580,train
2581,calibration
2582,calibration
2583,test
2584,calibration
2585,train
2586,calibration
2587,train
2588,train
2589,calibration
2590,train
2591,calibration
2592,train
2593,train
2594,calibration
2595,train
2596,train
2597,train
2598,train
2599,train
2600,calibration
2601,train
2602,train
2603,train
2604,calibration
2605,test
2606,calibration
2607,train
2608,train
2609,train
2610,train
2611,test
2612,test
2613,calibration
2614,test
2615,train
2616,train
2617,train
2618,test
2619,train
2620,train
2621,train
2622,train
2623,calibration
2624,test
2625,calibration
2626,calibration
2627,calibration
2628,calibration
2629,train
2630,test
2631,calibration
2632,calibration
2633,test
2634,train
2635,test
2636,train
2637,test
2638,calibration
2639,train
2640,calibration
2641,train
2642,train
2643,calibration
2644,calibration
2645,train
2646,test
2647,train
2648,train
2649,train
2650,train
2651,train
2652,calibration
2653,calibration
2654,train
2655,train
2656,calibration
2657,calibration
2658,calibration
2659,calibration
2660,calibration
2661,calibration
2662,train
2663,test
2664,calibration
2665,train
2666,test
2667,train
2668,train
2669,train
2670,train
2671,train
2672,train
2673,test
2674,train
2675,test
2676,calibration
2677,train
2678,test
2679,calibration
2680,train
2681,train
2682,calibration
2683,calibration
2684,calibration
2685,calibration
2686,train
2687,train
2688,train
2689,train
2690,train
2691,calibration
2692,train
2693,train
2694,calibration
2695,calibration
2696,train
2697,train
2698,calibration
2699,calibration
2700,calibration
2701,train
2702,train
2703,train
2704,calibration
2705,test
2706,test
2707,calibration
2708,calibration
2709,test
2710,test
2711,test
2712,calibration
2713,train
2714,train
2715,calibration
2716,calibration
2717,train
2718,calibration
2719,test
2720,calibration
2721,calibration
2722,train
2723,train
2724,train
2725,train
2726,calibration
2727,calibration
2728,calibration
2729,train
2730,train
2731,train
2732,calibration
2733,train
2734,train
2735,test
2736,train
2737,calibration
2738,train
2739,test
2740,calibration
2741,test
2742,calibration
2743,train
2744,train
2745,train
2746,train
2747,train
2748,test
2749,calibration
2751,calibration
2752,train
2753,train
2754,test
2755,calibration
2756,test
2757,calibration
2758,train
2759,calibration
2760,train
2761,train
2762,train
2763,train
2764,train
2765,calibration
2766,calibration
2767,train
2768,calibration
2769,test
2770,train
2771,train
2772,calibration
2773,train
2774,calibration
2775,calibration
2776,train
2777,train
2778,train
2779,test
2780,train
2781,train
2782,calibration
2783,calibration
2784,test
2785,calibration
2786,train
2787,test
2788,test
2789,test
2790,calibration
2791,calibration
2792,calibration
2793,test
2794,train
2795,test
2796,test
2797,calibration
2798,calibration
2799,train
2800,calibration
2801,train
2802,train
2803,train
2804,train
2805,train
2806,calibration
2807,test
2808,train
2809,test
2810,test
2811,train
2812,test
2813,train
2814,test
2815,test
2816,test
2817,calibration
2818,train
2819,train
2820,test
2821,test
2822,train
2823,train
2824,train
2825,calibration
2826,calibration
2827,train
2828,test
2829,train
2830,train
2831,train
2832,train
2833,calibration
2834,train
2835,train
2836,calibration
2837,train
2838,train
2839,train
2840,train
2841,calibration
2842,train
2843,train
2844,test
2845,train
2846,calibration
2847,train
2848,test
2849,train
2850,test
2851,calibration
2852,train
2853,train
2854,train
2855,test
2856,train
2857,calibration
2858,test
2859,train
2860,train
2861,train
2862,train
2863,test
2864,calibration
2865,calibration
2866,calibration
2867,calibration
2868,test
2869,train
2870,train
2871,test
2872,calibration
2873,calibration
2874,train
2875,test
2876,calibration
2877,calibration
2878,calibration
2879,train
2880,test
2881,train
2882,train
2883,calibration
2884,train
2885,test
2886,calibration
2887,test
2888,calibration
2889,train
2890,test
2891,calibration
2892,calibration
2893,test
2894,calibration
2895,train
2896,test
2897,calibration
2898,train
2899,train
2900,train
2901,calibration
2902,test
2903,test
2904,train
2905,calibration
2906,calibration
2907,train
2908,train
2909,test
2910,calibration
2911,test
2912,train
2913,train
2914,calibration
2915,train
2916,train
2917,test
2918,test
2919,calibration
2920,train
2921,train
2922,train
2923,test
2924,train
2925,train
2926,train
2927,train
2928,test
2929,calibration
2930,train
2931,test
2932,train
2933,train
2934,train
2935,calibration
2936,calibration
2937,train
2938,train
2939,train
2940,train
2941,train
2942,train
2943,test
2944,train
2945,train
2946,test
2947,train
2948,train
2949,test
2950,calibration
2951,test
2952,test
2953,train
2954,calibration
2955,test
2956,calibration
2957,train
2958,test
2959,train
2960,train
2961,train
2962,train
2963,train
2964,train
2965,calibration
2966,calibration
2967,train
2968,train
2969,test
2970,train
2971,test
2972,train
2973,train
2974,calibration
2975,train
2976,test
2977,train
2978,test
2979,calibration
2980,train
2981,train
2982,calibration
2983,calibration
2984,calibration
2985,train
2986,train
2987,train
2988,train
2989,train
2990,calibration
2991,test
2992,train
2993,train
2994,test
2995,calibration
2996,calibration
2997,train
2998,calibration
2999,calibration
3000,test
3001,test
3002,calibration
3003,train
3004,test
3005,calibration
3006,train
3007,calibration
3008,train
3009,train
3010,train
3011,train
3012,test
3013,train
3014,calibration
3015,calibration
3016,calibration
3017,train
3018,train
3019,test
3020,calibration
3021,train
3022,train
3023,calibration
3024,train
3025,calibration
3026,train
3027,calibration
3028,test
3029,train
3030,train
3031,calibration
3032,test
3033,train
3034,calibration
3035,train
3036,calibration
3037,calibration
3038,calibration
3039,train
3040,test
3041,test
3042,train
3043,test
3044,calibration
3045,train
3046,train
3047,train
3048,train
3049,test
3050,calibration
3051,test
3052,calibration
3053,train
3054,calibration
3055,train
3056,calibration
3057,test
3058,test
3059,train
3060,train
3061,train
3062,calibration
3063,calibration
3064,calibration
3065,test
3067,train
3068,train
3069,calibration
3070,train
3071,train
3072,test
3073,train
3074,train
3075,train
3076,train
3077,train
3078,train
3079,calibration
3080,calibration
3081,train
3082,calibration
3083,train
3084,calibration
3085,train
3086,train
3087,test
3088,train
3089,train
3090,train
3091,train
3092,test
3093,train
3094,calibration
3095,train
3096,calibration
3097,train
3098,test
3099,calibration
3100,train
3101,train
3102,train
3103,test
3104,train
3105,test
3106,train
3107,train
3108,train
3109,calibration
3110,train
3111,test
3112,train
3113,test
3114,train
3115,calibration
3116,train
3117,calibration
3118,train
3119,calibration
3120,train
3121,train
3122,calibration
3123,test
3124,test
3125,test
3126,train
3127,train
3128,calibration
3129,test
3130,train
3131,train
3132,calibration
3133,calibration
3134,test
3135,train
3136,train
3137,test
3138,calibration
3139,test
3140,calibration
3141,calibration
3142,train
3143,calibration
3144,calibration
3145,test
3146,train
3147,train
3148,train
3149,calibration
3150,train
3151,test
3152,calibration
3153,train
3154,calibration
3155,calibration
3156,test
3157,train
3158,calibration
3159,train
3160,train
3161,calibration
3162,train
3163,train
3164,calibration
3165,test
3166,train
3167,test
3168,calibration
3169,train
3170,test
3171,train
3172,train
3173,calibration
3174,train
3175,train
3176,train
3177,test
3178,calibration
3179,train
3180,train
3181,test
3182,calibration
3183,test
3184,train
3185,calibration
3186,train
3187,calibration
3188,test
3189,calibration
3190,train
3191,train
3192,test
3193,calibration
3194,calibration
3195,train
3196,calibration
3197,train
3198,train
3199,calibration
3200,train
3201,test
3202,train
3203,train
3204,train
3205,train
3206,train
3207,train
3208,test
3209,train
3210,train
3211,train
3212,train
3213,calibration
3214,train
3215,calibration
3216,train
3217,train
3218,calibration
3219,calibration
3220,calibration
3221,train
3222,train
3223,train
3224,calibration
3225,test
3226,calibration
3227,train
3228,test
3229,calibration
3230,calibration
3231,test
3232,calibration
3233,train
3234,train
3235,train
3236,calibration
3237,train
3238,train
3239,train
3240,test
3241,calibration
3242,test
3243,calibration
3244,calibration
3245,calibration
3246,train
3247,calibration
3248,train
3249,train
3250,calibration
3251,calibration
3252,train
3253,train
3254,calibration
3255,test
3256,train
3257,calibration
3258,test
3259,test
3260,train
3261,train
3262,test
3263,test
3264,test
3265,train
3266,train
3267,calibration
3268,train
3269,train
3270,train
3271,train
3272,test
3273,calibration
3274,test
3275,train
3276,train
3277,calibration
3278,test
3279,calibration
3280,calibration
3281,calibration
3282,train
3283,train
3284,train
3285,train
3286,train
3287,train
3288,calibration
3289,train
3290,train
3291,train
3292,train
3293,calibration
3294,calibration
3295,train
3296,train
3297,train
3298,train
3299,calibration
3300,train
3301,train
3302,test
3303,train
3304,calibration
3305,calibration
3306,train
3307,train
3308,train
3309,test
3310,test
3311,test
3312,train
3313,calibration
3314,test
3315,train
3316,test
3317,train
3318,test
3319,train
3320,train
3321,train
3322,train
3323,calibration
3324,train
3325,test
3326,calibration
3327,test
3328,test
3329,calibration
3330,train
3331,calibration
3332,calibration
3333,train
3334,calibration
3335,test
3336,calibration
3337,train
3338,calibration
3339,train
3340,train
3341,train
3342,train
3343,calibration
3344,calibration
3345,calibration
3346,calibration
3347,train
3348,calibration
3349,train
3350,calibration
3351,train
3352,train
3353,test
3354,test
3355,train
3356,train
3357,train
3358,train
3359,calibration
3360,train
3361,test
3362,calibration
3363,train
3364,train
3365,train
3366,train
3367,train
3368,train
3369,train
3370,train
3371,train
3372,calibration
3373,train
3374,calibration
3375,calibration
3376,train
3377,calibration
3378,train
3379,train
3380,test
3381,train
3382,train
3383,test
3384,train
3385,calibration
3386,calibration
3387,train
3388,calibration
3389,test
3390,train
3391,train
3392,calibration
3393,test
3394,calibration
3395,calibration
3396,train
3397,train
3398,calibration
3399,test
3400,train
3401,train
3402,calibration
3403,train
3404,train
3405,train
3406,train
3407,calibration
3408,train
3409,train
3410,train
3411,train
3412,train
3413,test
3414,train
3415,train
3416,test
3417,train
3418,train
3419,test
3420,train
3421,train
3422,train
3423,calibration
3424,test
3425,calibration
3426,train
3427,test
3428,train
3429,train
3430,train
3431,test
3432,test
3433,train
3434,test
3435,calibration
3436,calibration
3437,calibration
3438,calibration
3439,train
3440,test
3441,train
3442,train
3443,test
3444,calibration
3445,test
3446,train
3447,train
3448,train
3449,train
3450,calibration
3451,calibration
3452,calibration
3454,test
3455,train
3456,train
3457,train
3458,train
3459,test
3460,train
3461,train
3462,test
3463,train
3464,test
3465,test
3466,calibration
3467,test
3468,train
3469,train
3470,train
3471,test
3472,train
3473,train
3474,train
3475,calibration
3476,train
3477,train
3478,train
3479,train
3480,test
3481,calibration
3482,test
3483,train
3484,calibration
3485,test
3486,calibration
3487,train
3488,calibration
3489,train
3490,calibration
3491,calibration
3492,train
3493,train
3494,train
3495,train
3496,train
3497,calibration
3498,train
3499,calibration
3500,train
3501,train
3502,train
3503,train
3504,calibration
3505,calibration
3506,train
3507,test
3508,test
3509,train
3510,test
3511,test
3512,train
3513,calibration
3514,train
3515,train
3516,calibration
3517,train
3518,test
3519,calibration
3520,train
3521,test
3522,calibration
3523,test
3524,train
3525,train
3526,train
3527,test
3528,train
3529,test
3530,train
3531,train
3532,train
3533,test
3534,train
3535,train
3536,calibration
3537,test
3538,train
3539,test
3540,calibration
3541,train
3542,train
3543,train
3544,test
3545,test
3546,test
3547,train
3548,calibration
3549,train
3550,calibration
3551,train
3552,train
3553,calibration
3554,train
3555,test
3556,train
3557,train
3558,train
3559,test
3560,calibration
3561,calibration
3562,calibration
3563,train
3564,train
3565,test
3566,calibration
3567,calibration
3568,train
3569,test
3570,train
3571,train
3572,train
3573,train
3574,train
3575,train
3576,train
3577,calibration
3578,test
3579,test
3580,calibration
3581,calibration
3582,train
3583,train
3584,test
3585,calibration
3586,train
3587,calibration
3588,calibration
3589,calibration
3590,test
3591,train
3592,train
3593,train
3594,calibration
3595,train
3596,calibration
3597,test
3598,train
3599,train
3600,test
3601,test
3602,calibration
3603,train
3604,test
3605,test
3606,train
3607,calibration
3608,train
3609,calibration
3610,train
3611,test
3612,train
3613,train
3614,calibration
3615,calibration
3616,calibration
3617,train
3618,calibration
3619,train
3620,train
3621,train
3622,calibration
3623,calibration
3624,calibration
3625,test
3626,test
3627,train
3628,train
3629,train
3630,train
3631,train
3632,train
3633,train
3634,calibration
3635,calibration
3636,train
3637,train
3638,train
3639,calibration
3640,calibration
3641,train
3642,train
3643,train
3644,test
3645,train
3646,train
3647,calibration
3648,test
3649,train
3650,calibration
3651,train
3652,calibration
3653,train
3654,calibration
3655,train
3656,test
3657,calibration
3658,train
3659,test
3660,calibration
3661,train
3662,train
3663,test
3664,train
3665,calibration
3666,train
3667,test
3668,train
3669,train
3670,train
3671,train
3672,train
3673,train
3674,test
3675,train
3676,test
3677,train
3678,calibration
3679,test
3680,train
3681,calibration
3682,train
3683,train
3684,calibration
3685,calibration
3686,calibration
3687,test
3688,train
3689,train
3690,test
3691,train
3692,test
3693,calibration
3694,test
3695,train
3696,train
3697,test
3698,calibration
3699,test
3700,calibration
3701,train
3702,calibration
3703,calibration
3704,train
3705,train
3706,train
3707,test
3708,train
3709,train
3710,calibration
3711,calibration
3712,train
3713,train
3714,calibration
3715,train
3716,test
3717,train
3718,train
3719,calibration
3720,train
3721,train
3722,train
3723,calibration
3724,test
3725,train
3726,test
3727,train
3728,train
3729,train
3730,test
3731,train
3732,test
3733,test
3734,train
3735,test
3736,calibration
3737,test
3738,train
3739,calibration
3740,calibration
3741,test
3742,calibration
3743,train
3744,train
3745,train
3746,train
3747,calibration
3748,calibration
3749,train
3750,train
3751,test
3752,train
3753,calibration
3754,train
3755,calibration
3756,train
3757,train
3758,train
3759,calibration
3760,calibration
3761,test
3762,train
3763,test
3764,calibration
3765,train
3766,train
3767,calibration
3768,calibration
3769,train
3770,test
3771,test
3772,train
3773,test
3774,test
3775,train
3776,calibration
3777,calibration
3778,train
3779,test
3780,train
3781,test
3782,calibration
3783,train
3784,train
3785,test
3786,train
3787,train
3788,test
3789,calibration
3790,train
3791,calibration
3792,train
3793,calibration
3794,train
3795,test
3796,test
3797,calibration
3798,train
3799,calibration
3800,train
3801,test
3802,train
3803,train
3804,train
3805,calibration
3806,train
3807,calibration
3808,train
3809,calibration
3810,test
3811,train
3812,train
3813,test
3814,test
3815,train
3816,test
3817,train
3818,train
3819,train
3820,train
3821,test
3822,train
3823,calibration
3824,train
3825,calibration
3826,train
3827,calibration
3828,test
3829,train
3830,train
3831,train
3832,test
3833,calibration
3834,train
3835,calibration
3836,calibration
3837,calibration
3838,test
3839,calibration
3840,train
3841,test
3842,train
3843,train
3844,test
3845,train
3846,train
3847,test
3848,calibration
3849,train
3850,train
3851,test
3852,calibration
3853,calibration
3854,calibration
3855,train
3856,calibration
3857,train
3858,train
3859,calibration
3860,test
3861,train
3862,train
3863,train
3864,test
3865,train
3866,train
3867,test
3868,calibration
3869,test
3870,train
3871,train
3872,test
3873,train
3874,train
3875,test
3876,calibration
3877,train
3878,train
3879,train
3880,train
3881,test
3882,train
3883,train
3884,test
3885,calibration
3886,train
3887,train
3888,train
3889,train
3890,train
3891,calibration
3892,train
3893,calibration
3894,test
3895,calibration
3896,train
3897,train
3898,train
3899,train
3900,train
3901,calibration
3902,train
3903,test
3904,train
3905,calibration
3906,train
3907,calibration
3908,train
3909,calibration
3910,calibration
3911,train
3912,calibration
3913,train
3914,calibration
3915,train
3916,test
3917,calibration
3918,test
3919,calibration
3920,test
3921,calibration
3922,calibration
3923,train
3924,test
3925,calibration
3926,train
3927,calibration
3928,train
3929,train
3930,calibration
3931,train
3932,train
3933,calibration
3934,train
3935,test
3936,calibration
3937,train
3938,calibration
3939,train
3940,calibration
3941,train
3942,calibration
3943,train
3944,train
3945,calibration
3946,train
3947,train
3948,calibration
3949,test
3950,calibration
3951,calibration
3952,train
3953,calibration
3954,test
3955,train
3956,train
3957,test
3958,calibration
3959,test
3960,calibration
3961,train
3962,calibration
3963,test
3964,calibration
3965,calibration
3966,train
3967,calibration
3968,calibration
3969,calibration
3970,train
3971,train
3972,test
3973,calibration
3974,test
3975,train
3976,train
3977,test
3978,train
3979,calibration
3980,calibration
3981,train
3982,test
3983,test
3984,calibration
3985,test
3986,train
3987,train
3988,calibration
3989,calibration
3990,train
3991,calibration
3992,test
3993,train
3994,train
3995,train
3996,calibration
3997,calibration
3998,train
3999,calibration
4000,train
4001,train
4002,train
4003,calibration
4004,calibration
4005,train
4006,calibration
4007,train
4008,calibration
4009,calibration
4010,test
4011,train
4012,calibration
4013,train
4014,train
4015,train
4016,test
4017,train
4018,train
4019,calibration
4020,train
4021,test
4022,calibration
4023,test
4024,train
4025,train
4026,calibration
4027,train
4028,train
4029,train
4030,train
4031,calibration
4032,train
4033,calibration
4034,train
4035,calibration
4036,test
4037,train
4038,test
4039,train
4040,train
4041,train
4042,train
4043,test
4044,train
4046,calibration
4047,train
4048,calibration
4049,calibration
4050,calibration
4051,calibration
4052,train
4053,calibration
4054,calibration
4055,train
4056,calibration
4057,train
4058,test
4059,calibration
4060,calibration
4061,train
4062,train
4063,train
4064,train
4065,train
4066,train
4067,test
4068,test
4069,train
4070,train
4071,calibration
4072,train
4073,test
4074,train
4075,calibration
4076,calibration
4077,calibration
4078,calibration
4079,calibration
4080,calibration
4081,train
4082,calibration
4083,calibration
4084,train
4085,calibration
4086,calibration
4087,calibration
4088,train
4089,train
4090,calibration
4091,calibration
4092,test
4093,train
4094,test
4095,train
4096,test
4097,calibration
4098,train
4099,train
4100,calibration
4101,calibration
4102,train
4103,train
4104,calibration
4105,calibration
4106,calibration
4107,test
4108,test
4109,train
4110,calibration
4111,train
4112,calibration
4113,train
4114,test
4115,train
4116,calibration
4117,train
4118,calibration
4119,calibration
4120,calibration
4121,train
4122,test
4123,test
4124,train
4125,test
4126,train
4127,train
4128,train
4129,train
4130,train
4131,train
4132,train
4133,train
4134,test
4135,train
4136,train
4137,calibration
4138,train
4139,train
4140,calibration
4141,calibration
4142,test
4143,calibration
4144,test
4145,train
4146,test
4147,train
4148,train
4149,test
4150,calibration
4151,train
4152,train
4153,train
4154,train
4155,calibration
4156,test
4157,train
4158,test
4159,train
4160,train
4161,train
4162,train
4163,train
4164,calibration
4165,calibration
4166,test
4167,calibration
4168,calibration
4169,test
4170,train
4171,test
4172,calibration
4173,train
4174,train
4175,train
4176,calibration
4177,train
4178,calibration
4179,calibration
4180,train
4181,calibration
4182,train
4183,train
4184,calibration
4185,calibration
4186,train
4187,calibration
4188,test
4189,train
4190,train
4191,train
4192,calibration
4193,calibration
4194,calibration
4195,train
4196,train
4197,train
4198,train
4199,train
4200,test
4201,train
4202,train
4203,train
4204,test
4205,train
4206,calibration
4207,calibration
4208,calibration
4209,train
4210,test
4211,train
4212,test
4213,train
4214,train
4215,train
4216,calibration
4217,calibration
4218,train
4219,calibration
4220,test
4221,calibration
4222,train
4223,calibration
4224,calibration
4225,train
4226,calibration
4227,train
4228,calibration
4229,calibration
4230,train
4231,test
4232,test
4233,calibration
4234,train
4235,calibration
4236,train
4237,calibration
4238,calibration
4239,test
4240,train
4241,calibration
4242,calibration
4243,calibration
4244,calibration
4245,train
4246,train
4247,calibration
4248,train
4249,train
4250,train
4251,test
4252,train
4253,train
4254,train
4255,calibration
4256,test
4257,calibration
4258,train
4259,calibration
4260,train
4261,train
4262,test
4263,calibration
4264,test
4265,train
4266,train
4267,train
4268,calibration
4269,calibration
4270,train
4271,calibration
4272,train
4273,test
4274,train
4275,train
4276,calibration
4277,train
4278,train
4279,train
4280,test
4281,test
4282,train
4283,calibration
4284,calibration
4285,test
4286,calibration
4287,calibration
4288,train
4289,calibration
4290,calibration
4291,train
4292,train
4293,train
4294,calibration
4295,calibration
4296,test
4297,train
4298,test
4299,train
4300,test
4301,test
4302,train
4303,train
4304,train
4305,test
4306,train
4307,train
4308,train
4309,test
4310,calibration
4311,calibration
4312,calibration
4313,calibration
4314,test
4315,train
4316,train
4317,train
4318,train
4319,calibration
4320,test
4321,calibration
4322,calibration
4323,test
4324,train
4325,calibration
4326,train
4327,calibration
4328,calibration
4329,train
4330,test
4331,calibration
4332,calibration
4333,calibration
4334,test
4335,train
4336,test
4337,test
4338,test
4339,train
4340,test
4341,calibration
4342,train
4343,train
4344,calibration
4345,train
4346,test
4347,train
4348,test
4349,train
4350,calibration
4351,train
4352,train
4353,train
4354,calibration
4355,train
4356,calibration
4357,calibration
4358,train
4359,test
4360,calibration
4361,test
4362,train
4363,train
4364,calibration
4365,train
4366,test
4367,train
4368,calibration
4369,test
4370,calibration
4371,train
4372,test
4373,calibration
4374,calibration
4375,test
4376,test
4377,train
4378,train
4379,train
4380,calibration
4381,train
4382,test
4383,calibration
4384,train
4385,train
4386,train
4387,train
4388,train
4389,test
4390,train
4391,calibration
4392,calibration
4393,test
4394,calibration
4395,test
4396,train
4397,train
4398,calibration
4399,train
4400,test
4401,train
4402,calibration
4403,test
4404,train
4405,calibration
4406,calibration
4407,test
4408,calibration
4409,calibration
4410,test
4411,train
4412,train
4413,train
4414,test
4415,test
4416,train
4417,train
4418,test
4419,train
4420,calibration
4421,calibration
4422,train
4423,train
4424,test
4425,calibration
4426,calibration
4427,train
4428,train
4429,calibration
4430,train
4431,test
4432,train
4433,calibration
4434,calibration
4435,calibration
4436,train
4437,train
4438,test
4439,train
4440,test
4441,train
4442,calibration
4443,train
4444,train
4445,calibration
4446,test
4447,train
4448,train
4449,train
4450,train
4451,train
4452,train
4453,train
4454,train
4455,train
4456,train
4457,calibration
4458,test
4459,train
4460,calibration
4461,train
4462,test
4463,calibration
4464,train
4465,train
4466,train
4467,test
4468,train
4469,train
4470,test
4471,test
4472,train
4473,train
4474,train
4475,test
4476,train
4477,calibration
4478,train
4479,calibration
4480,calibration
4481,test
4482,train
4483,train
4484,test
4485,calibration
4486,train
4487,train
4488,train
4489,calibration
4490,train
4491,train
4492,train
4493,calibration
4494,calibration
4495,test
4496,train
4497,test
4498,train
4499,train
4500,calibration
4501,train
4502,calibration
4503,calibration
4504,calibration
4505,calibration
4506,train
4507,train
4508,train
4509,train
4510,test
4511,calibration
4512,train
4513,train
4514,calibration
4515,calibration
4516,train
4517,test
4518,calibration
4519,train
4520,calibration
4521,calibration
4522,train
4523,train
4524,train
4525,calibration
4526,train
4527,calibration
4528,train
4529,train
4530,train
4531,calibration
4532,train
4533,calibration
4534,train
4535,test
4536,calibration
4537,train
4538,calibration
4539,calibration
4540,calibration
4541,train
4542,train
4543,calibration
4544,calibration
4545,calibration
4546,calibration
4547,test
4548,train
4549,test
4550,calibration
4551,test
4552,test
4553,train
4554,test
4555,calibration
4556,train
4557,calibration
4558,train
4559,train
4560,calibration
4561,calibration
4562,train
4563,calibration
4564,train
4565,calibration
4566,train
4567,calibration
4568,train
4569,train
4570,train
4571,test
4572,train
4573,train
4574,train
4575,test
4576,train
4577,train
4578,train
4579,train
4580,calibration
4581,calibration
4582,train
4583,train
4584,test
4585,test
4586,train
4587,calibration
4588,calibration
4589,train
4590,train
4591,calibration
4592,train
4593,calibration
4594,train
4595,test
4596,test
4597,train
4598,train
4599,calibration
4600,test
4601,test
4602,train
4603,calibration
4604,train
4605,test
4606,train
4607,train
4608,train
4609,calibration
4610,calibration
4611,train
4612,train
4613,test
4614,train
4615,train
4616,calibration
4617,train
4618,train
4619,calibration
4620,test
4621,train
4622,train
4623,train
4624,train
4625,test
4626,calibration
4627,calibration
4628,test
4629,train
4630,train
4631,train
4632,calibration
4633,train
4634,test
4635,test
4636,test
4637,test
4638,train
4639,test
4640,train
4641,calibration
4642,calibration
4643,train
4644,train
4645,train
4646,test
4647,calibration
4648,train
4649,train
4650,test
4651,calibration
4652,calibration
4653,test
4654,train
4655,train
4656,test
4657,calibration
4658,train
4659,test
4660,test
4661,calibration
4662,test
4663,train
4664,train
4665,calibration
4666,calibration
4667,calibration
4668,train
4669,train
4670,calibration
4671,calibration
4672,train
4673,calibration
4674,train
4675,train
4676,test
4677,train
4678,train
4679,test
4680,train
4681,test
4682,train
4683,calibration
4684,test
4686,train
4687,calibration
4688,calibration
4689,train
4690,calibration
4691,train
4692,train
4693,train
4694,train
4695,calibration
4696,calibration
4697,train
4698,calibration
4699,train
4700,test
4701,calibration
4702,calibration
4703,calibration
4704,test
4705,test
4706,test
4707,test
4708,test
4709,test
4710,test
4711,train
4712,test
4713,calibration
4714,train
4715,calibration
4716,calibration
4717,train
4718,train
4719,test
4720,calibration
4721,test
4722,train
4723,train
4724,train
4725,train
4726,train
4727,calibration
4728,test
4729,calibration
4730,train
4731,train
4732,train
4733,calibration
4734,train
4735,train
4736,train
4737,train
4738,train
4739,train
4740,test
4741,calibration
4742,calibration
4743,train
4744,train
4745,test
4746,train
4747,calibration
4748,train
4749,calibration
4750,calibration
4751,calibration
4752,test
4753,train
4754,calibration
4755,train
4756,test
4757,train
4758,train
4759,train
4760,train
4761,calibration
4762,test
4763,train
4764,calibration
4765,calibration
4766,train
4767,calibration
4768,calibration
4769,train
4770,test
4771,calibration
4772,test
4773,calibration
4774,train
4775,test
4776,test
4777,train
4778,train
4779,train
4780,train
4781,train
4782,calibration
4783,train
4784,test
4785,calibration
4786,train
4787,train
4788,train
4789,calibration
4790,train
4791,train
4792,train
4793,calibration
4794,test
4795,test
4796,train
4797,train
4798,test
4799,calibration
4800,train
4801,calibration
4802,calibration
4803,calibration
4804,calibration
4805,train
4806,calibration
4807,calibration
4808,train
4809,train
4810,train
4811,train
4812,train
4813,calibration
4814,test
4815,calibration
4816,train
4817,calibration
4818,train
4819,train
4820,test
4821,calibration
4822,calibration
4823,train
4824,calibration
4825,train
4826,train
4827,train
4828,train
4829,train
4830,test
4831,train
4832,calibration
4833,train
4834,train
4835,calibration
4836,train
4837,test
4838,train
4839,calibration
4840,train
4841,train
4842,calibration
4843,train
4844,train
4845,train
4846,train
4847,test
4848,test
4849,train
4850,train
4851,train
4852,train
4853,test
4854,train
4855,calibration
4856,train
4857,train
4858,test
4859,train
4860,train
4861,train
4862,train
4863,train
4864,train
4865,train
4866,calibration
4867,train
4868,train
4869,test
4870,calibration
4871,train
4872,calibration
4873,test
4874,test
4875,calibration
4876,train
4877,train
4878,train
4879,test
4880,train
4881,test
4882,calibration
4883,train
4884,calibration
4885,test
4886,train
4887,calibration
4888,train
4889,calibration
4890,calibration
4891,calibration
4892,train
4893,calibration
4894,train
4895,calibration
4896,train
4897,train
4898,train
4899,test
4900,calibration
4901,train
4902,calibration
4903,calibration
4904,train
4905,train
4906,calibration
4907,test
4908,calibration
4909,calibration
4910,test
4911,calibration
4912,test
4913,test
4914,calibration
4915,train
4916,train
4917,train
4918,train
4919,train
4920,test
4921,train
4922,calibration
4923,calibration
4924,train
4925,train
4926,calibration
4927,train
4928,train
4929,train
4930,train
4931,train
4932,calibration
4933,train
4934,calibration
4935,train
4936,calibration
4937,train
4938,train
4939,train
4940,calibration
4941,train
4942,test
4943,train
4944,train
4945,calibration
4946,train
4947,train
4948,train
4949,calibration
4950,calibration
4951,calibration
4952,train
4953,calibration
4954,train
4955,calibration
4956,calibration
4957,calibration
4958,test
4959,train
4960,calibration
4961,calibration
4962,calibration
4963,calibration
4964,test
4965,train
4966,train
4967,calibration
4968,test
4969,calibration
4970,train
4971,test
4972,train
4973,train
4974,test
4975,test
4976,test
4977,calibration
4978,train
4979,train
4980,train
4981,train
4982,calibration
4983,calibration
4984,train
4985,train
4986,train
4987,train
4988,train
4989,train
4990,test
4991,calibration
4992,train
4993,train
4994,test
4995,train
4996,calibration
4997,calibration
4998,test
4999,calibration
5000,test
5001,calibration
5002,calibration
5003,test
5004,calibration
5005,calibration
5006,train
5007,train
5008,calibration
5009,train
5010,train
5011,test
5012,train
5013,train
5014,train
5015,train
5016,calibration
5017,train
5018,train
5019,train
5020,test
5021,train
5022,train
5023,test
5024,train
5025,train
5026,test
5027,test
5028,calibration
5029,train
5030,calibration
5031,test
5032,train
5033,test
5034,calibration
5035,train
5036,calibration
5037,train
5038,test
5039,calibration
5040,train
5041,calibration
5042,test
5043,calibration
5044,calibration
5045,train
5046,train
5047,test
5048,test
5049,train
5050,test
5051,calibration
5052,train
5053,test
5054,train
5055,test
5056,train
5057,calibration
5058,calibration
5059,test
5060,train
5061,train
5062,train
5063,train
5064,train
5065,test
5066,train
5067,train
5068,calibration
5069,train
5070,calibration
5071,train
5072,train
5073,train
5074,train
5075,calibration
5076,test
5077,train
5078,train
5079,train
5080,test
5081,train
5082,calibration
5083,calibration
5084,test
5085,calibration
5086,test
5087,calibration
5088,calibration
5089,train
5090,calibration
5091,test
5092,train
5093,calibration
5094,test
5095,calibration
5096,calibration
5097,calibration
5098,test
5099,test
5100,calibration
5101,train
5102,calibration
5103,test
5104,train
5105,calibration
5106,calibration
5107,calibration
5108,train
5109,calibration
5110,calibration
5111,train
5112,train
5113,calibration
5114,test
5115,train
5116,calibration
5117,calibration
5118,test
5119,train
5120,train
5121,test
5122,train
5123,train
5124,calibration
5125,train
5126,train
5127,test
5128,train
5129,test
5130,train
5131,train
5132,calibration
5133,train
5134,train
5135,train
5136,calibration
5137,test
5138,test
5139,train
5140,calibration
5141,train
5142,train
5143,train
5144,train
5145,calibration
5146,train
5147,train
5148,train
5149,calibration
5150,test
5151,train
5152,train
5153,calibration
5154,train
5155,test
5156,test
5157,test
5158,train
5159,train
5160,train
5161,calibration
5162,train
5163,train
5164,train
5165,train
5166,train
5167,train
5168,calibration
5169,calibration
5170,train
5171,train
5172,test
5173,calibration
5174,train
5175,train
5176,train
5177,test
5178,train
5179,train
5180,train
5181,calibration
5182,train
5183,train
5184,train
5185,calibration
5186,train
5187,calibration
5188,train
5189,train
5190,test
5191,train
5192,test
5193,calibration
5194,train
5195,calibration
5196,train
5197,train
5198,train
5199,train
5200,test
5201,train
5202,calibration
5203,train
5204,train
5205,calibration
5206,train
5207,calibration
5208,train
5209,calibration
5210,test
5211,train
5212,calibration
5213,train
5214,test
5215,calibration
5216,train
5217,test
5218,calibration
5219,test
5220,calibration
5221,train
5222,train
5223,test
5224,train
5225,train
5226,train
5227,test
5228,calibration
5229,calibration
5230,calibration
5231,train
5232,train
5233,test
5234,calibration
5235,calibration
5236,calibration
5237,calibration
5238,calibration
5239,train
5240,calibration
5241,train
5242,calibration
5243,calibration
5244,train
5245,calibration
5246,train
5247,train
5248,calibration
5249,train
5250,train
5251,calibration
5252,test
5253,train
5254,calibration
5255,train
5256,train
5257,test
5258,train
5259,train
5260,calibration
5261,train
5262,calibration
5263,test
5264,train
5265,train
5266,train
5267,calibration
5268,calibration
5269,train
5270,train
5271,calibration
5272,train
5273,train
5274,train
5275,calibration
5276,test
5277,train
5278,test
5279,calibration
5280,calibration
5281,train
5282,train
5283,train
5284,train
5285,train
5286,calibration
5287,calibration
5288,train
5289,train
5290,test
5291,train
5292,calibration
5293,train
5294,test
5295,train
5296,train
5297,train
5298,test
5299,test
5300,train
5301,calibration
5302,train
5303,test
5304,train
5305,calibration
5306,calibration
5307,calibration
5308,calibration
5309,train
5310,test
5311,test
5312,train
5313,calibration
5314,calibration
5315,calibration
5316,test
5317,train
5318,calibration
5319,calibration
5320,train
5321,test
5322,calibration
5323,calibration
5324,train
5325,train
5326,train
5327,test
5328,train
5329,calibration
5330,calibration
5331,test
5332,test
5333,test
5334,train
5335,calibration
5336,train
5337,test
5338,calibration
5339,calibration
5340,train
5341,train
5342,calibration
5343,test
5344,train
5345,train
5346,train
5347,train
5348,train
5349,train
5350,test
5351,train
5352,calibration
5353,test
5354,test
5355,calibration
5356,calibration
5357,train
5358,test
5359,train
5360,train
5361,calibration
5362,train
5363,calibration
5364,test
5365,test
5366,train
5367,calibration
5368,train
5369,train
5370,train
5371,test
5372,train
5373,test
5374,calibration
5375,test
5376,calibration
5377,train
5378,calibration
5379,train
5380,calibration
5381,train
5382,calibration
5383,test
5384,train
5385,test
5386,calibration
5387,calibration
5388,train
5389,train
5390,calibration
5391,test
5392,calibration
5393,train
5394,train
5395,train
5396,calibration
5397,train
5398,calibration
5399,calibration
5400,calibration
5401,train
5402,test
5403,test
5404,train
5405,train
5406,calibration
5407,train
5408,train
5409,calibration
5410,calibration
5411,test
5412,train
5413,calibration
5414,test
5415,train
5416,train
5417,calibration
5418,calibration
5419,train
5420,calibration
5421,calibration
5422,train
5423,train
5424,train
5425,test
5426,train
5427,calibration
5428,train
5429,calibration
5430,test
5431,test
5432,test
5433,train
5434,train
5435,test
5436,calibration
5437,train
5438,train
5439,train
5440,calibration
5441,test
5442,test
5443,calibration
5444,train
5445,calibration
5446,calibration
5447,train
5448,train
5449,calibration
5450,calibration
5451,train
5452,train
5453,train
5454,train
5455,train
5456,test
5457,train
5458,calibration
5459,calibration
5460,test
5461,test
5462,calibration
5463,train
5464,calibration
5465,calibration
5466,train
5467,calibration
5468,train
5469,train
5470,calibration
5471,train
5473,train
5474,train
5475,calibration
5476,test
5477,calibration
5478,train
5479,train
5480,train
5481,calibration
5482,calibration
5483,train
5484,train
5485,train
5486,test
5487,test
5488,calibration
5489,train
5491,calibration
5492,train
5493,train
5494,test
5495,test
5497,train
5498,test
5499,calibration
5500,train
5501,test
5502,calibration
5503,calibration
5504,calibration
5505,calibration
5506,train
5507,test
5508,calibration
5509,train
5511,test
5512,train
5513,calibration
5514,calibration
5515,test
5516,train
5517,calibration
5518,train
5519,calibration
5520,calibration
5521,train
5522,calibration
5523,train
5524,calibration
5525,train
5526,train
5527,train
5528,calibration
5529,train
5530,train
5531,train
5532,train
5533,train
5534,test
5535,train
5536,train
5538,calibration
5539,train
5540,test
5541,calibration
5542,calibration
5543,train
5544,calibration
5545,train
5546,calibration
5547,test
5548,calibration
5549,train
5550,calibration
5551,test
5552,calibration
5553,test
5555,train
5556,test
5557,calibration
5558,train
5559,train
5560,test
5561,train
5562,test
5563,train
5564,train
5565,train
5566,test
5567,train
5568,train
5569,train
5570,calibration
5571,calibration
5572,train
5573,calibration
5574,train
5575,train
5576,test
5577,calibration
5578,calibration
5579,train
5580,test
5581,test
5582,calibration
5583,train
5584,calibration
5585,train
5586,calibration
5587,calibration
5588,train
5589,train
5590,calibration
5591,train
5592,train
5593,calibration
5594,train
5595,test
5596,train
5597,train
5598,calibration
5599,train
5600,train
5601,calibration
5602,calibration
5603,test
5604,test
5605,train
5606,calibration
5607,test
5608,calibration
5609,test
5610,calibration
5611,train
5612,train
5613,test
5614,train
5615,train
5616,calibration
5617,train
5618,test
5619,train
5620,train
5621,train
5622,calibration
5623,calibration
5624,train
5625,calibration
5626,train
5627,train
5628,calibration
5629,train
5630,test
5631,train
5632,train
5633,test
5634,train
5635,train
5636,test
5637,train
5638,calibration
5639,train
5641,train
5642,calibration
5643,train
5644,calibration
5645,train
5646,train
5647,test
5648,calibration
5649,train
5650,train
5651,test
5652,calibration
5653,train
5654,test
5655,train
5656,test
5657,calibration
5658,train
5659,train
5660,train
5661,train
5662,calibration
5663,train
5664,train
5665,test
5666,calibration
5667,train
5668,train
5669,train
5670,test
5671,calibration
5672,test
5673,train
5674,train
5675,train
5676,train
5677,test
5678,train
5679,test
5680,calibration
5681,calibration
5682,calibration
5683,calibration
5684,test
5685,train
5686,calibration
5687,test
5688,train
5689,calibration
5690,train
5691,train
5692,train
5693,test
5694,train
5695,train
5696,train
5697,train
5698,train
5699,calibration
5700,train
5701,calibration
5702,train
5703,calibration
5704,train
5705,calibration
5706,test
5707,train
5708,train
5709,calibration
5710,test
5711,calibration
5712,calibration
5713,train
5714,test
5715,test
5716,train
5717,train
5718,test
5719,calibration
5720,test
5721,train
5722,calibration
5723,train
5724,calibration
5725,train
5726,calibration
5727,train
5728,test
5729,calibration
5730,train
5731,train
5732,calibration
5733,test
5734,train
5735,train
5736,train
5737,calibration
5738,test
5739,train
5740,train
5741,test
5742,train
5743,test
5744,train
5745,calibration
5746,train
5747,test
5748,train
5749,calibration
5750,calibration
5751,train
5752,test
5753,calibration
5754,train
5755,train
5756,test
5757,train
5758,train
5759,calibration
5760,train
5761,test
5762,calibration
5763,train
5764,calibration
5765,train
5766,train
5767,train
5768,calibration
5769,calibration
5770,train
5771,train
5772,train
5773,calibration
5774,train
5775,calibration
5776,train
5777,calibration
5778,train
5779,calibration
5780,train
5781,train
5782,calibration
5783,calibration
5784,train
5785,test
5786,train
5787,calibration
5788,train
5789,calibration
5790,calibration
5791,train
5792,calibration
5793,calibration
5794,train
5795,calibration
5796,test
5797,train
5798,train
5799,calibration
5800,test
5801,test
5802,test
5803,train
5804,train
5805,test
5806,train
5807,test
5808,calibration
5809,test
5810,calibration
5811,train
5812,train
5813,train
5814,train
5815,calibration
5816,train
5817,calibration
5818,train
5819,calibration
5820,train
5821,train
5822,train
5823,train
5824,train
5825,train
5826,test
5827,test
5828,train
5829,calibration
5830,calibration
5831,test
5832,calibration
5833,test
5834,calibration
5835,test
5836,train
5837,calibration
5838,calibration
5839,train
5840,calibration
5841,test
5842,train
5843,train
5844,train
5845,train
5846,train
5847,train
5848,calibration
5849,calibration
5850,calibration
5851,test
5852,calibration
5853,train
5854,test
5855,calibration
5856,calibration
5857,train
5858,test
5859,calibration
5860,calibration
5861,train
5862,test
5863,train
5864,train
5865,train
5866,test
5867,train
5868,train
5869,train
5870,test
5871,calibration
5872,calibration
5873,calibration
5874,train
5875,train
5876,calibration
5877,calibration
5878,calibration
5879,calibration
5880,train
5881,calibration
5882,train
5883,train
5884,calibration
5885,test
5886,train
5887,train
5888,test
5889,train
5890,calibration
5891,test
5892,test
5893,calibration
5894,train
5895,train
5896,train
5897,test
5898,calibration
5899,calibration
5900,calibration
5901,train
5902,train
5903,calibration
5904,calibration
5905,train
5906,calibration
5907,train
5908,train
5909,calibration
5910,train
5911,test
5912,test
5913,train
5914,train
5915,calibration
5916,train
5917,calibration
5918,train
5919,train
5920,train
5921,train
5922,test
5923,calibration
5924,calibration
5925,test
5926,calibration
5927,train
5928,train
5929,train
5930,train
5931,calibration
5932,calibration
5933,calibration
5934,calibration
5935,train
5936,train
5937,train
5938,train
5939,calibration
5940,train
5941,calibration
5943,calibration
5944,calibration
5945,train
5946,train
5947,calibration
5948,train
5949,train
5950,train
5951,train
5952,train
5953,train
5954,train
5955,train
5956,calibration
5957,calibration
5958,test
5959,test
5960,train
5961,calibration
5962,calibration
5963,calibration
5964,train
5965,train
5966,train
5967,test
5968,calibration
5969,calibration
5970,calibration
5971,train
5972,test
5973,train
5974,train
5975,calibration
5976,calibration
5977,train
5978,train
5979,calibration
5980,train
5981,test
5982,train
5983,train
5984,train
5985,calibration
5986,calibration
5987,train
5988,train
5989,calibration
5990,calibration
5991,train
5992,test
5993,calibration
5994,test
5995,train
5996,calibration
5997,train
5998,calibration
5999,train
6000,train
6001,test
6002,calibration
6003,train
6004,train
6005,calibration
6006,train
6007,train
6008,calibration
6009,train
6010,train
6011,test
6012,train
6013,calibration
6014,test
6015,train
6016,calibration
6017,calibration
6018,calibration
6019,test
6020,calibration
6021,test
6022,train
6023,train
6024,train
6025,train
6026,train
6027,test
6028,calibration
6029,test
6030,test
6031,calibration
6032,calibration
6033,train
6034,train
6035,test
6036,calibration
6037,test
6038,train
6039,train
6040,train
6041,train
6042,train
6043,test
6044,calibration
6045,train
6046,test
6047,train
6048,train
6049,test
6050,calibration
6051,calibration
6052,calibration
6053,train
6054,train
6055,calibration
6056,calibration
6057,train
6058,test
6059,calibration
6060,calibration
6061,test
6062,calibration
6063,calibration
6064,calibration
6065,calibration
6066,test
6067,test
6068,calibration
6069,train
6070,train
6071,test
6072,test
6073,train
6074,train
6075,calibration
6076,train
6077,train
6078,train
6079,calibration
6080,train
6081,train
6082,test
6083,calibration
6084,calibration
6085,calibration
6086,calibration
6087,train
6088,train
6089,calibration
6090,calibration
6091,calibration
6093,train
6094,calibration
6095,train
6096,train
6097,calibration
6098,train
6099,train
6100,calibration
6101,train
6102,calibration
6103,calibration
6104,train
6105,calibration
6106,train
6107,calibration
6108,train
6109,calibration
6110,train
6111,train
6112,train
6113,calibration
6114,train
6115,train
6116,train
6117,train
6118,train
6119,train
6120,train
6121,train
6122,train
6123,train
6124,train
6125,train
6126,test
6127,test
6128,train
6129,calibration
6130,train
6131,test
6132,test
6133,train
6134,train
6135,train
6136,test
6137,train
6138,calibration
6139,train
6140,train
6141,calibration
6142,test
6143,train
6144,calibration
6145,calibration
6146,calibration
6147,train
6148,calibration
6149,test
6150,test
6151,train
6152,calibration
6153,test
6154,calibration
6155,train
6156,calibration
6157,train
6158,calibration
6159,train
6160,calibration
6161,train
6162,calibration
6163,calibration
6164,calibration
6165,calibration
6166,test
6167,train
6168,train
6169,test
6170,train
6171,test
6172,train
6173,train
6174,calibration
6175,train
6176,train
6177,test
6178,train
6179,train
6180,train
6181,calibration
6182,calibration
6183,train
6184,train
6185,train
6186,calibration
6187,train
6188,calibration
6189,test
6190,calibration
6191,test
6192,train
6193,test
6194,calibration
6195,test
6196,calibration
6197,test
6198,test
6199,test
6200,calibration
6201,train
6202,calibration
6203,train
6204,train
6205,calibration
6206,train
6207,train
6208,train
6209,train
6210,calibration
6211,train
6212,train
6213,train
6214,calibration
6215,calibration
6216,calibration
6217,test
6218,train
6219,test
6220,calibration
6221,train
6222,calibration
6223,train
6224,train
6225,test
6226,train
6227,test
6228,train
6229,calibration
6230,test
6231,calibration
6232,calibration
6233,train
6234,train
6235,test
6236,train
6237,train
6238,train
6239,calibration
6240,train
6241,train
6242,test
6243,train
6244,train
6245,calibration
6246,calibration
6247,test
6248,train
6249,calibration
6250,train
6251,train
6252,test
6253,calibration
6254,test
6255,calibration
6256,train
6257,train
6258,train
6259,train
6260,calibration
6261,calibration
6262,train
6263,test
6264,train
6265,test
6266,train
6267,test
6268,test
6269,train
6270,train
6271,train
6272,train
6273,train
6274,train
6275,calibration
6276,test
6277,train
6278,train
6279,train
6280,calibration
6281,test
6282,train
6283,train
6284,train
6285,calibration
6286,train
6287,train
6288,calibration
6289,train
6290,train
6291,test
6292,train
6293,calibration
6294,test
6295,test
6296,train
6297,test
6298,test
6299,train
6300,calibration
6301,train
6302,train
6303,test
6304,train
6305,train
6306,train
6307,test
6308,calibration
6309,train
6310,test
6311,train
6312,train
6313,train
6314,test
6315,train
6316,calibration
6317,test
6318,calibration
6319,calibration
6320,train
6321,test
6322,calibration
6323,train
6324,train
6325,train
6326,test
6327,calibration
6328,calibration
6329,train
6330,calibration
6331,test
6332,train
6333,train
6334,train
6335,calibration
6336,train
6337,train
6338,test
6339,train
6340,calibration
6341,calibration
6342,train
6343,train
6344,train
6345,calibration
6346,train
6347,train
6348,train
6349,train
6350,train
6351,train
6352,calibration
6353,train
6354,calibration
6355,train
6356,train
6357,train
6358,test
6359,calibration
6360,calibration
6361,calibration
6362,test
6363,test
6364,calibration
6365,train
6366,train
6367,train
6368,train
6369,test
6370,test
6371,calibration
6372,train
6373,train
6374,train
6375,test
6376,train
6377,calibration
6378,calibration
6379,test
6380,train
6381,train
6382,test
6383,calibration
6384,train
6385,test
6386,train
6387,train
6388,calibration
6389,train
6390,train
6391,calibration
6392,calibration
6393,train
6394,train
6395,calibration
6396,test
6397,train
6398,calibration
6399,train
6400,train
6401,train
6402,test
6403,calibration
6404,train
6405,train
6406,train
6407,calibration
6408,train
6409,train
6410,train
6411,calibration
6412,test
6413,train
6414,train
6415,train
6416,test
6417,train
6418,train
6419,calibration
6420,train
6421,calibration
6422,train
6423,train
6424,calibration
6425,calibration
6426,calibration
6427,train
6428,train
6429,train
6430,calibration
6431,test
6432,train
6433,calibration
6434,train
6435,test
6436,train
6437,train
6438,train
6439,train
6440,train
6441,train
6442,train
6443,train
6444,train
6445,train
6446,train
6447,test
6448,train
6449,test
6450,calibration
6451,train
6452,train
6453,test
6454,train
6455,train
6456,train
6457,train
6458,train
6459,train
6460,train
6461,train
6462,train
6463,train
6464,test
6465,test
6466,test
6467,train
6468,calibration
6469,train
6470,train
6471,test
6472,calibration
6473,train
6474,train
6475,calibration
6476,train
6477,train
6478,test
6480,train
6481,calibration
6482,train
6483,train
6484,train
6485,train
6486,train
6487,calibration
6488,train
6489,train
6490,train
6491,train
6492,train
6493,train
6494,test
6495,calibration
6496,train
6497,calibration
6498,calibration
6499,train
6500,train
6501,calibration
6502,calibration
6503,train
6504,calibration
6505,train
6506,calibration
6507,calibration
6508,train
6509,train
6510,train
6511,test
6512,test
6513,calibration
6514,train
6515,train
6516,test
6517,train
6518,calibration
6519,test
6520,calibration
6521,test
6522,calibration
6523,train
6524,test
6525,train
6526,calibration
6527,calibration
6528,calibration
6529,test
6530,calibration
6531,train
6532,train
6533,calibration
6534,train
6535,train
6536,calibration
6537,train
6538,test
6539,train
6540,calibration
6541,train
6542,test
6543,calibration
6544,calibration
6545,calibration
6546,calibration
6547,test
6548,train
6549,calibration
6550,calibration
6551,calibration
6552,calibration
6553,train
6554,test
6555,train
6556,train
6557,train
6558,train
6559,train
6560,train
6561,test
6562,train
6563,test
6564,train
6565,calibration
6566,train
6567,train
6568,test
6569,test
6570,calibration
6571,calibration
6572,test
6573,test
6574,calibration
6575,calibration
6576,calibration
6577,test
6578,test
6579,test
6580,test
6581,train
6582,train
6583,train
6584,train
6585,calibration
6586,train
6587,test
6588,test
6589,calibration
6590,test
6591,calibration
6592,train
6593,train
6594,train
6595,train
6596,train
6597,calibration
6598,test
6599,train
6600,train
6601,test
6602,train
6603,train
6604,train
6605,test
6606,train
6607,calibration
6608,calibration
6609,train
6610,train
6611,train
6612,test
6613,calibration
6614,calibration
6615,calibration
6616,train
6617,train
6618,train
6619,test
6620,calibration
6621,train
6622,train
6623,train
6624,train
6625,train
6626,calibration
6627,train
6628,test
6629,calibration
6630,train
6631,calibration
6632,calibration
6633,train
6634,train
6635,train
6636,train
6637,train
6638,calibration
6639,test
6640,train
6641,calibration
6642,calibration
6643,calibration
6644,train
6645,test
6646,calibration
6647,train
6648,train
6649,train
6650,train
6651,train
6652,calibration
6653,train
6654,test
6655,train
6656,train
6657,test
6658,train
6659,train
6660,test
6661,train
6662,test
6663,calibration
6664,train
6665,calibration
6666,train
6667,train
6668,train
6669,train
6670,train
6671,test
6672,calibration
6673,train
6674,train
6675,train
6676,train
6677,train
6678,train
6679,train
6680,calibration
6681,calibration
6682,train
6683,train
6684,calibration
6685,calibration
6686,calibration
6687,train
6688,calibration
6689,train
6690,test
6691,train
6692,train
6693,calibration
6694,train
6695,train
6696,calibration
6697,train
6698,calibration
6699,calibration
6700,train
6701,test
6702,train
6703,calibration
6704,train
6705,train
6706,train
6707,calibration
6708,train
6709,train
6710,train
6711,train
6712,train
6713,calibration
6714,train
6715,train
6716,train
6717,train
6718,test
6719,test
6720,train
6721,train
6722,test
6723,train
6724,calibration
6725,train
6726,train
6727,calibration
6728,train
6729,test
6730,calibration
6731,train
6732,train
6733,calibration
6734,test
6735,train
6736,train
6737,calibration
6738,train
6739,train
6740,train
6741,calibration
6742,test
6743,calibration
6744,test
6745,test
6746,train
6747,train
6748,train
6749,calibration
6750,train
6751,calibration
6752,calibration
6753,calibration
6754,train
6755,test
6756,calibration
6757,test
6758,calibration
6759,test
6760,test
6761,train
6762,train
6763,calibration
6764,calibration
6765,train
6766,test
6767,train
6768,train
6769,train
6770,train
6771,calibration
6772,calibration
6773,test
6774,train
6775,train
6776,train
6777,train
6778,train
6779,test
6780,calibration
6781,train
6782,test
6783,calibration
6784,train
6785,train
6786,calibration
6787,calibration
6788,train
6789,calibration
6790,train
6791,calibration
6792,train
6793,calibration
6794,calibration
6795,test
6796,train
6797,train
6798,train
6799,train
6800,calibration
6801,train
6802,train
6803,train
6804,test
6805,calibration
6806,calibration
6807,calibration
6808,train
6809,calibration
6810,calibration
6811,train
6812,train
6813,train
6814,calibration
6815,train
6816,train
6817,test
6818,test
6819,train
6820,test
6821,calibration
6822,calibration
6823,calibration
6824,train
6825,train
6826,train
6827,train
6828,train
6829,train
6830,test
6831,test
6832,test
6833,calibration
6834,test
6835,train
6836,test
6837,calibration
6838,train
6839,calibration
6840,calibration
6841,calibration
6842,train
6843,train
6844,train
6845,train
6846,calibration
6847,calibration
6848,train
6849,train
6850,calibration
6851,train
6852,calibration
6853,test
6854,calibration
6855,test
6856,train
6857,train
6858,train
6859,train
6860,test
6861,calibration
6862,train
6863,test
6864,calibration
6865,calibration
6866,calibration
6867,calibration
6868,calibration
6869,train
6870,calibration
6871,train
6872,calibration
6873,calibration
6874,calibration
6875,test
6876,train
6877,train
6878,test
6879,train
6880,calibration
6881,train
6882,calibration
6883,train
6884,train
6885,calibration
6886,test
6887,calibration
6888,train
6889,calibration
6890,test
6891,train
6892,test
6893,train
6894,train
6895,calibration
6896,train
6897,train
6898,train
6899,test
6900,train
6901,calibration
6902,test
6903,train
6904,test
6905,calibration
6906,test
6907,test
6908,train
6909,test
6910,train
6911,calibration
6912,calibration
6913,calibration
6915,train
6916,train
6917,train
6918,train
6919,train
6920,train
6921,train
6922,train
6923,calibration
6924,train
6925,test
6926,train
6927,test
6928,train
6929,train
6930,test
6931,calibration
6932,test
6933,train
6934,train
6935,train
6936,train
6937,test
6938,test
6939,train
6940,train
6941,train
6942,calibration
6943,calibration
6944,calibration
6945,test
6946,train
6947,test
6948,test
6949,test
6950,calibration
6951,train
6952,calibration
6953,train
6954,calibration
6955,train
6956,calibration
6957,calibration
6958,test
6959,train
6960,test
6962,test
6963,train
6964,train
6965,train
6966,train
6967,train
6968,test
6969,test
6970,calibration
6971,test
6972,train
6973,train
6974,train
6975,train
6976,calibration
6977,train
6978,calibration
6979,calibration
6980,train
6981,train
6982,calibration
6983,train
6984,train
6985,calibration
6986,calibration
6987,train
6988,test
6989,train
6990,train
6991,train
6992,train
6993,calibration
6994,calibration
6995,train
6996,calibration
6997,test
6998,train
6999,test
7000,train
7001,train
7002,train
7003,train
7004,test
7005,train
7006,train
7007,train
7008,calibration
7009,train
7010,train
7011,train
7012,train
7013,train
7014,train
7015,calibration
7016,train
7017,train
7018,test
7019,train
7020,train
7021,train
7022,train
7023,train
7024,calibration
7025,train
7026,calibration
7027,test
7028,test
7029,calibration
7030,calibration
7031,calibration
7032,train
7033,test
7034,test
7035,train
7036,calibration
7037,train
7038,calibration
7039,train
7040,calibration
7041,calibration
7042,train
7043,calibration
7044,test
7045,calibration
7046,train
7047,train
7048,train
7049,train
7050,calibration
7051,train
7052,calibration
7053,calibration
7054,train
7055,train
7056,train
7057,train
7058,test
7059,train
7060,test
7061,train
7062,test
7063,test
7064,calibration
7065,calibration
7066,test
7067,train
7068,test
7069,train
7070,calibration
7071,calibration
7072,test
7073,test
7074,train
7075,train
7076,test
7077,calibration
7078,calibration
7079,test
7080,train
7081,train
7082,train
7083,test
7084,calibration
7085,train
7086,train
7087,calibration
7088,calibration
7089,test
7090,train
7091,calibration
7092,calibration
7093,train
7094,train
7095,calibration
7096,train
7097,test
7098,train
7099,test
7100,calibration
7101,calibration
7102,test
7103,calibration
7104,test
7105,test
7106,train
7107,test
7108,train
7109,train
7110,test
7111,test
7112,calibration
7113,train
7114,train
7115,train
7116,train
7117,test
7118,train
7119,train
7120,train
7121,train
7122,calibration
7123,test
7124,train
7125,train
7126,train
7127,train
7128,test
7129,train
7130,calibration
7131,test
7132,test
7133,calibration
7134,calibration
7135,train
7136,calibration
7137,train
7138,train
7139,calibration
7140,train
7141,calibration
7142,train
7143,calibration
7144,train
7145,train
7146,train
7147,train
7148,calibration
7149,train
7150,test
7151,train
7152,train
7153,train
7154,train
7155,train
7156,train
7157,train
7158,train
7159,train
7160,train
7161,train
7162,calibration
7163,train
7164,train
7165,train
7166,train
7167,test
7168,train
7169,train
7170,calibration
7171,train
7172,calibration
7173,train
7174,calibration
7175,train
7176,train
7177,calibration
7178,calibration
7179,train
7180,test
7181,test
7182,calibration
7183,calibration
7184,train
7185,train
7186,test
7187,train
7188,train
7189,calibration
7190,test
7191,test
7192,test
7193,test
7194,test
7195,calibration
7196,calibration
7197,test
7198,train
7199,calibration
7200,calibration
7201,train
7202,train
7203,calibration
7204,test
7205,calibration
7206,calibration
7207,train
7208,train
7209,test
7210,train
7211,train
7212,train
7213,calibration
7214,train
7215,train
7216,test
7217,train
7218,train
7219,train
7220,train
7221,train
7222,calibration
7223,test
7224,train
7225,calibration
7226,train
7227,calibration
7228,train
7229,train
7230,train
7231,calibration
7232,calibration
7233,calibration
7234,train
7235,test
7236,test
7237,test
7238,calibration
7239,calibration
7240,test
7241,calibration
7242,test
7243,test
7244,train
7245,train
7246,calibration
7247,calibration
7248,test
7249,calibration
7250,train
7251,train
7252,train
7253,train
7254,calibration
7255,calibration
7256,train
7257,calibration
7258,calibration
7259,test
7260,calibration
7261,train
7262,train
7263,calibration
7264,train
7265,test
7266,train
7267,calibration
7268,calibration
7269,test
7270,test
7271,calibration
7272,calibration
7273,train
7274,train
7275,train
7276,train
7277,train
7278,train
7279,test
7280,test
7281,train
7282,train
7283,train
7284,train
7285,train
7286,test
7287,train
7288,test
7289,train
7290,train
7291,train
7292,calibration
7293,train
7294,train
7295,calibration
7296,test
7297,train
7298,calibration
7299,calibration
7300,test
7301,train
7302,test
7303,train
7304,test
7305,test
7306,train
7307,calibration
7308,train
7309,test
7310,test
7311,train
7312,train
7313,train
7314,test
7315,calibration
7316,train
7317,train
7318,train
7319,calibration
7320,calibration
7321,calibration
7322,test
7323,train
7324,calibration
7325,calibration
7326,test
7327,test
7328,train
7329,test
7330,test
7331,calibration
7332,train
7333,train
7334,train
7335,test
7336,train
7337,train
7338,train
7339,calibration
7340,train
7341,test
7342,calibration
7343,test
7344,calibration
7345,train
7346,calibration
7347,calibration
7348,train
7349,calibration
7350,train
7351,calibration
7352,test
7353,train
7354,train
7355,calibration
7356,test
7357,test
7358,calibration
7359,test
7360,train
7361,train
7362,test
7363,train
7364,train
7365,train
7366,train
7367,train
7368,train
7369,test
7370,train
7371,calibration
7372,calibration
7373,calibration
7374,calibration
7375,train
7376,train
7377,train
7378,calibration
7379,test
7380,train
7381,train
7382,calibration
7383,test
7384,train
7385,calibration
7386,train
7387,calibration
7388,train
7389,train
7390,train
7391,train
7392,train
7393,train
7394,train
7395,calibration
7396,calibration
7397,calibration
7398,test
7399,test
7400,train
7401,test
7402,test
7403,train
7404,train
7405,calibration
7406,calibration
7407,calibration
7408,train
7409,train
7410,train
7411,calibration
7412,test
7413,calibration
7414,test
7415,test
7416,calibration
7417,test
7418,calibration
7419,test
7420,train
7421,calibration
7422,calibration
7423,test
7424,test
7425,test
7426,test
7427,calibration
7428,train
7429,train
7430,train
7431,train
7432,train
7433,train
7434,train
7435,calibration
7436,train
7437,calibration
7438,calibration
7439,test
7440,train
7441,test
7442,test
7443,train
7444,calibration
7445,train
7446,train
7447,train
7448,test
7449,train
7450,train
7451,train
7452,test
7453,train
7454,train
7455,calibration
7456,calibration
7457,calibration
7458,train
7459,test
7460,calibration
7461,train
7462,train
7463,train
7464,calibration
7465,test
7466,calibration
7467,calibration
7468,calibration
7469,test
7470,train
7471,train
7472,calibration
7473,train
7474,train
7475,train
7476,test
7477,train
7478,train
7479,calibration
7480,test
7481,calibration
7482,train
7483,train
7484,calibration
7485,test
7486,train
7487,test
7488,train
7490,calibration
7491,train
7492,test
7493,train
7494,test
7495,train
7496,calibration
7497,calibration
7498,test
7499,train
7500,train
7501,calibration
7502,train
7503,train
7504,train
7505,calibration
7506,train
7507,train
7508,test
7509,calibration
7510,train
7511,test
7512,calibration
7513,calibration
7514,train
7515,calibration
7516,calibration
7517,train
7518,test
7519,test
7520,calibration
7521,train
7522,test
7523,train
7524,calibration
7525,test
7526,calibration
7527,train
7528,train
7529,train
7530,calibration
7531,test
7532,train
7533,train
7534,train
7535,train
7536,test
7537,calibration
7538,train
7539,train
7540,train
7541,train
7542,calibration
7543,train
7544,test
7545,test
7546,test
7547,train
7548,train
7549,calibration
7550,test
7551,train
7552,train
7553,train
7554,train
7555,calibration
7556,calibration
7557,train
7558,test
7559,train
7560,calibration
7561,calibration
7562,train
7563,train
7564,calibration
7565,train
7566,calibration
7567,train
7568,calibration
7569,calibration
7570,calibration
7571,train
7572,train
7573,test
7574,train
7575,calibration
7576,train
7577,train
7578,test
7579,calibration
7580,train
7581,test
7582,train
7583,train
7584,train
7585,train
7586,calibration
7587,test
7588,train
7589,train
7590,train
7591,train
7592,calibration
7593,test
7594,test
7595,train
7596,test
7597,train
7598,train
7599,calibration
7600,test
7601,train
7602,train
7603,test
7604,train
7605,train
7606,train
7607,train
7608,train
7609,train
7610,calibration
7611,train
7612,calibration
7613,train
7614,train
7615,train
7616,calibration
7617,calibration
7618,train
7619,train
7620,test
7621,test
7622,calibration
7623,test
7624,train
7625,train
7626,calibration
7627,train
7628,train
7629,calibration
7630,train
7631,train
7632,train
7633,calibration
7634,train
7635,test
7636,test
7637,train
7638,train
7639,test
7640,calibration
7641,train
7642,train
7643,test
7644,train
7645,train
7646,calibration
7647,train
7648,test
7649,calibration
7650,calibration
7651,calibration
7652,test
7653,train
7654,train
7655,train
7656,train
7657,train
7658,train
7659,test
7660,test
7661,train
7662,train
7663,calibration
7664,train
7665,calibration
7666,test
7667,train
7668,calibration
7669,test
7670,test
7671,calibration
7672,calibration
7673,train
7674,train
7675,calibration
7676,train
7677,train
7678,test
7679,calibration
7680,calibration
7681,test
7682,calibration
7683,calibration
7684,train
7685,train
7686,train
7687,calibration
7688,calibration
7689,train
7690,train
7691,train
7692,calibration
7693,calibration
7694,train
7695,calibration
7696,test
7697,calibration
7698,calibration
7699,test
7700,train
7701,test
7702,train
7703,test
7704,calibration
7705,train
7706,calibration
7707,calibration
7708,test
7709,calibration
7710,calibration
7711,test
7712,train
7713,calibration
7714,train
7715,test
7716,train
7717,calibration
7718,calibration
7719,test
7720,test
7721,calibration
7722,calibration
7723,train
7724,calibration
7725,calibration
7726,calibration
7727,calibration
7728,calibration
7729,test
7730,test
7731,train
7732,test
7733,train
7734,calibration
7735,test
7736,train
7737,test
7738,train
7739,train
7740,calibration
7741,calibration
7742,test
7743,train
7744,train
7745,train
7746,train
7747,train
7748,test
7749,train
7750,train
7751,train
7752,train
7753,calibration
7754,test
7755,calibration
7756,train
7757,test
7758,test
7759,calibration
7760,test
7761,calibration
7762,test
7763,calibration
7764,calibration
7765,train
7766,calibration
7767,train
7768,calibration
7769,test
7770,calibration
7771,train
7772,train
7773,train
7774,train
7775,train
7776,calibration
7777,train
7778,train
7779,train
7780,train
7781,train
7782,train
7783,train
7784,train
7785,calibration
7786,calibration
7787,test
7788,train
7789,train
7790,train
7791,train
7792,train
7793,test
7794,train
7795,train
7796,train
7797,test
7798,calibration
7799,train
7800,test
7801,train
7802,train
7803,test
7804,test
7805,test
7806,calibration
7807,calibration
7808,test
7809,train
7810,calibration
7811,calibration
7812,train
7813,train
7814,calibration
7815,train
7816,calibration
7817,train
7818,calibration
7819,calibration
7820,train
7821,train
7822,train
7823,test
7824,train
7825,test
7826,train
7827,train
7828,calibration
7829,calibration
7830,calibration
7831,train
7832,test
7833,test
7834,calibration
7835,train
7836,calibration
7837,train
7838,train
7839,calibration
7840,test
7841,calibration
7842,train
7843,train
7844,calibration
7845,train
7846,train
7847,train
7848,train
7849,calibration
7850,train
7851,train
7852,train
7853,calibration
7854,train
7855,train
7856,test
7857,calibration
7858,test
7859,calibration
7860,calibration
7861,test
7862,calibration
7863,test
7864,train
7865,train
7866,train
7867,train
7868,calibration
7870,test
7871,train
7872,train
7873,train
7874,calibration
7875,train
7876,test
7877,test
7878,calibration
7879,train
7880,test
7881,train
7882,calibration
7883,train
7884,train
7885,train
7886,calibration
7887,test
7888,train
7889,train
7890,train
7891,test
7892,test
7893,test
7894,test
7895,calibration
7896,train
7897,train
7898,train
7899,calibration
7900,train
7901,train
7902,train
7903,calibration
7904,test
7905,train
7906,train
7907,calibration
7908,train
7909,train
7910,train
7911,train
7912,test
7913,train
7914,train
7915,train
7916,train
7917,train
7918,train
7919,train
7920,calibration
7921,calibration
7922,calibration
7923,train
7924,train
7925,train
7926,calibration
7927,train
7928,calibration
7929,train
7930,calibration
7931,calibration
7932,calibration
7933,train
7934,train
7935,test
7936,train
7937,calibration
7938,train
7939,test
7940,test
7941,train
7942,calibration
7943,train
7944,train
7945,train
7946,train
7947,train
7948,train
7949,train
7950,train
7951,train
7952,calibration
7953,calibration
7954,calibration
7955,train
7956,calibration
7957,train
7958,train
7959,test
7960,train
7961,test
7962,test
7963,calibration
7964,train
7965,calibration
7966,test
7967,train
7968,train
7969,test
7970,train
7971,calibration
7972,train
7973,train
7974,train
7975,test
7976,train
7977,calibration
7978,calibration
7979,train
7980,train
7981,calibration
7982,train
7983,train
7984,train
7985,test
7986,test
7987,train
7988,train
7989,train
7990,calibration
7991,test
7992,test
7993,calibration
7994,calibration
7995,calibration
7996,train
7997,test
7998,test
7999,train
8000,calibration
8001,calibration
8002,test
8003,calibration
8004,calibration
8005,test
8006,test
8007,train
8008,train
8009,train
8010,train
8011,train
8012,test
8013,test
8014,calibration
8015,train
8016,train
8017,train
8018,train
8019,calibration
8020,calibration
8021,train
8022,calibration
8023,train
8024,test
8025,calibration
8026,calibration
8027,test
8028,calibration
8029,test
8030,train
8031,calibration
8032,train
8033,train
8034,test
8035,test
8036,train
8037,train
8038,train
8039,calibration
8040,train
8041,test
8042,calibration
8043,test
8044,train
8045,test
8046,calibration
8047,calibration
8048,calibration
8049,calibration
8050,test
8051,calibration
8052,train
8053,calibration
8054,train
8055,train
8056,calibration
8057,calibration
8058,train
8059,train
8060,calibration
8061,train
8062,train
8063,calibration
8064,train
8065,calibration
8066,train
8067,calibration
8068,train
8069,train
8070,train
8071,train
8072,train
8073,test
8074,train
8075,train
8076,calibration
8077,calibration
8078,calibration
8079,train
8080,train
8081,test
8082,train
8083,train
8084,test
8085,train
8086,calibration
8087,calibration
8088,train
8089,train
8090,train
8091,train
8092,train
8093,train
8094,calibration
8095,calibration
8096,test
8097,test
8098,calibration
8099,train
8100,calibration
8101,calibration
8102,calibration
8103,test
8104,train
8105,train
8106,calibration
8107,calibration
8108,train
8109,test
8110,test
8111,train
8112,calibration
8113,train
8114,calibration
8115,train
8116,train
8117,calibration
8118,train
8119,train
8120,calibration
8121,train
8122,calibration
8123,train
8124,train
8125,test
8126,test
8127,test
8128,calibration
8129,calibration
8130,test
8131,train
8132,train
8133,train
8134,test
8135,calibration
8136,train
8137,train
8138,train
8139,calibration
8140,train
8141,train
8142,calibration
8143,test
8144,train
8145,calibration
8146,train
8147,train
8148,test
8149,train
8150,calibration
8151,test
8152,calibration
8153,test
8154,test
8155,calibration
8156,calibration
8157,train
8158,train
8159,calibration
8160,train
8161,calibration
8162,test
8163,train
8164,test
8165,train
8166,train
8167,calibration
8168,train
8169,test
8170,train
8171,train
8172,train
8173,train
8174,calibration
8175,train
8176,calibration
8177,train
8178,calibration
8179,test
8180,test
8181,test
8182,calibration
8183,calibration
8184,test
8185,train
8186,test
8187,train
8188,test
8189,train
8190,calibration
8191,calibration
8192,calibration
8193,train
8194,calibration
8195,train
8196,train
8197,train
8198,calibration
8199,train
8200,train
8201,train
8202,test
8203,train
8204,train
8205,calibration
8206,train
8207,train
8208,train
8209,train
8210,train
8211,train
8212,calibration
8213,train
8214,train
8215,test
8216,train
8217,calibration
8218,test
8219,train
8220,calibration
8221,calibration
8222,train
8223,calibration
8224,calibration
8225,test
8226,train
8227,train
8228,test
8229,train
8230,test
8231,calibration
8232,train
8233,train
8234,calibration
8235,calibration
8236,calibration
8237,test
8238,train
8239,calibration
8240,calibration
8241,train
8242,calibration
8243,train
8244,train
8245,calibration
8246,test
8247,calibration
8248,train
8249,train
8250,test
8251,train
8252,train
8253,train
8254,train
8255,train
8256,train
8257,calibration
8258,train
8259,test
8260,calibration
8261,train
8262,train
8263,calibration
8264,test
8265,calibration
8266,test
8267,train
8268,test
8269,train
8270,train
8271,calibration
8272,train
8273,train
8274,train
8275,calibration
8276,train
8277,calibration
8278,calibration
8279,calibration
8280,train
8281,test
8282,train
8283,calibration
8284,train
8285,train
8286,train
8287,calibration
8288,train
8289,train
8290,train
8291,calibration
8292,train
8293,calibration
8294,calibration
8295,test
8296,calibration
8297,train
8298,test
8299,train
8300,train
8301,calibration
8302,train
8303,test
8304,test
8305,test
8306,train
8307,test
8308,train
8309,train
8310,test
8311,train
8312,train
8313,test
8314,train
8315,train
8316,train
8317,train
8318,test
8319,calibration
8320,test
8321,train
8322,test
8323,calibration
8324,train
8325,train
8326,train
8327,train
8328,test
8329,test
8330,test
8331,calibration
8332,calibration
8333,test
8334,calibration
8335,train
8336,test
8337,train
8338,train
8339,train
8340,calibration
8341,train
8342,train
8343,test
8344,calibration
8345,calibration
8346,train
8347,train
8348,train
8349,train
8350,calibration
8351,train
8352,calibration
8353,calibration
8354,test
8355,calibration
8356,train
8357,train
8358,test
8359,test
8360,train
8361,calibration
8362,calibration
8363,train
8364,calibration
8365,test
8366,train
8367,calibration
8368,test
8369,train
8370,train
8371,test
8372,train
8373,train
8374,train
8375,calibration
8376,train
8377,test
8378,train
8379,calibration
8380,test
8381,train
8382,train
8383,test
8384,train
8385,test
8386,train
8387,calibration
8388,calibration
8389,train
8390,calibration
8391,train
8392,train
8393,train
8394,train
8395,calibration
8396,train
8397,test
8398,train
8399,test
8400,train
8401,test
8402,calibration
8403,calibration
8404,train
8405,train
8406,train
8407,test
8408,train
8409,calibration
8410,test
8411,train
8412,calibration
8413,calibration
8414,train
8415,calibration
8416,train
8417,train
8418,train
8419,calibration
8420,train
8421,train
8422,train
8423,calibration
8424,test
8425,calibration
8426,calibration
8427,calibration
8428,test
8429,calibration
8430,calibration
8431,calibration
8432,train
8433,train
8434,calibration
8435,train
8436,train
8437,calibration
8438,train
8439,test
8440,train
8441,train
8442,calibration
8443,calibration
8444,train
8445,train
8446,train
8447,train
8448,train
8449,test
8450,train
8451,calibration
8452,train
8453,train
8454,train
8455,train
8456,train
8457,calibration
8458,calibration
8459,test
8460,train
8461,calibration
8462,calibration
8463,train
8464,test
8465,train
8466,train
8467,train
8468,train
8469,calibration
8470,calibration
8471,calibration
8472,calibration
8473,train
8474,test
8475,calibration
8476,train
8477,train
8478,calibration
8479,test
8480,calibration
8481,test
8482,train
8483,test
8484,test
8485,test
8486,train
8487,train
8488,calibration
8489,train
8490,calibration
8491,test
8492,calibration
8493,test
8494,calibration
8495,train
8496,train
8497,train
8498,train
8499,train
8500,test
8501,test
8502,test
8503,train
8504,test
8505,train
8506,calibration
8508,calibration
8509,train
8510,train
8511,test
8512,calibration
8513,train
8514,train
8515,calibration
8516,calibration
8517,calibration
8518,train
8519,calibration
8520,test
8521,train
8522,train
8523,train
8524,test
8525,test
8526,train
8527,train
8528,train
8529,train
8530,test
8531,train
8532,test
8533,train
8534,train
8535,train
8536,train
8537,calibration
8538,test
8539,train
8540,calibration
8541,train
8542,train
8543,test
8544,train
8545,train
8546,calibration
8547,train
8548,train
8549,train
8550,test
8551,calibration
8552,calibration
8553,train
8554,calibration
8555,train
8556,train
8557,train
8558,test
8559,train
8560,test
8561,calibration
8562,test
8563,calibration
8564,train
8565,calibration
8566,train
8567,test
8568,test
8569,train
8570,calibration
8571,calibration
8572,train
8573,calibration
8574,train
8575,test
8576,train
8577,train
8578,train
8579,train
8580,calibration
8581,train
8582,train
8583,calibration
8584,train
8585,train
8586,train
8587,calibration
8588,train
8589,test
8590,calibration
8591,train
8592,train
8593,train
8594,train
8595,calibration
8596,train
8597,train
8598,test
8599,train
8600,calibration
8601,train
8602,train
8603,train
8604,calibration
8605,calibration
8606,train
8607,calibration
8608,test
8609,test
8610,train
8611,calibration
8612,calibration
8613,train
8614,train
8615,test
8616,calibration
8617,train
8618,calibration
8619,calibration
8620,calibration
8621,calibration
8622,calibration
8623,test
8624,train
8625,train
8626,test
8627,train
8628,calibration
8629,train
8630,train
8631,train
8632,train
8633,train
8634,calibration
8635,calibration
8636,train
8637,calibration
8638,calibration
8639,test
8640,train
8641,test
8642,train
8643,train
8644,test
8645,train
8646,train
8647,train
8648,train
8649,train
8650,train
8651,train
8652,test
8653,calibration
8654,train
8655,train
8656,calibration
8657,train
8658,train
8659,train
8660,test
8661,calibration
8662,train
8663,train
8664,calibration
8665,train
8666,train
8667,train
8668,test
8669,train
8670,train
8671,test
8672,test
8673,test
8674,calibration
8675,calibration
8676,train
8677,train
8678,train
8679,train
8680,calibration
8681,calibration
8682,train
8683,calibration
8684,calibration
8685,test
8686,train
8687,calibration
8688,train
8689,test
8690,train
8691,calibration
8692,calibration
8693,test
8694,train
8695,train
8696,train
8697,test
8698,train
8699,calibration
8700,test
8701,calibration
8702,train
8703,train
8704,calibration
8705,train
8706,test
8707,train
8708,train
8709,calibration
8710,train
8711,train
8712,test
8713,calibration
8714,calibration
8715,calibration
8716,train
8717,train
8718,train
8719,calibration
8720,calibration
8721,calibration
8722,train
8723,test
8724,train
8725,train
8726,test
8727,test
8728,train
8729,calibration
8730,test
8731,train
8732,calibration
8733,train
8734,train
8735,train
8736,calibration
8737,calibration
8738,train
8739,train
8740,train
8741,test
8742,train
8743,train
8744,calibration
8745,calibration
8746,train
8747,calibration
8748,test
8749,test
8750,train
8751,calibration
8752,calibration
8753,train
8754,test
8755,calibration
8756,train
8757,calibration
8758,calibration
8759,test
8760,train
8761,test
8762,test
8763,train
8764,train
8765,calibration
8766,calibration
8767,train
8768,test
8769,train
8770,test
8771,train
8772,train
8773,calibration
8774,train
8775,train
8776,test
8777,calibration
8778,calibration
8779,test
8780,calibration
8781,train
8782,test
8783,train
8784,train
8785,train
8786,train
8787,train
8788,train
8789,train
8790,train
8791,train
8792,train
8793,calibration
8794,train
8795,test
8796,test
8797,calibration
8798,train
8799,train
8800,calibration
8801,calibration
8802,test
8803,train
8804,train
8805,train
8806,test
8807,calibration
8808,train
8809,train
8810,test
8811,test
8812,calibration
8813,train
8814,train
8815,calibration
8816,test
8817,calibration
8818,calibration
8819,train
8820,train
8821,train
8822,train
8823,train
8824,train
8825,test
8826,train
8827,train
8828,train
8829,test
8830,train
8831,test
8832,train
8833,train
8834,train
8835,calibration
8836,test
8837,train
8838,calibration
8839,calibration
8840,calibration
8841,train
8842,train
8843,train
8844,train
8845,train
8846,test
8847,train
8848,train
8849,train
8850,train
8851,calibration
8852,train
8853,calibration
8854,test
8855,calibration
8856,train
8857,calibration
8858,calibration
8859,train
8860,calibration
8861,train
8862,test
8863,test
8864,train
8865,calibration
8866,calibration
8867,train
8868,test
8869,calibration
8870,calibration
8871,train
8872,train
8873,train
8874,calibration
8875,train
8876,train
8877,calibration
8878,train
8879,train
8880,calibration
8881,train
8882,train
8883,train
8884,test
8885,train
8886,train
8887,calibration
8888,test
8889,test
8890,train
8891,train
8892,calibration
8893,train
8894,train
8895,calibration
8896,train
8897,train
8898,calibration
8899,calibration
8900,train
8901,test
8902,test
8903,train
8904,train
8905,train
8906,calibration
8907,calibration
8908,calibration
8909,train
8910,calibration
8911,calibration
8912,test
8913,train
8914,train
8915,test
8916,test
8917,train
8918,test
8919,train
8920,calibration
8921,train
8922,calibration
8923,calibration
8924,train
8925,train
8926,train
8927,train
8928,test
8929,train
8930,calibration
8931,calibration
8932,train
8933,calibration
8934,train
8935,calibration
8936,train
8937,calibration
8938,calibration
8939,calibration
8940,train
8941,train
8942,train
8943,train
8944,train
8945,test
8946,train
8947,train
8948,train
8949,train
8950,train
8951,train
8952,train
8953,train
8954,train
8955,train
8956,train
8957,train
8958,train
8959,train
8960,calibration
8961,train
8962,train
8963,calibration
8964,train
8965,calibration
8966,train
8967,train
8968,train
8969,test
8970,train
8971,train
8972,test
8973,train
8974,calibration
8975,train
8976,train
8977,train
8978,test
8979,train
8980,train
8981,train
8982,train
8983,test
8984,train
8985,test
8986,calibration
8987,train
8988,calibration
8989,train
8990,train
8991,test
8992,train
8993,calibration
8994,train
8995,test
8996,calibration
8997,train
8998,test
8999,calibration
9000,train
9001,train
9002,test
9003,calibration
9004,calibration
9005,test
9006,calibration
9007,calibration
9008,train
9009,train
9010,train
9011,train
9012,train
9013,train
9014,train
9015,train
9017,train
9018,calibration
9019,calibration
9020,test
9021,calibration
9022,train
9023,train
9024,train
9025,calibration
9026,test
9027,test
9028,train
9029,train
9030,train
9031,test
9032,test
9033,train
9034,train
9035,train
9036,train
9037,test
9038,train
9039,train
9040,train
9041,train
9042,test
9043,train
9044,calibration
9045,train
9046,test
9047,calibration
9048,train
9049,train
9050,test
9051,calibration
9052,calibration
9053,train
9054,train
9055,test
9056,test
9057,test
9058,train
9059,train
9060,test
9061,train
9062,calibration
9063,calibration
9064,test
9065,calibration
9066,train
9067,train
9068,test
9069,train
9070,train
9071,train
9072,train
9073,train
9074,train
9075,calibration
9076,calibration
9077,calibration
9078,test
9079,train
9080,train
9081,train
9082,calibration
9083,train
9084,test
9085,train
9086,calibration
9087,train
9088,train
9089,train
9090,calibration
9091,calibration
9092,calibration
9093,train
9094,calibration
9095,test
9096,test
9097,train
9098,train
9099,calibration
9100,train
9101,train
9102,calibration
9103,calibration
9104,calibration
9105,train
9106,calibration
9107,test
9108,calibration
9109,calibration
9110,test
9111,calibration
9112,train
9113,train
9114,calibration
9115,train
9116,test
9117,train
9118,train
9119,train
9120,calibration
9121,train
9122,test
9123,train
9124,train
9125,train
9126,train
9127,train
9128,test
9129,train
9130,train
9131,calibration
9132,train
9133,test
9134,test
9135,train
9136,calibration
9137,calibration
9138,calibration
9139,calibration
9140,train
9141,test
9142,calibration
9143,train
9144,train
9145,test
9146,train
9147,train
9148,calibration
9149,test
9150,train
9151,calibration
9152,train
9153,train
9154,calibration
9155,calibration
9156,test
9157,calibration
9158,test
9159,train
9160,calibration
9161,train
9162,test
9163,calibration
9164,train
9165,calibration
9166,train
9167,calibration
9168,calibration
9169,train
9170,test
9171,calibration
9172,train
9173,train
9174,train
9175,train
9176,train
9177,train
9178,train
9179,train
9180,test
9181,train
9182,train
9183,test
9184,calibration
9185,train
9186,train
9187,train
9188,calibration
9189,calibration
9190,train
9191,train
9192,train
9193,train
9194,train
9195,train
9196,test
9197,train
9198,calibration
9199,train
9200,test
9201,calibration
9202,train
9203,train
9204,train
9205,calibration
9206,train
9207,calibration
9208,test
9209,train
9210,test
9211,calibration
9212,train
9213,calibration
9214,train
9215,calibration
9216,train
9217,calibration
9218,test
9219,test
9220,train
9221,train
9222,test
9223,train
9224,train
9225,calibration
9226,train
9227,test
9228,calibration
9229,calibration
9230,train
9231,train
9232,calibration
9233,calibration
9234,train
9235,train
9236,train
9237,train
9238,test
9239,train
9240,train
9241,train
9242,train
9243,calibration
9244,test
9245,calibration
9246,test
9247,train
9248,test
9249,train
9250,train
9251,calibration
9252,test
9253,train
9254,train
9255,calibration
9256,calibration
9257,calibration
9258,calibration
9259,train
9260,train
9261,train
9262,train
9263,train
9264,calibration
9265,train
9266,train
9267,test
9268,calibration
9269,train
9270,train
9271,test
9272,calibration
9273,train
9274,train
9275,test
9276,calibration
9277,train
9278,train
9279,train
9280,calibration
9281,train
9282,train
9283,train
9284,train
9285,train
9286,train
9287,calibration
9288,test
9289,test
9290,calibration
9291,train
9292,calibration
9293,train
9294,test
9295,train
9296,calibration
9297,test
9298,calibration
9299,train
9300,calibration
9301,test
9302,test
9303,train
9304,calibration
9305,calibration
9306,train
9307,train
9308,train
9309,train
9310,test
9311,train
9312,train
9313,calibration
9314,train
9315,calibration
9316,train
9317,train
9318,calibration
9319,calibration
9320,test
9321,train
9322,test
9323,test
9324,train
9325,test
9326,train
9327,test
9328,train
9329,calibration
9330,calibration
9331,train
9332,test
9333,calibration
9334,test
9335,calibration
9336,calibration
9337,calibration
9338,train
9339,test
9340,calibration
9341,calibration
9342,calibration
9343,train
9344,calibration
9345,calibration
9346,train
9347,train
9348,train
9349,train
9350,test
9351,train
9352,train
9353,train
9354,train
9355,calibration
9356,train
9357,train
9358,calibration
9359,train
9360,calibration
9361,calibration
9362,calibration
9363,test
9364,train
9365,calibration
9366,train
9367,test
9368,calibration
9369,calibration
9370,calibration
9371,train
9372,calibration
9373,test
9374,calibration
9375,calibration
9376,train
9377,test
9378,train
9379,train
9380,train
9381,train
9382,test
9383,train
9384,calibration
9385,train
9386,calibration
9387,calibration
9388,calibration
9389,train
9390,calibration
9391,test
9392,train
9393,calibration
9394,train
9395,train
9396,calibration
9397,calibration
9398,calibration
9399,test
9400,train
9401,train
9402,test
9403,test
9404,calibration
9405,test
9406,train
9407,test
9408,test
9409,calibration
9410,train
9411,train
9412,train
9413,train
9414,test
9415,train
9416,train
9417,train
9418,train
9419,train
9420,train
9421,train
9422,calibration
9423,calibration
9424,calibration
9425,calibration
9426,calibration
9427,train
9428,train
9429,test
9430,test
9431,test
9432,train
9433,calibration
9434,train
9435,train
9436,train
9437,train
9438,train
9439,test
9440,calibration
9441,train
9442,train
9443,train
9444,train
9445,calibration
9446,test
9447,train
9448,train
9449,calibration
9450,calibration
9451,train
9452,train
9453,calibration
9454,train
9455,train
9456,calibration
9457,train
9458,test
9459,train
9460,calibration
9461,train
9462,calibration
9463,test
9464,test
9465,calibration
9466,train
9467,train
9468,train
9469,train
9470,train
9471,train
9472,train
9473,calibration
9474,calibration
9475,calibration
9476,train
9477,test
9478,test
9479,calibration
9480,train
9481,calibration
9482,train
9483,train
9484,train
9485,test
9486,test
9487,test
9488,train
9489,calibration
9490,test
9491,calibration
9492,calibration
9493,train
9494,train
9495,test
9496,test
9497,test
9498,calibration
9499,train
9500,train
9501,train
9502,calibration
9503,train
9504,train
9505,train
9506,test
9507,train
9508,test
9509,calibration
9510,calibration
9511,test
9512,train
9513,train
9514,train
9515,train
9516,calibration
9517,train
9518,train
9519,test
9520,calibration
9521,calibration
9522,train
9523,test
9524,test
9525,train
9526,train
9527,train
9528,test
9529,calibration
9530,calibration
9531,calibration
9532,test
9533,train
9534,calibration
9535,train
9536,train
9537,train
9538,test
9539,train
9540,train
9541,train
9542,test
9543,calibration
9544,test
9545,train
9546,train
9547,train
9548,train
9549,test
9550,test
9551,test
9552,test
9553,test
9554,train
9555,train
9556,calibration
9557,train
9558,calibration
9559,train
9560,test
9561,train
9562,train
9563,train
9564,train
9565,calibration
9566,calibration
9567,train
9568,calibration
9569,train
9570,train
9571,calibration
9572,train
9573,train
9574,test
9575,calibration
9576,test
9577,train
9578,train
9579,test
9580,train
9581,test
9582,test
9583,train
9584,calibration
9585,train
9586,train
9587,train
9588,calibration
9589,calibration
9590,train
9591,train
9592,train
9593,train
9594,train
9595,test
9596,calibration
9597,train
9598,test
9599,calibration
9600,calibration
9601,test
9602,train
9603,train
9604,train
9605,train
9606,train
9607,calibration
9608,calibration
9609,test
9610,train
9611,calibration
9612,train
9613,calibration
9614,train
9615,train
9616,train
9617,calibration
9618,calibration
9619,train
9620,train
9621,calibration
9622,test
9623,train
9624,calibration
9625,train
9626,calibration
9627,train
9628,train
9629,train
9630,train
9631,train
9632,train
9633,calibration
9634,test
9635,calibration
9636,train
9637,train
9638,calibration
9639,train
9640,test
9641,test
9642,train
9643,calibration
9644,train
9645,calibration
9646,train
9647,test
9648,test
9649,calibration
9650,train
9651,test
9652,train
9653,calibration
9654,train
9655,train
9656,train
9657,calibration
9658,train
9659,train
9660,train
9661,train
9662,train
9663,train
9664,test
9665,train
9666,train
9667,calibration
9668,test
9669,train
9670,train
9671,calibration
9672,calibration
9673,train
9674,train
9675,train
9676,test
9677,train
9678,calibration
9679,train
9680,train
9681,test
9682,calibration
9683,train
9684,test
9685,test
9686,train
9687,test
9688,calibration
9689,calibration
9690,calibration
9691,calibration
9692,test
9693,train
9694,calibration
9695,calibration
9696,calibration
9697,calibration
9698,train
9699,train
9700,calibration
9701,test
9702,test
9703,train
9704,train
9705,train
9706,train
9707,calibration
9708,train
9709,train
9710,calibration
9711,test
9712,test
9713,train
9714,train
9715,train
9716,calibration
9717,calibration
9718,train
9719,calibration
9720,train
9721,test
9722,train
9723,test
9724,calibration
9725,train
9726,train
9727,calibration
9728,calibration
9729,train
9730,test
9731,train
9732,test
9733,test
9734,train
9735,calibration
9736,train
9737,train
9738,test
9739,train
9740,test
9741,train
9742,calibration
9743,calibration
9744,calibration
9745,train
9746,train
9747,calibration
9748,test
9749,train
9750,test
9751,test
9752,test
9753,train
9754,train
9755,test
9756,calibration
9757,train
9758,test
9759,test
9760,calibration
9761,train
9762,train
9763,train
9764,test
9765,calibration
9766,train
9767,test
9768,calibration
9769,train
9770,test
9771,train
9772,train
9773,calibration
9774,train
9775,train
9776,calibration
9777,train
9778,train
9779,test
9780,calibration
9781,calibration
9782,calibration
9783,calibration
9784,train
9785,calibration
9786,train
9787,train
9788,calibration
9789,calibration
9790,test
9791,calibration
9792,calibration
9793,calibration
9794,train
9795,train
9796,calibration
9797,calibration
9798,train
9799,calibration
9800,train
9801,train
9802,calibration
9803,train
9804,calibration
9805,calibration
9806,train
9807,calibration
9808,test
9809,train
9810,train
9811,test
9812,train
9813,train
9814,test
9815,train
9816,train
9817,train
9818,train
9819,test
9820,train
9821,train
9822,test
9823,calibration
9824,train
9825,calibration
9826,calibration
9827,calibration
9828,train
9829,test
9830,test
9831,train
9832,train
9833,test
9834,train
9835,calibration
9836,calibration
9837,train
9838,test
9839,test
9840,train
9841,test
9842,train
9843,calibration
9844,calibration
9845,train
9846,train
9847,calibration
9848,test
9849,train
9850,train
9851,train
9852,test
9853,train
9854,calibration
9855,test
9856,train
9857,train
9858,test
9859,test
9860,test
9861,train
9862,train
9863,calibration
9864,calibration
9865,calibration
9866,train
9867,calibration
9868,train
9869,train
9870,train
9871,train
9872,calibration
9873,test
9874,train
9875,train
9876,calibration
9877,calibration
9878,calibration
9879,train
9880,train
9881,train
9882,calibration
9883,train
9884,calibration
9885,train
9886,train
9887,train
9888,calibration
9889,calibration
9890,calibration
9891,calibration
9892,calibration
9893,train
9894,train
9895,calibration
9896,test
9897,calibration
9898,train
9899,train
9900,calibration
9901,calibration
9902,calibration
9903,test
9904,train
9905,train
9906,calibration
9907,train
9908,train
9909,train
9910,train
9911,test
9912,test
9913,train
9914,test
9915,calibration
9916,train
9917,train
9918,calibration
9919,calibration
9920,calibration
9921,test
9922,train
9923,calibration
9924,calibration
9925,train
9926,train
9927,train
9928,calibration
9929,train
9930,test
9931,calibration
9932,train
9933,train
9934,calibration
9935,train
9936,calibration
9937,calibration
9938,train
9939,calibration
9940,train
9941,train
9942,calibration
9943,calibration
9944,calibration
9945,train
9946,train
9947,test
9948,test
9949,train
9950,test
9951,train
9952,test
9953,train
9954,train
9955,test
9956,train
9957,calibration
9958,train
9959,calibration
9960,train
9961,train
9962,train
9963,train
9964,train
9965,calibration
9966,train
9967,calibration
9968,test
9969,train
9970,calibration
9971,train
9972,calibration
9973,calibration
9974,train
9975,test
9976,test
9977,train
9978,calibration
9979,train
9980,test
9981,train
9982,train
9983,train
9984,test
9985,train
9986,train
9987,train
9988,train
9989,test
9990,train
9991,calibration
9992,calibration
9993,train
9994,train
9995,calibration
9996,calibration
9997,train
9998,train
9999,test
10000,train
