UID,y_true,p_HDF,p_Normal,p_OSF,p_PWF,p_TWF
1,Normal,3.4360664069242443e-09,0.9999999808564025,7.924465544396826e-10,1.4153559723046927e-08,7.615246400825436e-10
4,Normal,1.3128755774528663e-09,0.9999999957046433,4.4447592596862037e-10,2.319570350449089e-09,2.184347624781259e-10
7,Normal,8.34112434504112e-10,0.9999999971695799,3.1710575113952297e-10,1.5004204652243655e-09,1.7878176552897588e-10
17,Normal,3.260289854299316e-08,0.9999999658906731,6.070662257100919e-10,4.362733110241882e-10,4.630887966336874e-10
28,Normal,1.3362000397985834e-09,0.9999999975569158,3.081809662210727e-10,5.06786795255105e-10,2.9191629052284037e-10
32,Normal,8.58784702872107e-09,0.999999982392818,3.4894342515868026e-09,2.4060532750762344e-09,3.1238475307100685e-09
34,Normal,1.568708738864041e-09,0.9999999969611029,6.374004449081725e-10,5.184436774484874e-10,3.143442657451503e-10
38,Normal,3.3010101076935812e-09,0.9999999911384555,1.1944524115427848e-09,3.6574512968589657e-09,7.086309986626165e-10
45,Normal,3.3366381327522056e-09,0.9999999798157473,9.707530687690589e-10,1.5080028497669955e-08,7.968330173963137e-10
48,Normal,6.54845125804616e-09,0.9999999664248178,3.210978430878723e-09,2.2223202574280614e-08,1.5925497701049922e-09
52,Normal,2.7642227907101612e-08,0.9999957604107578,2.4713112900179904e-08,4.183272150324028e-06,3.961751105195683e-09
58,Normal,2.954081632476116e-09,0.9999994853938553,1.5134184919939445e-09,5.095729949325617e-07,5.656496358908549e-10
59,Normal,1.383626765479856e-09,0.9999998370574431,5.55318293867549e-10,1.600947356669258e-07,9.088761676509101e-10
60,Normal,3.2962238081594574e-07,0.9999964052671064,2.967593633811107e-08,3.2310032861710824e-06,4.431290179705255e-09
63,Normal,3.0580985425809954e-08,0.9999952826990206,1.68648139546687e-08,4.655679666151779e-06,1.417551408208903e-08
67,Normal,1.8528925609195694e-08,0.999997205857793,7.0256444997989806e-09,2.7582721012563726e-06,1.0315535545293115e-08
69,Normal,5.937475418763047e-08,0.999989488527104,3.828808509796465e-08,1.0374168559864872e-05,3.9641496781011073e-08
76,Normal,6.55941149045564e-07,0.9995158599715259,3.1384791694327434e-06,2.3663253869021156e-06,0.0004779792827689443
79,Normal,4.984254049132873e-09,0.9999999634782113,4.717800570089814e-09,2.607852851300939e-08,7.412055150479696e-10
82,Normal,1.2182521655172733e-09,0.9999999959265116,4.296907777742192e-10,2.157514354950055e-09,2.6803116282311873e-10
83,Normal,2.058762101792961e-09,0.9999999929385452,7.262449416099061e-10,3.645685166653809e-09,6.307628751803106e-10
86,Normal,1.1006202093769432e-08,0.9999999704655946,2.538470173725615e-09,1.2767684965257684e-08,3.222048107887256e-09
89,Normal,1.2177423263300362e-09,0.9999999958440859,2.8087529520954465e-10,2.470619746421878e-09,1.866766179708114e-10
91,Normal,5.240016737345434e-09,0.9999999859148423,1.992103100881939e-09,4.9983892201854936e-09,1.8546486229897695e-09
92,Normal,4.376083250476788e-09,0.9999999885484331,1.6636599941544122e-09,3.773438248699575e-09,1.638385391948744e-09
94,Normal,1.1677067500313316e-09,0.9999999969977373,4.1191858829705575e-10,1.2404205507029562e-09,1.8221665608815688e-10
106,Normal,2.484541456900364e-09,0.9999999911786445,9.44551094430146e-10,5.002360695360912e-09,3.8990230880838576e-10
111,Normal,8.942378895201247e-09,0.9999999656174839,3.633975231330838e-09,1.373602096265557e-08,8.07014091929248e-09
112,Normal,1.3723330348306696e-09,0.9999999976703766,3.382871061397578e-10,4.5731210344525103e-10,1.6169090644520906e-10
117,Normal,5.430951942639473e-09,0.9999999762354036,2.206717310381437e-09,1.4187216507603887e-08,1.939710828119218e-09
118,Normal,1.3215920700441502e-09,0.9999999941351296,5.369922665422006e-10,3.784621567966928e-09,2.2166441276923777e-10
123,Normal,1.4833186351747224e-07,0.9999998063744298,1.8603722836205984e-09,4.244694541111614e-08,9.863886797158248e-10
124,Normal,3.9518086462583335e-09,0.9999999550129417,1.4683926939635595e-09,3.887821816453619e-08,6.886386246710977e-10
127,Normal,2.7030440469172832e-08,0.9999996323651089,1.3155800756975499e-08,3.259129728885396e-07,1.5356770786117697e-09
139,Normal,2.757729315703284e-09,0.9999999816941035,1.1079483712405524e-09,1.3958824886119147e-08,4.81393842136614e-10
140,Normal,4.72284990405014e-07,0.9999985678828059,9.668448743777008e-08,8.576872760854102e-07,5.4604399915500905e-09
142,Normal,1.0385079358139442e-08,0.9999999168327174,5.3204243910624296e-09,5.938591668716898e-08,8.07586213503883e-09
146,Normal,5.21491776756231e-08,0.9999994619148651,2.8759331274069163e-08,3.741259666066522e-07,8.305065944182301e-08
150,Normal,4.678416426907622e-08,0.9999995753724917,4.0570128635297944e-08,2.7641551100905373e-07,6.08577043183794e-08
151,Normal,3.6261142650801545e-09,0.9999999819945599,3.0130302246862094e-09,1.0589659269301658e-08,7.766364456825902e-10
153,Normal,7.63523647282566e-09,0.9999999548424459,3.3815542832435243e-09,3.147618935254639e-08,2.6645740227924953e-09
155,Normal,1.0246664911052215e-07,0.9999992616486488,1.398865571054548e-07,3.672054106730706e-07,1.287927342805055e-07
156,Normal,3.1291781232107666e-07,0.9999953878881993,1.443123810617619e-07,1.051450243134252e-06,3.1034313640462243e-06
160,Normal,5.651047107905479e-07,0.9995504031751032,0.0003081589232143448,1.8831250311178948e-06,0.0001389896719405389
162,OSF,5.055807180335075e-12,1.0934390411626673e-05,0.9999890655425638,9.888506412010956e-12,5.208033585950249e-11
167,Normal,1.3934416207158726e-09,0.9999999972794258,3.2138292795008597e-10,8.364104319895125e-10,1.6933928323331657e-10
168,Normal,5.484653261065711e-09,0.9999999892113552,1.2649793905900237e-09,3.489995463807563e-09,5.490166862108157e-10
171,Normal,4.561281313000631e-09,0.9999999799125581,1.05201423070319e-09,1.340119236303195e-08,1.0729541539035577e-09
175,Normal,3.961945335595076e-08,0.9999997858340653,5.528313299929436e-08,1.1787201502549458e-07,1.3913332873696394e-09
178,Normal,1.5588416591082385e-08,0.9999998210467993,5.926729802242708e-09,5.0800926712136765e-08,1.066371274598767e-07
179,Normal,2.5626137891677957e-09,0.9999999922624748,8.008823892773918e-10,4.0679067524549766e-09,3.061223253326482e-10
181,Normal,3.3678066507282816e-09,0.9999999893689276,1.0967218734387763e-09,5.764240390466898e-09,4.02303456556544e-10
182,Normal,8.799681579011623e-10,0.9999999985227028,2.0295548193864026e-10,2.080029011448038e-10,1.8637079889189928e-10
184,Normal,1.5378891493116364e-08,0.9999999246350096,5.846617086337079e-09,5.176167006160678e-08,2.377811490626685e-09
190,Normal,2.386364860925089e-09,0.9999999954115013,5.50392048464765e-10,1.3596253559196694e-09,2.921164608267622e-10
191,Normal,4.47137568900214e-09,0.9999999804575243,1.5692534205023216e-09,1.2967715657378724e-08,5.341309884459812e-10
192,Normal,1.6319887679270767e-09,0.999999994852649,6.204351556214788e-10,2.5187578024337178e-09,3.761691871931405e-10
195,PWF,7.50551394010886e-08,0.99634328513423,1.851234655696774e-08,0.00365657591669704,4.5381586834986335e-08
201,Normal,1.1205912671222513e-09,0.9999999950273999,4.553213088862526e-10,3.2090175922065766e-09,1.876698676342221e-10
204,Normal,3.2223466104184257e-09,0.9999999853749442,1.2842849815785792e-09,9.051408161486241e-09,1.06701614053411e-09
208,PWF,3.1252957087863234e-07,0.9862669349864098,2.6308419716993543e-07,0.013732438712919577,5.068690268583864e-08
212,Normal,7.4193073688483604e-09,0.9999999063284245,2.7568230565804655e-09,8.235558151562829e-08,1.139863586908197e-09
214,Normal,1.1673109067605251e-08,0.9999998997504184,3.86272060347489e-09,8.302916537805893e-08,1.6845865078304467e-09
219,Normal,5.390839210103291e-09,0.9999999689939204,2.154030232469249e-09,2.242859974676967e-08,1.032610469260495e-09
227,Normal,6.222721663358621e-09,0.9999999836299869,1.611451474649759e-09,8.102292142023974e-09,4.3354807446924124e-10
232,Normal,3.7537210008360435e-09,0.9999999826366285,1.8434710457503906e-09,1.0962212332194909e-08,8.039670906810128e-10
244,Normal,4.759717395032831e-09,0.9999998413218197,3.1770675203457993e-09,2.8254411078860135e-08,1.2248698434910585e-07
252,Normal,3.0335420358918644e-09,0.9999999909896625,6.996459149938848e-10,4.939902043622276e-09,3.372474710268822e-10
253,Normal,1.8868592399073473e-09,0.9999999935975599,7.173201272095814e-10,3.5025674933780464e-09,2.9569310753370645e-10
254,Normal,1.476700139901867e-08,0.9999999805010454,1.387349132672451e-09,3.047067756962047e-09,2.975364429777703e-10
255,Normal,1.5638341447800813e-09,0.9999999946765683,5.945252578939809e-10,2.9029417680758134e-09,2.6213026654061815e-10
256,Normal,1.2936175042652114e-09,0.9999999956131698,4.917965776016472e-10,2.401339232539633e-09,2.000769051667241e-10
257,Normal,0.0005764509571026599,0.9918801595537695,0.00010897545180816257,0.007381739155522533,5.267488179713498e-05
259,Normal,8.695737452251225e-09,0.9999999551056769,3.3058720252620087e-09,2.98997708686474e-08,2.9929425514408645e-09
261,Normal,4.392548599065648e-09,0.999999980625181,1.0344273990800117e-09,1.339795149468489e-08,5.498911932374265e-10
263,Normal,3.6019464917622097e-09,0.9999999896582935,8.307523353768472e-10,3.224157614900674e-09,2.6848501549787744e-09
271,Normal,4.278701043286604e-09,0.9999999633853034,9.868223722274492e-10,3.087881544577011e-08,4.703577347886934e-10
272,Normal,5.969661561471081e-09,0.9999999887460193,1.3768414642518315e-09,2.848240568156807e-09,1.0592371567514553e-09
276,Normal,4.3531404340762706e-09,0.999999936199894,4.092568624515047e-09,5.4772004961437654e-08,5.823919601609654e-10
277,Normal,3.030990625818212e-09,0.9999999734647318,6.990557163555366e-10,2.2131470431745014e-08,6.737512177741689e-10
281,Normal,3.0424771110288052e-09,0.9999999942722535,7.499864360121817e-10,1.5738907050951936e-09,3.6139199951159126e-10
283,Normal,3.287623080741731e-09,0.9999999938076904,8.27589906471884e-10,1.6778619108530363e-09,3.9923466746850555e-10
287,Normal,1.3289793470497384e-09,0.9999999957158581,5.399940003720587e-10,2.192268398994317e-09,2.229001157542183e-10
292,Normal,3.3203879348876055e-09,0.9999999875498186,1.2518657026734782e-09,7.4191753475201355e-09,4.587523805029283e-10
296,Normal,2.2373106170654468e-09,0.9999999902143554,6.512659833210458e-10,6.32950944295387e-09,5.675586582031754e-10
297,Normal,5.503147205880664e-09,0.9999999846183782,1.8211920454248678e-09,7.102914781091563e-09,9.543676095824533e-10
299,Normal,1.1691977350905242e-09,0.9999999970592903,3.4038577597099423e-10,5.298095933485364e-10,9.013168319760747e-10
300,Normal,2.3958631875721127e-08,0.9999998688213115,6.974092458089211e-09,4.4058498573319494e-08,5.618746550612656e-08
301,Normal,3.145031037827654e-09,0.9999999890763841,1.1686126936712329e-09,5.1473138595335656e-09,1.4626582097355538e-09
305,Normal,4.91526105135553e-08,0.9999997409228022,2.116624596902217e-08,8.730273494622073e-08,1.0145560641885978e-07
309,Normal,7.449624743046105e-09,0.9999999896569912,7.096117895658559e-10,1.7364875483432463e-09,4.4728463975330043e-10
313,Normal,2.2936096339999163e-08,0.9999998930834689,1.149400541913141e-08,5.109211537529695e-08,2.139431394623374e-08
316,Normal,2.540714306092587e-09,0.9999999876148339,1.401131352443797e-09,7.676657204183049e-09,7.666631519462105e-10
317,Normal,3.7581315080097845e-09,0.9999999711543722,2.072500772467163e-09,2.0203974180579515e-08,2.811021383707031e-09
326,Normal,3.5006851524102965e-08,0.9999997362525218,2.6501247965375784e-08,1.717767621822471e-07,3.0462616672405633e-08
327,Normal,2.5074675390268703e-08,0.9999903491531541,1.8993510022137607e-08,1.2312329984866125e-07,9.483655360529971e-06
328,OSF,7.352847415531767e-08,0.002018270001278048,0.9979750361255191,3.155498192840617e-08,6.5887897468639586e-06
329,Normal,1.1102744026819541e-08,0.9999896646299073,3.405212517124013e-09,2.3525100088784765e-08,1.0297337035985014e-05
335,Normal,2.4818108009146798e-09,0.9999999953800025,5.723975816898781e-10,1.1544968323298204e-09,4.1129211670052343e-10
336,Normal,1.1867617151188105e-09,0.9999999968666373,4.511662040678778e-10,9.326791053051273e-10,5.627556125747728e-10
337,Normal,1.4238249425047538e-09,0.9999999777277195,3.2841617505068586e-10,7.591798956192234e-10,1.976085943013972e-08
341,Normal,1.4076627206006939e-08,0.9999999401863477,4.965644910337987e-09,1.1064781307755996e-08,2.970659869039874e-08
345,Normal,6.019633117559026e-08,0.9983975458816982,1.3891448240910438e-08,0.0016022996401478227,8.039037453441901e-08
347,Normal,1.9160597700531047e-09,0.9999999965152706,4.4193740368150326e-10,8.091808619073652e-10,3.175512932098103e-10
350,Normal,8.254777962907919e-10,0.9999999981911052,3.1382317707006817e-10,4.4920780039122667e-10,2.2038590423393465e-10
353,Normal,1.4870164606259895e-09,0.9999999973333369,3.429879115716963e-10,4.746770429871354e-10,3.6198175250324847e-10
354,Normal,7.138436593446547e-10,0.999999998754419,1.6463786372281715e-10,1.8260214853923829e-10,1.844973558656224e-10
357,Normal,2.573593671913992e-09,0.9999999957431378,6.059025463834731e-10,7.199652214907286e-10,3.574006814527281e-10
363,Normal,1.9166714032180157e-09,0.9999999964156292,4.4205305032535203e-10,5.797088114654477e-10,6.459374501233446e-10
372,Normal,9.012638642777908e-10,0.9999999977150127,3.662036769112861e-10,8.101588253107313e-10,2.0736082901213379e-10
379,Normal,4.603878367528956e-09,0.9999999824301683,1.7106797525078043e-09,9.82936749281816e-09,1.4259061336392754e-09
380,Normal,1.478053833237591e-08,0.9999999386465792,5.492060060198994e-09,3.65075466340741e-08,4.573275798068212e-09
381,PWF,9.760304311362347e-07,0.42572210621011697,3.628752792548441e-07,0.574274907367883,1.6475162898437035e-06
382,Normal,4.780440065823233e-09,0.9999999859024973,1.7762886518647104e-09,6.288292499442313e-09,1.2524815605058893e-09
383,Normal,1.931017471483884e-08,0.9999999750245541,3.0129173516036534e-09,1.8065615217188325e-09,8.457922186332581e-10
384,Normal,5.057387240216232e-09,0.9999999862888012,1.4721471301300462e-09,4.942268092260591e-09,2.239396524663257e-09
390,Normal,1.8222422566359205e-08,0.9999998864938022,3.243919779633519e-09,8.889449752322868e-08,3.1453578146701244e-09
391,Normal,8.130954418342233e-09,0.9999998722264102,3.864508900301669e-09,1.1250609127815359e-07,3.272035369334447e-09
394,Normal,9.828988909615268e-09,0.9999999788324874,4.544217912930004e-09,5.597920561229515e-09,1.1963852384036274e-09
395,Normal,3.8923250683656145e-09,0.9999999861398063,1.9940940935943362e-09,6.961918933453696e-09,1.0118555467600596e-09
400,Normal,3.567193690005611e-09,0.9999999879053777,1.7520997499653756e-09,5.231430646518114e-09,1.5438982755618005e-09
402,Normal,1.344854994044711e-08,0.9999999114484305,7.416481494422751e-09,6.119821624548091e-08,6.488321938984138e-09
403,Normal,2.8875979287916388e-09,0.9999999812270831,1.5924229684402417e-09,1.3140239370523944e-08,1.1526565680052809e-09
406,Normal,1.020728714769185e-07,0.9970982680475589,0.002899140751209416,2.454745427779673e-06,3.438293224626973e-08
407,Normal,6.407955609319112e-09,0.9999998846613487,9.338663917112424e-08,1.2770658583798886e-08,2.7733978816253545e-09
412,Normal,2.6053216399864724e-09,0.9999991143439734,1.5299018166276853e-09,7.682236202263302e-09,8.738385669893973e-07
413,Normal,4.501278649023172e-09,0.9999988797019449,3.05004489230382e-08,7.842713333981844e-09,1.0774536144028702e-06
416,Normal,1.2418196874521979e-08,0.9999948796616321,1.6288355671858686e-08,8.340602556816097e-08,5.008225789763112e-06
417,Normal,1.7414983461396216e-08,0.999986199225137,2.304529351519936e-08,9.628218233120662e-08,1.366403240360332e-05
423,Normal,2.3322037881385593e-07,0.9999997091780264,2.0444546785710107e-08,3.205248833054916e-08,5.104559825832747e-09
424,Normal,1.1211602814232218e-09,0.9999999973438436,4.2623387943948696e-10,9.196941058834457e-10,1.890680109526989e-10
428,Normal,2.375433945461354e-09,0.9999999947729263,5.478611489062516e-10,1.9483157836935872e-09,3.554630414421013e-10
431,Normal,7.445331518548825e-10,0.9999999981473024,2.8305026349065404e-10,6.78474792386124e-10,1.466393774503978e-10
433,Normal,2.8170909633269034e-09,0.9999999936074497,6.497232620130545e-10,1.1896322474823152e-09,1.7361039771465732e-09
436,Normal,3.2579699376664575e-09,0.9999999924713753,1.2385874959101727e-09,1.6101978734288809e-09,1.421869577738014e-09
438,Normal,2.204770384174217e-09,0.9999999952735694,8.381909843978509e-10,1.0933506802674691e-09,5.901183831623623e-10
440,Normal,6.334620115100057e-09,0.9999999682962196,1.4609932742105652e-09,2.0219328006480463e-09,2.188623402576786e-08
443,PWF,2.6899290486948865e-05,0.9263336990754292,3.0954381540020405e-05,0.07353682328993388,7.162396261009141e-05
447,Normal,1.5668670705845644e-09,0.99999999654995,5.527250007157976e-10,9.70744581874357e-10,3.597132592365532e-10
451,Normal,7.67154235144454e-09,0.999999985748439,1.8910383372934338e-09,2.2461932409433354e-09,2.4427869506730296e-09
452,Normal,1.4015529129692028e-09,0.9999999975351705,3.4551797089707734e-10,3.931679376415177e-10,3.245905549335228e-10
455,Normal,6.982539216567892e-09,0.9999999789885807,2.6320880540769544e-09,7.612538274871735e-09,3.7842538070183214e-09
459,Normal,1.2835322689293328e-09,0.9999999968096991,5.215286579970855e-10,1.1539014698492898e-09,2.3133868699505465e-10
461,Normal,1.8867427158309623e-09,0.9999999967736237,4.5619311565726135e-10,5.884346912346922e-10,2.950058880571319e-10
467,Normal,8.598244544656851e-09,0.9999999747824677,3.194886663222194e-09,1.0731998208575836e-08,2.692402853389235e-09
477,Normal,2.5518521052133483e-09,0.999999961635155,1.3073503807052466e-09,3.360719590446091e-08,8.984463582449343e-10
478,Normal,4.596278489425233e-09,0.9999999543536898,1.8446847659299327e-09,2.9310289453932198e-08,9.89505744289461e-09
481,Normal,1.364625750398987e-09,0.9999999784537772,7.369392080437038e-10,1.894406317039644e-08,5.005946531482574e-10
482,Normal,1.4796671561086505e-09,0.9999999803494782,6.260353563148265e-10,1.696199814722927e-08,5.828209745508347e-10
483,Normal,7.475563549314902e-09,0.9999998706405931,4.122634673441007e-09,1.0696040662808853e-07,1.0800801890255429e-08
484,Normal,2.2927412245927728e-08,0.9999997386708007,3.217110857206186e-08,1.9900271354140034e-07,7.227965060365143e-09
485,Normal,3.5581022160599935e-09,0.9999999427765477,1.962189279501861e-09,5.0368068695003384e-08,1.3350921319860056e-09
486,Normal,6.498112865185725e-09,0.9999998799837659,2.4638602297585143e-09,1.0777175584323201e-07,3.282505151871741e-09
489,Normal,1.157159204003364e-09,0.9999999862774798,6.757267161678316e-10,1.1541949373767986e-08,3.4768478404056313e-10
493,Normal,4.422152771953992e-09,0.9999999740358654,2.5944099793756303e-09,1.766179978538182e-08,1.2857720396790707e-09
496,Normal,2.3024254235607575e-09,0.9999999569786834,9.902759533426734e-10,5.927651390459924e-09,3.380096363155813e-08
502,Normal,6.8912550611226325e-09,0.9999990549127927,4.41545705104286e-11,1.739190475454372e-08,9.207598926874408e-07
508,Normal,1.518186302677193e-09,0.9999999953940311,3.5764873699655235e-10,2.4762346034525353e-09,2.5389938710715573e-10
509,Normal,4.832662647440957e-09,0.9999988360034229,1.8374864968172755e-09,1.223138840893682e-08,1.145095039741447e-06
511,Normal,3.237746106298705e-09,0.9999999816409174,1.2308986997026463e-09,1.1399524821944453e-08,2.490912962422835e-09
512,Normal,1.22404859699148e-09,0.9999999930856838,4.653483555979188e-10,4.752869023197685e-09,4.720501037581987e-10
516,Normal,5.723863609320122e-10,0.9999999957787298,2.1760459736319985e-10,3.2120119781628576e-09,2.1926726250572385e-10
518,Normal,1.2931752200327784e-08,0.9999999363363018,2.2861581701579462e-09,4.647578167456548e-08,1.9700062794647842e-09
522,Normal,7.834223256959247e-10,0.999999997568362,2.9783481791273355e-10,7.325727506325364e-10,6.178079548964441e-10
523,Normal,5.043225168871096e-10,0.9999999986821666,1.6912628238941624e-10,5.447336396395824e-10,9.965098420794881e-11
534,Normal,1.5543149306151745e-09,0.9999999952410206,5.909052161976907e-10,2.0180245001228696e-09,5.957348937749281e-10
535,Normal,5.793871185639183e-10,0.9999999983213224,2.2026638474003976e-10,7.52239546329773e-10,1.2678436529106263e-10
536,Normal,1.157697023966931e-08,0.9999999847004251,6.849335101832359e-10,1.9920907369834595e-09,1.0455805481943046e-09
538,Normal,9.701812957012264e-10,0.9999999979531164,2.3915072892927135e-10,6.366150777434348e-10,2.0093669244221526e-10
539,Normal,1.1157703852189249e-09,0.9999999971777744,2.750385657294712e-10,8.214793956560856e-10,6.099371369522018e-10
551,Normal,2.36048613310211e-09,0.9999999916794761,8.77094522489339e-10,4.040417112102781e-09,1.0425259729791424e-09
552,Normal,6.0977508582902144e-09,0.999999986481463,5.962727658196619e-09,7.988823524925816e-10,6.591762087485701e-10
557,Normal,1.0055729185907993e-08,0.9999999804048961,2.0523915799229967e-09,6.484778539898767e-09,1.002204525881309e-09
558,Normal,2.7549874266800454e-09,0.9999999926240701,6.612911647455637e-10,3.5696073807719266e-09,3.9004383498315783e-10
559,Normal,2.327593627330707e-09,0.9999999909343821,1.0023171078738167e-09,4.888312234609031e-09,8.473949318972524e-10
566,Normal,1.3551182837954415e-09,0.9999999938522475,5.438674637465516e-10,3.6501601836960685e-09,5.986066074332341e-10
571,Normal,3.26125932443349e-09,0.9999999612845532,1.7984885775439332e-09,3.274333304762516e-08,9.123660288852584e-10
578,Normal,4.476916160793052e-09,0.9999999719776337,3.207696914271094e-09,1.8778348512963718e-08,1.5594046389685298e-09
579,Normal,2.1789720927428757e-08,0.9999998304226246,1.5615376276778377e-08,9.139504506697847e-08,4.077723291095991e-08
581,Normal,4.046500081515813e-08,0.9988251996259416,8.81468554717275e-09,1.2337342363806418e-07,0.0011746277209486685
583,Normal,9.95795784071114e-08,0.9999770593249037,1.9104375986363932e-05,1.0935737321099233e-07,3.6273621582628173e-06
587,OSF,7.7322268013789e-08,0.9984764962189271,0.0015199408896696598,3.2937654240416564e-07,3.1561925930267375e-06
588,Normal,7.964701529547604e-09,0.9999871101205982,1.0298977930184085e-10,1.7745186725759903e-08,1.2864066523754036e-05
590,Normal,3.343208266785854e-07,0.9949351127224587,5.305551078876516e-06,1.1655333180205133e-06,0.005058081872317739
591,Normal,1.3534098800436434e-07,0.9990584267608713,2.1370997551343122e-06,4.694194425248091e-07,0.0009388313789429707
597,Normal,5.300857411087883e-10,0.9999999970130509,1.777660212967689e-10,1.5107692821165478e-09,7.683280529843843e-10
607,Normal,1.6571037323846542e-09,0.9999999937874466,6.15406002304843e-10,3.7209608988760748e-09,2.1908273042892315e-10
608,Normal,9.534725428754626e-10,0.9999999976353242,3.197500981766763e-10,6.122629837521884e-10,4.791902948947791e-10
609,Normal,1.4368496130006713e-09,0.9999999965152893,7.229242392255323e-10,6.155229445467157e-10,7.094141038115952e-10
611,Normal,8.973428339540928e-10,0.9999999981694829,3.411440392347024e-10,3.1511530362720606e-10,2.76914944525948e-10
613,Normal,1.0622398012118748e-09,0.9999999978029936,4.0383314237267884e-10,3.75994795983e-10,3.549385402703777e-10
615,Normal,8.503604849700497e-10,0.9999999983067627,2.851870280403008e-10,4.2021240557348515e-10,1.3747758643322586e-10
621,Normal,2.1240126741606735e-09,0.9999999528724501,7.408172611199164e-10,4.3860856487226327e-08,4.0186356409053767e-10
624,Normal,2.4938791418680133e-08,0.9999978682880583,1.0134043837251247e-08,2.2140160058604742e-07,1.8752375061833182e-06
628,Normal,2.8774671519930312e-09,0.99999996867806,1.0848721210434113e-09,2.6873989826456644e-08,4.856111343705071e-10
632,Normal,3.537868766510966e-09,0.9999999909610772,1.4375152517227558e-09,1.9777877361482706e-09,2.0857510404681688e-09
636,Normal,4.215577711472249e-09,0.9999999903503264,1.5665363921449289e-09,2.267177445613679e-09,1.6003820969295937e-09
639,Normal,1.851458454878067e-09,0.9999999952798526,6.879543718811473e-10,1.3283063965651063e-09,8.524282068991328e-10
646,Normal,3.0480760977194243e-09,0.9999999884166079,1.0086187659606666e-09,6.929546794718954e-09,5.971503759128827e-10
652,Normal,2.1080552891843864e-09,0.99999996186674,1.079986915868893e-09,3.3828256838381074e-08,1.1169608661896485e-09
658,Normal,3.5640011939868686e-07,0.9996497759749557,8.597819961070146e-08,0.00034977255732583233,9.089399371047424e-09
659,Normal,6.527172465523368e-09,0.9999998664406452,3.59961457733339e-09,1.1258569573467964e-07,1.0846872131194023e-08
660,Normal,1.5218009217189578e-09,0.9999999674553852,7.786551817578312e-10,2.9770420375630392e-08,4.737385325908191e-10
661,Normal,2.764284956751244e-09,0.9999999732134828,1.048121494649426e-09,2.0027767994091807e-08,2.946342599694302e-09
665,Normal,2.956132539034498e-09,0.9999999543762216,1.7969526134013476e-09,3.94304752287481e-08,1.440218177166784e-09
669,Normal,2.952845358320495e-07,0.999997955249783,2.213581550013471e-07,1.3182306896335317e-06,2.0987683648000037e-07
672,Normal,1.3510150236803167e-07,0.9999259369017824,1.0116458131105856e-07,6.035663226432962e-07,7.322326581121238e-05
673,Normal,4.245369228198683e-09,0.9999950772633317,8.893615178160806e-10,9.501553625120821e-09,4.908100384060131e-06
676,Normal,3.2880804193243203e-09,0.9999999668307058,7.583572921216503e-10,2.8265397188727652e-08,8.574593079373152e-10
677,Normal,2.1022122693672733e-09,0.9999999936433255,4.848456625513022e-10,3.2977695671576583e-09,4.718471120919269e-10
681,Normal,5.72717204240617e-09,0.999999972100626,1.3208937602088678e-09,1.9781327430126754e-08,1.0699808387046013e-09
688,Normal,8.36570052923844e-10,0.9999999984969816,1.9294336986769133e-10,3.483169037953332e-10,1.2518781831849675e-10
697,Normal,8.459658891670357e-10,0.9999999982782297,1.9511051065373954e-10,3.7178222359468545e-10,3.0891166977410123e-10
701,Normal,7.048627757787483e-10,0.9999999987670884,1.6256678090968249e-10,2.1229388802301273e-10,1.5318800395342536e-10
702,Normal,1.872886125354921e-09,0.9999999960439272,7.609955449514244e-10,9.36043726392788e-10,3.8614749626450124e-10
709,Normal,1.7562749042938374e-09,0.9999999968762294,4.3295786609568124e-10,5.278288713351964e-10,4.067089029743452e-10
712,Normal,3.152045049750023e-09,0.999999992745326,1.118861494150178e-09,2.040432190212261e-09,9.433351979272282e-10
723,Normal,2.4800131210757995e-09,0.9999999927423417,8.20638313523101e-10,3.4711467429059028e-09,4.858602726689886e-10
725,Normal,3.761858663297138e-09,0.9999999889913417,1.2448118488682388e-09,5.265033740536737e-09,7.369542124458436e-10
728,Normal,3.507336146455382e-09,0.9999999893722339,1.183190582548739e-09,4.824041545212781e-09,1.113197647214038e-09
729,Normal,3.506120023020714e-09,0.9999999702292506,1.3017560258938944e-09,2.3553369886768194e-08,1.4095036262822206e-09
730,Normal,1.3650110068893246e-09,0.9999999920360344,6.993146882916267e-10,5.551164941266713e-09,3.48475134804473e-10
732,Normal,5.274657019270478e-09,0.9999999784744218,1.357546984998496e-09,1.3693355862001526e-08,1.2000181771591596e-09
740,Normal,2.2026416496750544e-08,0.9999998153239741,1.0803319409087611e-08,7.02981840947513e-08,8.154810614448071e-08
741,Normal,5.9215727562823204e-09,0.9999999577887833,8.490589768477242e-09,2.4731024284953864e-08,3.0680298976887157e-09
742,Normal,6.488773002267091e-09,0.999999940976599,3.789381429974919e-09,4.517206223202171e-08,3.573184193929089e-09
759,Normal,2.1569943418036888e-07,0.9997706832213304,4.281283098792593e-06,5.206983574805804e-06,0.0002196128125618224
760,Normal,1.4063365416509292e-07,0.9997870832265927,2.5076837291594683e-08,2.9626718454296383e-06,0.00020978839107044505
763,Normal,3.537054236250307e-06,0.9999817087096385,1.1943494414748967e-06,1.3477555278003603e-05,8.233140580153211e-08
767,Normal,2.992664242884436e-09,0.9999999730950061,1.1377258174914525e-09,2.1851598850737856e-08,9.23004948882664e-10
771,Normal,1.0866651771829413e-08,0.9999999461398819,1.0077313390005725e-08,3.1042365239553545e-08,1.8737877337199412e-09
772,Normal,4.097048976534419e-06,0.9999927671770164,5.521027571711754e-08,3.0473965515567235e-06,3.31671797882811e-08
775,Normal,2.074826733506379e-09,0.9999999883666048,7.476503413953208e-10,8.453214271669337e-09,3.577038047904368e-10
776,Normal,6.576272948569468e-09,0.9999999731287553,2.3200234444235233e-09,1.617099089985695e-08,1.803957292306769e-09
778,Normal,8.97715322824113e-09,0.9999999366482606,3.0461696889549587e-09,4.8745528771703535e-08,2.582887721920721e-09
779,Normal,2.85288946793553e-09,0.9999999788238694,1.0845864119930669e-09,1.6636847976338733e-08,6.018067965598754e-10
782,Normal,2.8987289187805994e-09,0.999999956617528,1.1020124567704745e-09,3.8618080273832545e-08,7.636504224760757e-10
783,Normal,2.9250158341791408e-09,0.999999979144399,1.1120062659383872e-09,1.6049650409854152e-08,7.689286326602261e-10
785,Normal,3.4246586327745622e-09,0.9999999753950765,1.3019555980096245e-09,1.879109267691996e-08,1.0872165213897864e-09
787,Normal,2.073874865903547e-08,0.9999999435596828,7.884269005366597e-09,1.849722058400637e-08,9.320079016535e-09
793,Normal,2.4089359690251526e-08,0.9999998930575046,3.898094458913851e-09,7.734460875781594e-08,1.6104325355166992e-09
802,Normal,1.503684916023394e-07,0.9999991859469933,1.0627690790708447e-07,5.458668562616237e-07,1.1540751061544298e-08
808,Normal,2.3509245243554256e-08,0.9999996843362258,8.736182179157793e-09,2.744228184557064e-07,8.99552838794436e-09
812,Normal,1.3434130369117839e-08,0.9999999656283415,4.991774111919004e-09,1.2697803886958284e-08,3.2479499907412617e-09
814,Normal,3.076894456178097e-08,0.9999999236467604,1.1432941075787285e-08,2.9082494595431e-08,5.068859384154068e-09
815,Normal,2.8080354038864655e-08,0.9999999280564779,8.174669632331518e-09,2.816026916971625e-08,7.528229320784921e-09
817,Normal,1.744374774268451e-08,0.9999999670640494,4.759402626390833e-09,8.359976462240195e-09,2.3728238594428615e-09
818,Normal,7.229386350119595e-08,0.9999998796184307,2.794248195950333e-08,1.5041470220026535e-08,5.103753678381272e-09
821,Normal,3.6438060991050145e-08,0.9999998470414427,1.5691083891882834e-08,6.918276576301294e-08,3.164664674577243e-08
822,Normal,3.384814284270798e-08,0.9999998524585156,1.3524772335859885e-08,6.426547557151895e-08,3.5903093341711667e-08
823,Normal,7.206590725619291e-08,0.9999993586905842,2.8923632220154514e-08,1.626721047266515e-07,3.7764777160232874e-07
825,Normal,8.797544774758e-09,0.9999993703702966,4.013743217834413e-09,6.145346143766574e-07,2.2838011267896113e-09
828,Normal,6.411259782170062e-09,0.9999996036522855,3.2845773095720383e-09,3.8519483391003285e-07,1.4570435640297006e-09
830,Normal,8.686558528844911e-09,0.9999994333894207,4.691010479698739e-09,5.501337628337249e-07,3.0992474742878348e-09
831,Normal,2.7037402631192443e-08,0.9999982364368136,1.4602235551521708e-08,1.7122763487346106e-06,9.64719930360855e-09
833,Normal,1.989649182666532e-08,0.9999981623072505,1.0972336870693876e-08,1.797613335722764e-06,9.210585093451025e-09
835,Normal,9.591243667350205e-08,0.99999566636574,4.5778515673315936e-08,4.182505208661391e-06,9.43809890454625e-09
837,Normal,1.3493086383526923e-08,0.9999985096754116,1.4252177496921286e-08,1.4586952129466803e-06,3.884111760400528e-09
839,Normal,8.0349081026709e-08,0.999991582783094,1.3281103390865028e-07,8.16712350876999e-06,3.693328237132951e-08
846,Normal,1.983636374965367e-06,0.9973618787713037,2.560785916144649e-06,0.0008584380827231249,0.0017751387236818574
849,Normal,7.954883576918731e-07,0.9992439734035812,0.0003085510971289264,0.000428672862431457,1.800714850066868e-05
863,Normal,3.099191976388713e-08,0.9999989130308939,7.147952542018722e-09,1.0417700833818648e-06,7.0591503852126515e-09
864,Normal,9.797412014449817e-09,0.9999993950615977,3.31697279785294e-09,5.899366648986726e-07,1.8873526369419313e-09
865,Normal,7.39528396934159e-08,0.9999947529583865,1.7058060218999213e-08,5.0987538841813305e-06,5.727682949628064e-08
866,Normal,1.1544660949408791e-08,0.9999993411127615,3.607623938927233e-09,6.419361298383294e-07,1.798823577927953e-09
870,Normal,2.2391141702150162e-07,0.9999976096672489,3.302320139836374e-08,2.1241598342285385e-06,9.23829814692209e-09
887,Normal,2.816513914923516e-08,0.9999995683930345,1.0618906033763832e-08,3.697819638068793e-07,2.304095661472702e-08
889,Normal,8.537800661522042e-09,0.999999835611309,1.3019348724290045e-09,1.5154974413500543e-07,2.999211394234426e-09
895,Normal,1.0371179680413478e-08,0.9999998656404238,3.432221710797394e-09,1.1884502207496618e-07,1.7111529568644244e-09
896,Normal,1.500926693971639e-08,0.9999997461599754,2.8048137918749406e-09,2.3354957616312803e-07,2.4763676825558543e-09
897,Normal,1.659119727788962e-08,0.9999998722361464,6.161099032546573e-09,1.0093858262682184e-07,4.072974818709931e-09
899,Normal,1.6541390121665332e-08,0.9999998265650626,5.704676933480636e-09,1.4845902472728864e-07,2.7298458487325835e-09
905,Normal,1.6039321362962084e-08,0.9999993789657775,4.011505120859501e-09,5.973317729327493e-07,3.651622949017468e-09
916,Normal,1.0628192893642518e-08,0.9999997860800189,2.5415304165426194e-09,1.9307697704972324e-07,7.673280559422839e-09
918,Normal,6.806388182128932e-08,0.9999965125782156,2.0535649771502088e-07,3.197332217818103e-06,1.66691868577276e-08
920,Normal,1.2771450153899162e-08,0.9999996163014804,3.8708924870794116e-08,3.290903367834534e-07,3.127807753648081e-09
924,Normal,3.2600246627327794e-08,0.999980317363354,5.238135282392008e-08,6.339260831128664e-07,1.8963728963572615e-05
925,Normal,1.6000365971503468e-07,0.9999589243676014,2.5611625644393036e-07,6.437716618763414e-06,3.422179586358277e-05
928,Normal,3.3158340403450376e-08,0.9999993756508351,3.3373010674125965e-09,5.834257969716838e-07,4.427726560797342e-09
929,Normal,7.327542152449024e-08,0.9999986159781039,2.7841385390813287e-08,1.2170114752540965e-06,6.589361398091886e-08
930,Normal,7.983940054447125e-09,0.999999876456705,2.843248750207601e-09,1.1133941413179865e-07,1.376691876910312e-09
933,Normal,1.3784058389196812e-07,0.9999995140682109,1.1825019045285915e-08,3.3175416468800644e-07,4.5120217840561306e-09
938,Normal,0.00043251127148168523,0.9977122202179537,9.60590311948249e-05,0.0017546581675559954,4.55131181367608e-06
954,Normal,9.800597098553243e-09,0.9999998444969633,3.7236317338065536e-09,1.3951808821197054e-07,2.460719644748051e-09
956,Normal,1.1492190250168859e-07,0.9999973379704935,4.369617873564728e-08,2.358446602876498e-06,1.4496482233462105e-07
963,Normal,2.1861440837236658e-08,0.9999971477662029,5.3889572581008386e-09,2.8219319683794046e-06,3.0514307293358466e-09
964,Normal,1.291572028220264e-08,0.9999987950585519,5.247938776136061e-09,1.1833105823817127e-06,3.4672066388683445e-09
966,Normal,1.4229008344191592e-08,0.9999986690961881,8.566037652604438e-09,1.3037448630902714e-06,4.3639029822841065e-09
968,Normal,3.75204190653893e-08,0.9999963524312997,9.248961959386335e-09,3.5831884126161425e-06,1.7610906421481108e-08
971,Normal,2.5618240671830285e-08,0.9999982164365692,1.021029180690104e-08,1.7409891719840225e-06,6.745726277552206e-09
981,Normal,1.6494887507209437e-08,0.9999992644124229,5.458157160529861e-09,7.10528862676546e-07,3.1056695937870505e-09
989,Normal,3.078095038723513e-08,0.9999954903683901,1.2353903617414628e-08,4.450815413534744e-06,1.5681342283803924e-08
991,Normal,1.4147002353159323e-08,0.9999980200259483,5.3219064309317394e-09,1.9578518756178393e-06,2.65326721485311e-09
993,Normal,1.0831002028770144e-08,0.9999985811824994,5.849076346389975e-09,1.3982744911447127e-06,3.862931060432239e-09
995,Normal,0.0009237983657300354,0.9474299971890129,6.675760784357716e-05,0.051448776646507245,0.00013067019090629288
997,Normal,3.221847992335858e-08,0.9999941002124229,1.9234694663945735e-08,5.843512421390326e-06,4.8219812598361055e-09
999,Normal,2.4987485568801165e-07,0.9998904782300277,3.640410816313378e-07,0.00010858936828625964,3.1848574864627886e-07
1000,Normal,7.771416183642443e-08,0.999988852804545,4.5388731288654575e-08,1.0967247761393514e-05,5.684480056897801e-08
1005,Normal,5.416376360516157e-08,0.9999878426013032,2.3236612571707118e-07,1.185573350436183e-05,1.513530297679151e-08
1006,Normal,5.696411010098773e-08,0.999826231399532,0.00015395863420961122,1.8629256320432606e-05,1.1237458281360974e-06
1007,Normal,7.605764167367973e-08,0.8905599692513079,0.1094138646870679,2.365698542806595e-05,2.433018554595824e-06
1009,Normal,3.813653186771625e-08,0.9999982887903606,1.2911169181889372e-08,1.6487762934541235e-06,1.1385644968753182e-08
1013,Normal,3.4896084414915923e-08,0.9999977962070722,8.048413154069582e-09,2.1549791544557652e-06,5.869275887743643e-09
1016,Normal,1.7715649508584763e-07,0.9999986304585102,1.5262076676121954e-08,1.1713857162609107e-06,5.73720181502826e-09
1019,Normal,3.1156273642448753e-07,0.9999759863386877,4.438067237059999e-06,1.9250175327061826e-05,1.3856012049677591e-08
1022,Normal,2.628719979615651e-08,0.999998771731985,6.062864879264471e-09,1.1924848353430341e-06,3.4331148070533197e-09
1023,Normal,2.6714077851833796e-08,0.9999990929400314,1.0155923309288503e-08,8.497136567693491e-07,2.047631074589864e-08
1026,Normal,2.9379412290884452e-08,0.9999986948291157,1.0363817615801225e-08,1.2143203139330788e-06,5.1107340515100546e-08
1027,Normal,3.0339933936846254e-08,0.9999981834087495,1.1534369405543167e-08,1.7514614219345537e-06,2.325552537304797e-08
1031,Normal,2.2310592519236066e-08,0.9999990386546511,8.481830639917172e-09,9.221194322061309e-07,8.43349328128341e-09
1034,Normal,8.449616149618025e-08,0.9999947171441782,1.9488143860843043e-08,5.154841793923569e-06,2.4029722427702737e-08
1035,Normal,1.7631566184248675e-07,0.9999871157123503,4.066830575917917e-08,1.2189839671118005e-05,4.77464011184173e-07
1038,Normal,3.5194459747821e-08,0.9999978027418461,8.117229025855703e-09,2.147100854488123e-06,6.8456104891966974e-09
1043,Normal,5.533080070651241e-08,0.9999983866047195,2.2482127130916482e-08,1.458392218201451e-06,7.719013449099321e-08
1046,Normal,1.0710754049811319e-07,0.999900058366656,9.81148550249267e-09,9.980924261008531e-05,1.547170812561542e-08
1047,Normal,5.127510586538892e-07,0.9999907719042165,2.93885785857415e-08,8.670051633646455e-06,1.5904512556498568e-08
1049,Normal,1.4747009340341892e-08,0.9999994741251744,5.992033942496956e-09,5.011769693949442e-07,3.958812748006639e-09
1054,Normal,1.4339641043989524e-08,0.9999999169107472,4.174168858756193e-09,5.9464821922379826e-08,5.110621148049237e-09
1059,Normal,9.43805406224629e-09,0.9999999551205783,3.506936518726586e-09,2.961748155062783e-08,2.31694939476416e-09
1061,Normal,6.8401352177314755e-09,0.9999999763936019,1.39116090411185e-09,1.4245613186713026e-08,1.1294886765396528e-09
1064,Normal,8.712146700982177e-09,0.9999999726297876,2.9390697792041283e-09,1.2121909929508464e-08,3.597085771171391e-09
1067,Normal,3.990755111215008e-08,0.9999997021512902,1.601689925684879e-08,2.1081769648102335e-07,3.1106562923933806e-08
1071,Normal,1.6097357862474792e-07,0.9999984117191709,6.460676736759162e-08,8.503672734086842e-07,5.12333209806856e-07
1073,Normal,1.046531565822111e-09,0.9999999898812949,4.427924250806374e-10,8.229683003294716e-09,3.9969798566229714e-10
1074,Normal,1.0031093068754997e-09,0.9999999903339755,4.823302463117835e-10,7.771727751460526e-09,4.088572416741975e-10
1082,Normal,1.5078020393622046e-09,0.9999999850912367,8.805419832133442e-10,1.2152948329412914e-08,3.674708984448503e-10
1086,OSF,2.6391552477863645e-09,0.02426596897706003,0.9757337947659664,1.3164766433940297e-07,1.0197015393086469e-07
1087,Normal,1.5085162334889416e-08,0.9999988553695328,1.6695549268729695e-07,4.1077483399605423e-07,5.518149783528679e-07
1095,Normal,1.7594789258870975e-07,0.9999997821839962,1.5157955266554993e-08,1.8630929508154703e-08,8.079226473042968e-09
1099,Normal,4.3637860132011446e-08,0.9999998907758575,1.0064623653812629e-08,2.2383384517811248e-08,3.313827419024782e-08
1101,Normal,1.5861794287988982e-08,0.999999965794485,3.65835108894665e-09,1.0832859186888497e-08,3.852510691599618e-09
1103,Normal,5.110595682037413e-08,0.9999999301391767,8.150078942494158e-09,8.120048142525049e-09,2.484739522726402e-09
1104,Normal,2.4655701067350107e-08,0.9999999423972903,5.686583884110975e-09,1.643339740295166e-08,1.0827026991903836e-08
1107,Normal,1.578552430463163e-08,0.9999999540522598,6.001201880294102e-09,1.9123820447039437e-08,5.0371932855189075e-09
1108,Normal,1.1715351122994756e-08,0.9999999762441766,2.702025252120867e-09,7.808458587058156e-09,1.529988547110642e-09
1116,Normal,9.803641218690022e-08,0.9999912806733021,2.4168706969224248e-08,8.515966380703562e-06,8.115519794450114e-08
1119,Normal,5.977906938036572e-08,0.9999982635863349,2.1630713722238936e-08,1.6383044855099893e-06,1.669939653633173e-08
1120,Normal,3.206352273226629e-06,0.9998579189769548,1.2072353237715494e-06,0.00013761548463238403,5.195081611658207e-08
1121,Normal,7.671924674592014e-08,0.9999851959746741,1.8911619893412817e-08,1.4689724674203049e-05,1.8669785086021618e-08
1122,Normal,3.951814819453945e-08,0.9999981372841389,1.489925187596894e-08,1.7759699881160566e-06,3.2328472911857155e-08
1125,PWF,5.80082614250917e-06,0.2852844994280129,7.894970729604499e-08,0.7146797852777388,2.9835518398490216e-05
1134,Normal,3.1699755995178746e-09,0.9999999866077975,9.10520264016262e-10,8.422646418607895e-09,8.890600786667638e-10
1135,Normal,7.071459584837376e-08,0.999999674117623,2.0941092441166322e-08,2.1767810250225348e-07,1.6548586193845808e-08
1143,Normal,3.290570094045432e-09,0.999999969471415,1.50127084722727e-09,2.4525366527570948e-08,1.2113774938854406e-09
1145,PWF,1.007643634868097e-07,0.15282704071678552,4.311480949369283e-07,0.8471650212806587,7.406090097328313e-06
1146,Normal,6.42325251083761e-09,0.9999999519668407,3.29072395677835e-09,3.395876968120512e-08,4.360413098108612e-09
1147,Normal,8.105462485282913e-10,0.9999999943047602,4.1525454298640527e-10,4.285242220908699e-09,1.841969691683567e-10
1150,Normal,4.614859023437363e-09,0.9999999555645875,2.1937747801412748e-09,3.625633049990647e-08,1.370448128793733e-09
1155,Normal,9.238623984383591e-09,0.9999999065158652,5.0948340101485105e-09,7.446337609660331e-08,4.6873007680144775e-09
1159,Normal,1.2212296068720685e-09,0.999999983325557,7.876477721765744e-10,1.415721417969005e-08,5.083516257364194e-10
1161,Normal,2.1314630291870107e-08,0.9999996147106015,9.151934650422476e-08,2.6012045952470933e-07,1.2334962083660966e-08
1166,Normal,7.30200273954545e-08,0.9893135859689975,1.1676026315508986e-07,9.523715829587095e-07,0.010685271879128702
1169,Normal,3.4316862014728958e-09,0.9999999182356465,4.194494255261841e-09,6.690282187385335e-08,7.235351216161467e-09
1176,Normal,3.283545721687288e-09,0.9999999926175849,7.573167374335403e-10,2.4235092297696084e-09,9.180435482597803e-10
1177,Normal,3.366055990830157e-09,0.9999999932562933,7.76345951118188e-10,2.099239834246089e-09,5.02064940014725e-10
1181,Normal,8.040526418255663e-09,0.9999999787494243,1.8544342145304632e-09,2.72945043488209e-09,8.6261647496895e-09
1183,Normal,1.561754985696845e-09,0.9999999957742371,6.416563776053881e-10,1.7024521279144602e-09,3.198994155823112e-10
1185,Normal,9.810214459227145e-10,0.9999999974704046,3.728866893305182e-10,8.94159478512931e-10,2.815279152706781e-10
1186,Normal,1.1105834995803793e-09,0.9999999969328386,6.256193432688427e-10,1.0122498004065957e-09,3.1870889129931395e-10
1190,Normal,1.4429998479558004e-09,0.9999999973212863,3.3281331525315293e-10,5.038159931261983e-10,3.990843026193505e-10
1196,Normal,1.5325829584737685e-09,0.999999993266883,3.4878648120550007e-10,4.51118242652757e-09,3.4056488748089266e-10
1198,Normal,1.885961656972709e-08,0.9999998823233002,4.2920927437561465e-09,8.858118244193357e-08,5.943808186882006e-09
1202,Normal,6.024098508678029e-09,0.9999998336305495,2.290189363693145e-09,1.5594575349895004e-07,2.109409133568492e-09
1204,Normal,1.3656341630938314e-09,0.9999999976568184,3.107917105769641e-10,3.6331073042752417e-10,3.034451226857075e-10
1206,Normal,3.0801950136994924e-08,0.9999999092137619,6.713917051018983e-09,5.2035176562347753e-08,1.2351942556788752e-09
1212,Normal,1.6026144692735454e-08,0.9999999211643009,3.8981211496994755e-09,5.351286788792882e-08,5.398565280549342e-09
1215,Normal,8.347775005330156e-09,0.9999999499866702,2.429982425115094e-09,3.660534470198564e-08,2.6302279056501243e-09
1227,Normal,1.4902938415105215e-09,0.999999993671592,6.417559300581244e-10,3.911690499944873e-09,2.8466755935382217e-10
1228,Normal,1.2493675094457092e-09,0.9999999958017167,4.791139979182122e-10,2.1972157870789697e-09,2.7258591032101677e-10
1230,Normal,2.136951111094188e-09,0.9999999943859543,5.424259564946584e-10,2.6579859186081928e-09,2.76682896090329e-10
1231,Normal,1.526860802841921e-08,0.9999985502284885,6.1288924852702446e-09,4.7661213170885195e-08,1.3807127978284178e-06
1234,Normal,7.044340967198766e-08,0.9999998981441355,2.6738874429871356e-09,2.7285638784892037e-08,1.4529284140342597e-09
1241,Normal,2.0049317443458704e-09,0.999999976485111,1.1710418464819302e-09,1.9607826261132466e-08,7.310892046721815e-10
1242,Normal,4.113232227294166e-09,0.9999999621812766,1.1655558349472685e-08,2.072681117022708e-08,1.323121517047471e-09
1247,Normal,5.5227858805947345e-09,0.9999995992966069,4.9947376997813935e-08,5.314350728829918e-08,2.9208972278443463e-07
1248,Normal,5.578888473068964e-09,0.9999998427584332,7.280429274999912e-09,1.2891340816959898e-07,1.546884093378464e-08
1256,Normal,8.129810677236921e-10,0.9999999982919054,1.9741857355448853e-10,5.596892034557856e-10,1.3800590786040793e-10
1259,Normal,3.410263607412715e-09,0.99999998744213,1.2154701518291004e-09,7.184588759990884e-09,7.475472779478376e-10
1260,Normal,3.5770635187246637e-07,0.9999995703846933,2.6961991924370924e-08,3.864603755144163e-08,6.30092528101215e-09
1261,Normal,1.2778190672877222e-09,0.9999999959222758,4.857902036223942e-10,1.5941168680116156e-09,7.199980500335469e-10
1269,Normal,9.671259558875886e-10,0.9999999982204313,3.677037461909709e-10,2.2075426517011136e-10,2.239847514778334e-10
1271,Normal,7.471272842281144e-07,0.8945176612169367,1.9679177858901556e-07,0.105445872870179,3.552199382140179e-05
1272,Normal,1.0321554599773004e-09,0.9999999984133348,2.380521249641742e-10,1.9268390138474633e-10,1.2377398004795882e-10
1277,Normal,5.041761096243539e-10,0.9999999991895485,1.1628318646029274e-10,1.0278734568525331e-10,8.720495791469792e-11
1279,Normal,3.2762575475234643e-09,0.9999999933347763,1.6583545218243107e-09,1.2375164833948823e-09,4.930951830903308e-10
1282,Normal,1.4956578224694824e-09,0.9999999970261009,5.710554887294215e-10,6.66319888851632e-10,2.4086589244001175e-10
1285,PWF,7.343312839651929e-09,0.9999999734622265,2.984189837513736e-09,8.596206728476266e-09,7.61406412306597e-09
1290,Normal,4.176228335015983e-10,0.9999999991645856,1.468475468438699e-10,1.271117072890225e-10,1.4383220768132259e-10
1293,Normal,1.052731336239626e-09,0.9999999972658731,3.0647021450104543e-10,8.34988424456352e-10,5.399370846463909e-10
1295,Normal,6.465485380696189e-09,0.9999999872318471,2.4024081784090074e-09,2.921280657067646e-09,9.78978392546666e-10
1296,Normal,1.0615678066609556e-08,0.999999971500339,8.188033798032942e-09,8.277010191431044e-09,1.4189389360316328e-09
1304,Normal,9.98267808592597e-10,0.9999999963922874,4.2987783221400683e-10,2.01889152170602e-09,1.6067531170552692e-10
1305,Normal,5.353097144094627e-08,0.999999526981756,2.3055107862674858e-08,3.3911063249651487e-07,5.7321532142340815e-08
1306,Normal,1.857311433557206e-08,0.9999998272568281,9.515256738684116e-09,1.2004608070780748e-07,2.4608720224289082e-08
1307,Normal,7.750179814902383e-09,0.9999999359796922,3.970528115969966e-09,5.0092829709668065e-08,2.206770094461724e-09
1312,Normal,5.463446769513007e-09,0.9999997009065664,2.7989987182195674e-09,2.8913501212015985e-07,1.695976140431912e-09
1315,Normal,1.3018518987262473e-09,0.999999977301062,5.50812002997665e-10,2.024795401162367e-08,5.983200580490159e-10
1326,Normal,3.227893164021406e-08,0.9999990873993161,1.4834778211405164e-08,8.396590627158694e-07,2.582791136012393e-08
1327,Normal,2.2992961813363057e-08,0.9999984868553476,3.125423627449307e-07,6.997717466003718e-07,4.77837581225405e-07
1331,Normal,4.8233668495316936e-08,0.9999622989177528,4.669692284752134e-08,1.8515979666066285e-06,3.575455368951794e-05
1333,Normal,4.226607427069824e-07,0.9993447572788658,3.0721368281177875e-06,2.6284015726475638e-06,0.0006491195219906564
1338,Normal,3.496129611580699e-09,0.999999971583419,1.1723837779026173e-09,2.3192377016357256e-08,5.556907943061374e-10
1358,Normal,1.3302584325512245e-09,0.9999999971178057,4.692648065425404e-10,5.676502536801903e-10,5.15020832900279e-10
1361,Normal,8.437131740806104e-10,0.9999999940839617,2.829460939891303e-10,4.380918922989464e-09,4.0846013796261595e-10
1365,Normal,5.140807379146345e-09,0.9999999431329828,1.9543876965303413e-09,4.7458387826300586e-08,2.3134343011248474e-09
1372,Normal,1.7379047075514133e-09,0.9999999930019596,6.228942433444832e-10,3.964238266565862e-09,6.730033123233247e-10
1374,Normal,2.2962937020172827e-07,0.9968546095136012,1.5408473291084937e-08,0.003145138144541792,7.304013514557345e-09
1375,Normal,3.085308187977123e-09,0.9999999802068014,1.4114231443265043e-09,1.3244467517858027e-08,2.0519998737808304e-09
1377,Normal,3.261991954650453e-09,0.9999999612679371,1.169356750152766e-09,3.180346187298148e-08,2.497252280545261e-09
1378,Normal,4.823455162300387e-09,0.9999998924575746,2.7027670863116263e-09,9.792895888348059e-08,2.0872443131948386e-09
1384,Normal,5.699072408517958e-08,0.9999994882405875,2.1561449540238907e-09,4.5160215634853175e-07,1.0103870721961253e-09
1390,Normal,5.455700466229292e-09,0.9999999058732221,2.0272010671998975e-09,8.58849660745398e-08,7.589102873354352e-10
1391,Normal,2.706275958171508e-08,0.999999557974335,3.104616661352899e-08,3.809476790259557e-07,2.9690597134755625e-09
1397,Normal,2.3550592920290826e-09,0.9999999599971929,1.2065306040767743e-09,3.594925192062328e-08,4.919650776325401e-10
1401,Normal,9.944062818816758e-05,0.62290377691005,9.48627286811598e-06,0.376942257664012,4.503852488174904e-05
1409,Normal,5.534305314175339e-09,0.9999999529172705,9.363847000248776e-09,3.114591268987284e-08,1.0386644921524707e-09
1412,Normal,1.328336567656832e-06,0.9997846426495894,8.57446389276063e-07,0.00011514150068050511,9.80300667732526e-05
1415,Normal,4.8722161190435844e-09,0.9999999815166304,1.950941671805452e-09,5.231613803615086e-09,6.428598240016038e-09
1416,Normal,4.550888031900051e-09,0.9999999776496873,3.600050561694331e-09,5.884542259925449e-09,8.314831849494044e-09
1418,Normal,2.6541782911940933e-08,0.9997850645687845,3.2735080862273896e-08,3.030823401299959e-08,0.00021484584611769286
1424,Normal,1.4245144893158956e-09,0.9999999961983548,5.415519881704045e-10,1.3956815593187589e-09,4.3989719098299336e-10
1433,Normal,1.5471448797039716e-09,0.9999999953239587,5.237962770329291e-10,2.3293280444493667e-09,2.7577202755546955e-10
1434,Normal,2.5384636643435164e-09,0.999999993437797,7.078536309009936e-10,2.906168262349794e-09,4.09717541651295e-10
1440,Normal,8.45046768452814e-10,0.9999999980842962,2.833938955428514e-10,2.894106339999193e-10,4.978524138245571e-10
1442,Normal,1.7848037784288388e-09,0.999999996691088,6.785314777519356e-10,4.3180944911019666e-10,4.1376724418042055e-10
1443,Normal,1.1666488383428027e-09,0.9999999975975018,3.9124598941883354e-10,3.836012650265342e-10,4.6100218126558293e-10
1447,Normal,2.3448392118962664e-09,0.9999999797119274,7.863625345820346e-10,1.5882417815810085e-08,1.2744532888885677e-09
1448,Normal,1.2069898180417876e-09,0.9999999955721832,4.0476281765828157e-10,2.4583339299346664e-09,3.577299949007966e-10
1449,Normal,1.5977478477379323e-09,0.9999999941387452,5.358029059053541e-10,3.254210184723713e-09,4.734935927739907e-10
1454,Normal,3.882377276047052e-09,0.9999999878021953,1.5074413619257635e-09,5.920359444914478e-09,8.876265764483063e-10
1456,Normal,2.3372937072276646e-08,0.9999996348424646,3.645691188105942e-08,3.014509839743133e-07,3.876702478874782e-09
1457,Normal,3.770663805491507e-09,0.9999999764460058,1.7249524960810173e-09,1.741261679685274e-08,6.457608972002787e-10
1458,Normal,2.975894882626043e-09,0.999999983124925,1.2632046096555649e-09,1.2173197946229226e-08,4.6277755418475715e-10
1459,Normal,7.81777685833338e-08,0.999999468975227,1.3019440229530141e-08,4.369598867271369e-07,2.867677741446268e-09
1461,Normal,3.187402923224218e-09,0.9999999086997285,1.9298396005782298e-09,8.46301043799342e-08,1.5529244881659156e-09
1462,Normal,2.9349751047786892e-09,0.9999999600034786,1.192613608945438e-09,3.546352065722674e-08,4.054121087514545e-10
1464,Normal,1.66116446459708e-09,0.999999988416418,6.749682961906911e-10,8.99657621988299e-09,2.5087294095721433e-10
1466,Normal,1.9718136052896897e-09,0.9999999962350647,7.858777797392256e-10,6.39400635905209e-10,3.6784338936703043e-10
1469,Normal,1.468787604309555e-09,0.9999999967613704,4.275550750053153e-10,1.10685140066354e-09,2.354355272075704e-10
1470,Normal,3.5682947204435374e-09,0.9999999913205232,1.3258865985470943e-09,3.103009608911255e-09,6.822860459975907e-10
1475,Normal,0.00016582910883718152,0.9894011706212396,9.972661417556657e-06,0.010371357044416303,5.167056408941295e-05
1484,Normal,4.277771889253511e-09,0.9999997745817184,2.1915638044071494e-09,2.1804554469081297e-07,9.034014471714004e-10
1488,Normal,2.3639780573357807e-09,0.9999999454774254,1.078764824796602e-09,5.066749999397554e-08,4.123317853888122e-10
1489,Normal,2.7560752905503292e-09,0.9999998993071536,1.4883654632026367e-09,9.57680353523782e-08,6.803701760443986e-10
1492,Normal,6.325189487268983e-08,0.9999998162128285,5.620730941988312e-09,1.1158266290151821e-07,3.331882903387343e-09
1494,Normal,3.4295818839752685e-09,0.9999995859545217,1.891318633324651e-09,4.0801633989519236e-07,7.082380601960711e-10
1500,Normal,7.04410088418099e-08,0.9999935898213266,2.8471959146608686e-08,6.231496722666185e-06,7.976898260221388e-08
1506,Normal,1.912345173568342e-09,0.9999999665845425,2.6072840363011113e-09,2.4461267207334183e-08,4.434561079394427e-09
1509,Normal,5.274724152647227e-09,0.999999319700455,3.06272256818048e-11,4.6718847126184315e-08,6.282753464286987e-07
1510,TWF,2.0328415344001888e-07,0.9998622385482281,3.105913204387449e-06,9.470239592550437e-07,0.00013350523045474396
1514,Normal,8.900051241260747e-10,0.9999999966888597,3.3835445216190875e-10,1.942915646381134e-09,1.3986502789014556e-10
1517,Normal,3.7914739650216786e-07,0.999999414302521,1.5550129302131298e-07,4.373559796590946e-08,7.313191564434958e-09
1518,Normal,9.475095699150338e-09,0.9999999718329334,2.1853306072745726e-09,1.5150882079037733e-08,1.355758211181527e-09
1519,Normal,1.9995046395305376e-08,0.9999999718355325,2.3536258731524456e-09,5.019031073261262e-09,7.967641820633401e-10
1520,Normal,1.837382728168471e-09,0.999999995874554,4.2377398353469136e-10,1.6212918474213561e-09,2.429976555848231e-10
1524,Normal,1.512214864900643e-09,0.9999999961895731,5.749009495389658e-10,1.1435661311478148e-09,5.797448876402272e-10
1528,Normal,8.874790368409134e-10,0.9999999985622268,2.046876753520585e-10,2.441517946962546e-10,1.0145484466162575e-10
1532,Normal,8.310717532497696e-09,0.9999999856940114,1.9167790542018076e-09,1.8749489392894273e-09,2.2035431038106327e-09
1533,Normal,1.513965915210783e-09,0.9999999975560834,3.4918022550181413e-10,3.641966619944317e-10,2.1657387161133737e-10
1536,Normal,9.128056231230617e-10,0.99999999793703,3.4702265640831045e-10,6.742552943479013e-10,1.2888652530058832e-10
1537,Normal,1.9766770402542062e-08,0.9999999783805162,8.746952239800078e-10,5.566907925912516e-10,4.2132713485806034e-10
1538,Normal,2.789351116262481e-09,0.9999999942585476,6.433359886830862e-10,1.1285968740199567e-09,1.1801683119407196e-09
1542,Normal,7.610322196043767e-09,0.9999999648741543,3.094013089474978e-09,1.6525596176683548e-08,7.895914232547156e-09
1545,Normal,7.713007715080924e-09,0.9999999796694488,3.82891638773606e-09,7.685535442766881e-09,1.1030918062369035e-09
1547,Normal,5.8302950614788545e-09,0.9999999741672612,1.7758192538124634e-09,1.746318477178516e-08,7.63439906096583e-10
1550,Normal,4.691977057696546e-09,0.9999999864541467,1.906452124618313e-09,5.60154655863867e-09,1.3458777969052316e-09
1553,Normal,1.039180672907761e-08,0.9999999389802816,3.6937947600332357e-09,4.349352293177003e-08,3.440593760060625e-09
1554,Normal,4.835563218053985e-08,0.9999995704367253,2.406962291182723e-08,3.546258654743894e-07,2.5121541188448175e-09
1555,Normal,1.2692354148133895e-09,0.9999999923252959,3.6946600313575974e-10,5.776062955699883e-09,2.5993995426803474e-10
1556,Normal,2.472933813662886e-09,0.9999999831817913,9.188786407816731e-10,1.3113970990000157e-08,3.1242527831665844e-10
1558,Normal,1.514645133838532e-08,0.9999998858791127,5.628026447483183e-09,9.0625952267594e-08,2.7204573836047305e-09
1566,Normal,6.070591303829384e-09,0.9999999432984849,2.425640900154131e-09,4.7316398929409674e-08,8.888840135673955e-10
1568,Normal,3.334848728989465e-09,0.9999999698091344,1.7084911408814812e-09,2.4510223289853762e-08,6.373024876608169e-10
1576,Normal,6.020905147211398e-08,0.9999979714898745,3.2534257776310644e-08,1.880739402698503e-06,5.5027413525946556e-08
1579,Normal,2.787946187097236e-09,0.9999999750499735,1.5374726714849072e-09,2.000115972949236e-08,6.234476968647927e-10
1581,Normal,1.1342119207838269e-08,0.9999999381288087,4.3001466083941354e-09,4.270150433112376e-08,3.52742108953165e-09
1583,Normal,3.758426298895342e-09,0.9999999843657774,1.896558319082344e-09,9.203340090885147e-09,7.758977557964166e-10
1584,OSF,6.050748498499505e-07,0.9744481769791917,0.025493333129382345,5.768568473097486e-05,1.9913184513413657e-07
1588,Normal,1.2713918859458199e-08,0.9999999475552691,5.1139395669539295e-09,3.231353666563773e-08,2.3033357666339506e-09
1591,Normal,2.5944626006705017e-07,0.7361555274687003,7.506973968256324e-07,1.2549648301623853e-06,0.2638422074228126
1592,Normal,3.2529655565199454e-07,0.9995966331122219,0.0003866557402862436,2.498119557528013e-07,1.613603898057233e-05
1594,Normal,1.399384988381592e-07,0.9999808398290646,1.9374696120596626e-07,1.6859072393336373e-06,1.7140578236120642e-05
1596,OSF,4.7507916903881864e-11,6.2011089984357e-05,0.9999379882702828,1.6036531964855089e-10,4.3185945374409266e-10
1598,Normal,2.822426818811548e-09,0.9999999930057408,1.0729913084608523e-09,2.698457989785533e-09,4.003832321947379e-10
1599,Normal,7.799723508449784e-09,0.999999911829033,2.9651913300938628e-09,6.887994573499924e-08,8.526106384931936e-09
1600,Normal,3.943875778379651e-09,0.9999999588951102,1.4994785135957265e-09,3.483217075236551e-08,8.293647906653499e-10
1602,Normal,2.3120271183067835e-09,0.9999999870581713,8.78966943749984e-10,8.40934301783074e-09,1.3414916173314588e-09
1606,Normal,5.398465334879863e-09,0.999999973414057,1.8277019743571643e-09,1.8040277137199135e-08,1.31949855374542e-09
1609,Normal,8.632131825229422e-09,0.9999999509939697,2.9224879878000282e-09,2.3520262929560647e-08,1.3931147501071594e-08
1611,Normal,3.661155601115844e-09,0.9999999819253572,1.3918672163597548e-09,1.0635308490754036e-08,2.3863114552476444e-09
1612,Normal,4.2545358443169036e-09,0.9999999839111151,9.812493569182122e-10,7.315328644429876e-09,3.5377711223571003e-09
1617,Normal,4.888073093730633e-09,0.9999999778321969,1.127364376412065e-09,1.251169619036014e-08,3.6406691909303295e-09
1624,Normal,1.0453360614438795e-07,0.9999785277722939,3.974628890171596e-08,2.993105432923486e-07,2.1028637267660587e-05
1631,Normal,2.7012462980976236e-09,0.9999999678016508,9.77431508290125e-10,2.8093366185807003e-08,4.2630527611902523e-10
1634,Normal,4.64202137944985e-09,0.9999998998864019,1.8862644112661042e-09,9.294392446888944e-08,6.41387649248038e-10
1635,Normal,9.751834222517608e-08,0.9979284471160681,1.4149922743931722e-08,0.0020714316029624247,9.612704462517889e-09
1636,Normal,5.022813294488159e-08,0.9999966066582084,3.3986158691410034e-07,2.992664868177952e-06,1.0587203704676839e-08
1640,Normal,2.4614708395256307e-09,0.9999999829704423,6.067554260120119e-10,1.366885170836304e-08,2.924797001281636e-10
1645,Normal,2.6120343876797274e-09,0.9999999288991717,9.705647509591557e-10,6.711763352114286e-08,4.0059585380367513e-10
1656,Normal,6.107906949062859e-09,0.9999999560845977,2.451410529189147e-09,3.080516889397838e-08,4.5509159336903485e-09
1657,Normal,1.8433109873014965e-09,0.9999999855747974,9.443548261478167e-10,1.128393061100812e-08,3.5360614145192134e-10
1658,Normal,3.1650622139909384e-08,0.9999999173062617,3.8618929769845795e-09,4.552922527504969e-08,1.6519980267945552e-09
1660,Normal,6.301637551908097e-09,0.9999999317866204,3.2284122265863346e-09,5.7020118125561135e-08,1.6632118420453813e-09
1662,Normal,6.540359032365297e-09,0.9999999659817378,2.766914868524417e-09,2.244131045866332e-08,2.269677637451022e-09
1663,Normal,1.2994409641561364e-08,0.9999999530673345,5.614092914494501e-09,2.4360889669057756e-08,3.963273322087932e-09
1666,Normal,3.781388005817757e-09,0.9999999829432623,1.6336588561191519e-09,1.079280699699614e-08,8.488838784587127e-10
1668,Normal,1.027888318659052e-08,0.999999880344261,9.606012070005272e-09,9.59753242729034e-08,3.795519382016115e-09
1669,Normal,1.3785094460771045e-08,0.9999998580241352,1.2881468316465723e-08,1.0800084114615924e-07,7.30846108645015e-09
1674,Normal,1.4222165244733135e-08,0.9999994428081882,6.373353167698445e-09,6.478061693921263e-08,4.7181567635663e-07
1678,Normal,1.0737140801157627e-07,0.9999290925150576,2.793139440834468e-08,3.666434955436189e-07,7.040553864433335e-05
1682,Normal,3.893431235475422e-07,0.9882387400491285,5.084582982867683e-09,2.2751842780606863e-06,0.011758590338887154
1683,TWF,6.329376512871393e-08,0.9999616077151238,9.834795054562054e-10,2.3398894221641313e-07,3.8094018689322386e-05
1690,Normal,8.848935073479443e-09,0.9999999764735908,3.364110356852963e-09,8.581194702846416e-09,2.732168805638732e-09
1693,Normal,5.307455523344013e-09,0.9999999883229002,1.2241095442336889e-09,3.9648563924571675e-09,1.1806783765791273e-09
1699,Normal,4.332702696996515e-09,0.9999999891466941,1.6471688282372615e-09,3.3551310512535113e-09,1.5183034247472641e-09
1700,Normal,2.9025830824677958e-08,0.9999998510464436,9.319140307314383e-09,1.099191025140421e-07,6.894827335331249e-10
1703,Normal,3.335172948529025e-09,0.9999999707181992,1.1288160331431159e-09,2.4084225243437945e-08,7.335865733738126e-10
1706,Normal,6.432453813365636e-09,0.9999999210018298,1.4835811223992936e-09,6.956721065159394e-08,1.5149245137543021e-09
1708,Normal,4.674386595044012e-08,0.9999982022491793,1.582542937185376e-08,1.7219506581040838e-06,1.3230867076675328e-08
1715,Normal,4.979946656661188e-09,0.9999998052094983,1.72063066260486e-09,1.8743220171491894e-07,6.577229145330068e-10
1717,Normal,2.0715808497210282e-08,0.9999987438447023,8.417290809225263e-09,1.223312848216857e-06,3.709350074688561e-09
1718,Normal,1.5793477956728818e-07,0.9999996779074805,3.397171440692668e-08,1.2539791709477808e-07,4.788108085436912e-09
1721,Normal,1.9229128463956785e-08,0.9999988353420082,7.24983498638565e-09,1.1355228935993312e-06,2.6561348960549423e-09
1725,Normal,2.3941937202701684e-08,0.9999991083643399,4.266622016274954e-09,8.605193664336262e-07,2.9077344634552888e-09
1729,Normal,3.572335562836611e-08,0.9999921722347854,1.348952937006908e-08,7.77360354029209e-06,4.9487894578063426e-09
1734,Normal,5.610054043412281e-09,0.9999993334395219,2.0845554326604347e-09,6.58085323561339e-07,7.805453050844656e-10
1738,Normal,1.7379653044854523e-08,0.9999997041590454,6.4578228614774325e-09,2.676794366533012e-07,4.324042167118588e-09
1743,Normal,2.598786992721966e-08,0.9999999027922591,4.4500307678570485e-09,6.507239645976731e-08,1.697443550012231e-09
1745,Normal,3.713839093661936e-08,0.9999988762397726,1.535615760105699e-08,1.0640723507010076e-06,7.1933283248908555e-09
1751,Normal,1.1503922320738417e-08,0.9999999231077427,4.361967376831291e-09,5.6571161794413e-08,4.455205822889369e-09
1753,Normal,7.054376702697784e-08,0.9999996115903304,3.890283687651867e-08,1.722783909374396e-07,1.0668467476942635e-07
1755,Normal,4.4317550313894915e-08,0.9999997517464246,1.6791358123777225e-08,1.733612234794937e-07,1.3783443444317392e-08
1756,Normal,4.795723772793383e-09,0.9999999724241025,4.583169811452834e-09,1.6666903529653307e-08,1.5301003581000022e-09
1760,Normal,2.3048385005593418e-08,0.9999999015855515,9.686886860412113e-09,5.9268930034660896e-08,6.410246720141842e-09
1766,Normal,5.227552633067152e-08,0.9999999046620303,1.0675320576782401e-08,3.089356732842853e-08,1.4935555121438667e-09
1767,Normal,6.729355842259714e-09,0.9999999348748974,1.552056098600098e-09,5.519111510245345e-08,1.6525755517525632e-09
1768,Normal,4.259237631457138e-09,0.9999999589661573,9.823499660270216e-10,3.4932421576811e-08,8.598335326100416e-10
1772,Normal,6.10687520296201e-09,0.999999789301901,2.1543719854413124e-09,2.0098552807160775e-07,1.4513235810317409e-09
1773,Normal,5.841573447597688e-09,0.9999993299165675,2.220344811076335e-09,6.606064065261889e-07,1.4151074182044473e-09
1774,Normal,1.0187412716697632e-07,0.9908317421369128,4.848301935308442e-07,0.009167660413513641,1.074525261590937e-08
1778,Normal,7.625165912356954e-09,0.9999999812395578,1.7586663632728698e-09,5.484760549866143e-09,3.891849412120122e-09
1779,Normal,4.81434637725763e-08,0.9999998786885514,2.702325162213218e-09,6.97666200753336e-08,6.990396373831156e-10
1781,Normal,4.047112777986765e-09,0.999999963783514,1.538595720634196e-09,2.999567173162668e-08,6.351059040773428e-10
1790,PWF,3.031621024422015e-07,0.017477450774635823,1.291831866319984e-07,0.9825198161562209,2.3007238542766763e-06
1791,Normal,3.2488988436498964e-08,0.9999965951112392,1.2352459477515973e-08,3.3511610892103128e-06,8.886223947979552e-09
1796,Normal,1.0474223909179399e-08,0.9999998688354007,2.5819476708478253e-09,1.1450145122415508e-07,3.6069765390723684e-09
1801,Normal,2.310986860281392e-08,0.9999999073418463,5.696602851054629e-09,2.755167021828656e-08,3.630001215891234e-08
1805,Normal,7.27736444258869e-09,0.999999075247389,3.5194741292140668e-09,9.126366506770992e-07,1.31912179875329e-09
1806,Normal,5.444633645713698e-07,0.999998783371777,1.4874665152014902e-08,6.506841828266481e-07,6.606010387979378e-09
1808,Normal,1.8239801693179672e-08,0.9999999278461488,6.77743252096202e-09,4.2347473213386225e-08,4.789143950515814e-09
1810,Normal,7.846290927525306e-08,0.9999969090562184,2.915473106214169e-08,2.963809523794528e-06,1.9516617446821952e-08
1818,Normal,2.2169199835467796e-08,0.9999997940978882,9.546565086223111e-09,1.6866725305054293e-07,5.519093837967629e-09
1820,Normal,4.624685537746282e-08,0.9999997249653337,1.856514623661016e-08,1.5451269152268356e-07,5.5709973154020284e-08
1827,Normal,3.520816905340046e-09,0.9999999897693362,1.4895054239306773e-09,3.783940412230448e-09,1.4364010847106757e-09
1830,Normal,2.373904718756618e-06,0.9991199515376401,1.3092900903437719e-06,1.3045840549427912e-05,0.0008633194270012566
1835,Normal,1.034821474212154e-08,0.9999999406255045,6.0433299324513245e-09,3.339243548862581e-08,9.590515429407746e-09
1836,Normal,6.354632346671384e-08,0.9999995700749328,2.90488940854134e-08,1.0618109399256661e-07,2.3114875551022296e-07
1837,Normal,2.490692476133645e-07,0.9999973357409135,1.8850113271912253e-07,7.33965904208528e-07,1.4927228020073394e-06
1839,Normal,8.638124415598766e-08,0.9999995321882597,3.173691184572573e-08,1.6195427667218834e-07,1.8773930766930917e-07
1842,Normal,2.6421082873296804e-09,0.9999999904527145,1.0044387145703854e-09,2.5618493073009004e-09,3.338889157221341e-09
1855,Normal,3.52292409030446e-09,0.9999999927328747,8.125146075316477e-10,2.347859526750138e-09,5.838269868268134e-10
1856,Normal,1.7015213923480186e-05,0.9999792899162767,1.4231264588792073e-07,2.6578523664025797e-06,8.947047875266041e-07
1858,Normal,3.225932747026838e-09,0.9999999894465802,1.2264067568208454e-09,3.907769277699462e-09,2.193311100905644e-09
1862,Normal,4.9934899911915335e-09,0.9999999868350029,1.1516778221216553e-09,5.313330877063568e-09,1.7064984366000694e-09
1864,Normal,5.951934897125521e-09,0.9999999561449812,1.3727309327462197e-09,3.547544939768806e-08,1.0549033446513978e-09
1866,Normal,2.9255871315041966e-08,0.9999995222483564,1.1122240006558365e-08,4.2668002316172827e-07,1.0693509078653409e-08
1873,Normal,1.258530919173122e-07,0.9999995492888958,5.0183191119621194e-08,2.726108893322291e-07,2.0639318279676607e-09
1875,Normal,1.760335934712248e-09,0.9999999842620335,7.152638191813685e-10,1.2967118317470054e-08,2.952484434650784e-10
1876,Normal,1.1945123903148297e-07,0.9999985424316966,9.77957569858598e-09,1.3254786085127145e-06,2.8588799987355717e-09
1877,Normal,9.61756477619421e-06,0.9999697552466481,4.4717178267312325e-06,1.6021328238346027e-05,1.341425108111109e-07
1879,Normal,7.3258816953856954e-09,0.9999999164443124,1.8056994126256178e-09,7.294324375963398e-08,1.4808627492694182e-09
1880,Normal,8.808796932489677e-09,0.9999998857858111,2.171411062212705e-09,1.010161378000931e-07,2.2178430523050533e-09
1884,Normal,9.016847854030733e-09,0.9999999685808741,2.6229157980041358e-09,1.762636134072916e-08,2.1530007337753256e-09
1889,Normal,2.778601683310324e-07,0.9999310262564057,8.089318458423887e-08,5.280770579530261e-07,6.80869131833496e-05
1890,Normal,5.387615214133518e-09,0.9999999880698273,1.5682696415424245e-09,3.2041784323014893e-09,1.7701093177745937e-09
1891,Normal,2.1468123888659806e-08,0.9999999340499549,7.976997551343415e-09,3.048270107980952e-08,6.0222226482478105e-09
1895,Normal,8.981862600917499e-08,0.9999944478939284,3.0304185380398117e-08,7.637200240984818e-08,5.355611257555734e-06
1901,Normal,1.3597708491233788e-08,0.999999944857422,5.457343649452383e-09,1.3863898164275509e-08,2.222362777893626e-08
1906,Normal,2.3539365676056657e-08,0.9999998808305581,1.2981259140751397e-08,7.595835749180603e-08,6.690459650647591e-09
1910,Normal,3.447163062979056e-09,0.9999999453771654,1.7815248303285734e-09,4.836367873966634e-08,1.0304680892665177e-09
1912,Normal,8.735638421221339e-08,0.9999966560219128,2.064740218714672e-06,1.1703538710408008e-06,2.152761325448719e-08
1919,Normal,9.882757523988184e-09,0.9999999216144105,2.279218829086263e-09,6.447259156814978e-08,1.751021462029489e-09
1921,Normal,6.030254848709291e-09,0.9999998074583896,2.2928130479948925e-09,1.7940084664359782e-07,4.81769571189435e-09
1925,Normal,2.1605790894348023e-08,0.9999999647659631,2.5383985514503047e-09,1.0545296913730554e-08,5.445506007139579e-10
1927,Normal,1.6834621909999844e-08,0.9999999065760282,6.400033939820114e-09,6.709595325949604e-08,3.093362809885686e-09
1929,Normal,4.225769075625813e-09,0.999999976895695,1.6065156158858922e-09,1.6494583441144856e-08,7.774369417513283e-10
1931,Normal,4.106800946742162e-09,0.9999999816586237,9.471928482735758e-10,1.2117547031699322e-08,1.1698354768262286e-09
1932,Normal,6.915882326504438e-08,0.9999985306968403,1.595192331012451e-08,1.0245140962929906e-06,3.596783169354748e-07
1935,Normal,2.7584820752347497e-09,0.9999999653747337,1.048695392179203e-09,3.035672553569913e-08,4.613633536291826e-10
1938,Normal,3.184058170566025e-09,0.9999999094468399,1.0779814320314985e-09,8.582099310159939e-08,4.701274829787932e-10
1944,Normal,1.8565152183903833e-08,0.999996819631672,7.0579329230859925e-09,3.151109128806037e-06,3.636114212379966e-09
1949,Normal,1.5532662478313307e-09,0.9999999943416615,5.259103094210505e-10,3.2590968851446674e-09,3.200651001629437e-10
1970,Normal,1.0329325915218569e-08,0.9999999651703603,3.006743361871935e-09,1.1361987883628356e-08,1.01315825995542e-08
1973,Normal,3.605693819299634e-08,0.9999998914310286,1.339780903937958e-08,5.120175194962008e-08,7.912472236953888e-09
1981,Normal,6.8520633373790075e-09,0.9999999610255523,1.2083753748336626e-09,2.9889713594811446e-08,1.0242955882466336e-09
1983,Normal,1.319881440481569e-08,0.9999998258688797,5.2972576287630605e-09,1.506111853254136e-07,5.023862786933107e-09
1989,Normal,5.749335570385785e-09,0.9999999766061739,2.483857456597497e-09,1.3774579751067548e-08,1.386053228410814e-09
1990,Normal,1.1946548354842881e-08,0.9999997877807218,6.588170557452752e-09,1.899722352575726e-07,3.712324156732209e-09
1992,Normal,8.354230120421465e-09,0.9999999277019748,3.6990762623679702e-09,5.706636237481299e-08,3.178356552836953e-09
1995,Normal,1.1093313486788808e-08,0.9999999572829279,4.1858602565865046e-09,2.546267448048138e-08,1.9752238638890066e-09
1998,Normal,4.78324953356292e-09,0.9999999553850525,1.8183161188774035e-09,3.551967315238008e-08,2.493708591815538e-09
2000,Normal,5.510002712925251e-09,0.9999995306590188,2.094716851880674e-09,4.608128529119913e-07,9.234087379724727e-10
2006,Normal,1.715384447535792e-08,0.999999904728422,6.52140372086552e-09,6.617017316486645e-08,5.426156544056803e-09
2009,Normal,3.3965525311003596e-09,0.9999999801157216,1.291272305730196e-09,1.4376804287780212e-08,8.19649238708556e-10
2011,Normal,3.0167795279477184e-08,0.999999636222348,2.2799088013311574e-07,1.0491945954516052e-07,6.995170680150094e-10
2013,Normal,2.7738020128059726e-09,0.999999989137213,1.3915950799547894e-09,6.087221140611753e-09,6.101687661022056e-10
2018,Normal,1.4918418079130716e-09,0.9999999953293321,5.671556944968286e-10,2.4188332767750157e-09,1.9283697306459674e-10
2021,Normal,5.9853005086989045e-09,0.9999999886335763,1.380447483672235e-09,2.3066140764164147e-09,1.6940617409697799e-09
2024,Normal,1.0632605187268861e-08,0.9999998791562381,9.285040494068107e-09,9.950342892970899e-08,1.422687122599369e-09
2029,Normal,5.508537923308066e-08,0.9999999389145908,3.448847301760231e-09,1.4639321473316514e-09,1.0872504825955854e-09
2031,Normal,7.465843286106193e-09,0.9999999830136507,2.5804134621094287e-09,5.953688034323393e-09,9.864044731984604e-10
2035,Normal,5.738212878554371e-09,0.9999999885725698,1.4143682846706397e-09,3.1144266398412027e-09,1.1604222050106622e-09
2038,Normal,2.059230966627172e-09,0.9999999958271049,5.076171089493956e-10,6.175671621070414e-10,9.884799038138193e-10
2041,Normal,6.44668541473513e-09,0.9999999810743755,2.569359714367028e-09,8.095719549620393e-09,1.8138597223052345e-09
2042,Normal,1.0124754091273687e-08,0.999999971502958,4.03527436343013e-09,1.1488279847667763e-08,2.848733711885083e-09
2044,Normal,8.940423886542721e-10,0.9999999947707432,2.6024979045583396e-10,3.486937333917093e-09,5.880271581321333e-10
2045,Normal,5.3400129596916395e-09,0.9999999744654529,1.8411340371948174e-09,1.630527270914294e-08,2.0481273931194182e-09
2046,Normal,9.27283117162027e-10,0.999999995371639,2.6992601530144147e-10,2.9849052452170294e-09,4.462466980281503e-10
2048,Normal,2.3314310765863867e-08,0.9999999115679452,8.662990912443907e-09,4.679581806647873e-08,9.65893507193301e-09
2053,Normal,7.660687246537953e-09,0.9999999619633736,2.8465144702461166e-09,2.540204771035197e-08,2.1273767631755735e-09
2060,Normal,6.409014086280566e-09,0.9999999786189977,2.5723060352574447e-09,1.0860286957302735e-08,1.5393952698178086e-09
2067,Normal,7.445310436155071e-09,0.999999964433378,4.105949429358566e-09,1.7803473324675556e-08,6.21188882992501e-09
2070,Normal,1.861572852362424e-09,0.9999999942184781,8.04247089528683e-10,2.407120281057321e-09,7.085817327054736e-10
2071,Normal,8.237575677407498e-09,0.9999999633310028,1.3644177079814827e-08,1.2552063565791397e-08,2.235180856144217e-09
2074,Normal,5.790128013855033e-09,0.9999999767798372,3.53403907644757e-09,1.1334735441081672e-08,2.5612604047768076e-09
2076,OSF,2.4404240240412245e-08,0.0100061628372881,0.9899754788630094,1.8329653833446376e-05,4.241628735507944e-09
2077,Normal,2.6045575974969916e-08,0.9999998911808684,2.1556838814941407e-08,2.7734718267490986e-08,3.3481998698420435e-08
2082,Normal,1.849214038699506e-08,0.99999305504003,5.876454235846965e-08,7.50194157281824e-09,6.860201345666457e-06
2093,Normal,1.8777330134366975e-09,0.999999993239628,6.763600697617433e-10,3.958033640342093e-09,2.482451136090073e-10
2098,Normal,7.918663640454504e-08,0.9999999075748852,1.9888576479282937e-09,9.663972544919444e-09,1.5856482533417481e-09
2106,Normal,1.6302664380925662e-09,0.9999999962178292,6.197817092431373e-10,1.299995957295867e-09,2.321267691018318e-10
2113,Normal,7.176587276117235e-09,0.9999999770104756,2.728381408063085e-09,9.858964575002964e-09,3.225590943531796e-09
2118,Normal,2.4609899084596185e-09,0.9999999934108781,6.066448579099336e-10,2.3006729320595773e-09,1.220814014575559e-09
2120,Normal,5.4859504335667256e-09,0.999999985446896,1.3523392010924616e-09,4.417373209988735e-09,3.297441110450156e-09
2121,Normal,1.8588184283831258e-09,0.999999994682852,4.5823953529078077e-10,1.3212787069531613e-09,1.6788116167627159e-09
2128,Normal,1.8871460789925812e-09,0.9999999952867442,5.493340383628998e-10,1.824328870361174e-09,4.524467755116531e-10
2129,Normal,1.648865354924916e-08,0.9999998581271979,6.126759520447247e-09,1.1273853467945804e-07,6.518854023589066e-09
2130,Normal,1.1325083739600476e-09,0.9999999965046387,3.296654211349352e-10,1.8594169854666902e-09,1.737704634371253e-10
2133,Normal,7.701461743843496e-09,0.9999999209817196,2.8616614940969086e-09,6.51816682752754e-08,3.2734887627725827e-09
2136,Normal,4.587245071480319e-09,0.999999956197189,1.9742800884752904e-09,3.598230331836829e-08,1.2589827305925226e-09
2143,Normal,1.0899716582434163e-06,0.9992446699452454,1.9118470721310075e-07,0.0007540374454845911,1.1452904413283125e-08
2150,Normal,1.7252448237644834e-09,0.9999999704252291,9.514214555886215e-10,2.6505223137206298e-08,3.9288145803355835e-10
2154,Normal,1.4651781062243942e-08,0.9999999409176722,7.383974349017265e-09,3.327607499739356e-08,3.770497172951274e-09
2156,Normal,2.7114356307065773e-07,0.9999928249314118,6.753442761859694e-06,1.143569716118136e-07,3.6125291608998965e-08
2160,Normal,7.439267905987745e-10,0.9999999968547764,2.5830191147325603e-10,4.956438518080762e-10,1.6473513638895366e-09
2169,Normal,2.5813882538655616e-09,0.9999999902016695,6.082650425008927e-10,6.315128187541354e-09,2.9354916612904326e-10
2179,Normal,9.557004353559405e-10,0.9999999961256048,3.633300402697936e-10,2.2623367984490273e-09,2.930281471050419e-10
2180,Normal,9.557004368926669e-10,0.999999997733563,3.6332992809815256e-10,7.973691174501159e-10,1.5003759191860146e-10
2182,Normal,1.1231402112243049e-09,0.9999999978606526,2.590411053653018e-10,6.020671804850295e-10,1.5509892639294463e-10
2183,Normal,1.1093205571942905e-05,0.9999872456031904,2.9253617989694696e-07,4.59406585362729e-07,9.092484725027204e-07
2185,Normal,9.25718817025295e-10,0.9999999978230771,3.2655526591659114e-10,8.049616189972463e-10,1.1968704459329946e-10
2189,Normal,5.3043886046011645e-09,0.9999999873108468,1.795833914703416e-09,4.643447943542441e-09,9.454824652737162e-10
2191,Normal,1.3893112009417778e-09,0.9999999966781021,3.204312342853402e-10,1.4576770313761017e-09,1.5447848015837934e-10
2193,Normal,2.6429278505721846e-09,0.9999999919363115,9.514233325474987e-10,4.120193115418883e-09,3.4914431884423906e-10
2194,Normal,1.7476431046921964e-09,0.9999999963143789,4.03076540751681e-10,1.3004046817700753e-09,2.344968841639488e-10
2201,Normal,2.390487606035451e-09,0.9999999905698019,9.713086096517673e-10,4.858483133139489e-09,1.209918767877069e-09
2203,Normal,1.9181890490124895e-09,0.9999999949115939,4.728433519633636e-10,1.4685073164986607e-09,1.228866300597178e-09
2207,Normal,4.096092630178228e-09,0.9999999876224347,3.153144351752783e-09,4.6075669001909066e-09,5.207613518902481e-10
2212,Normal,6.575939981847358e-07,0.9995291286097757,7.02497634021139e-08,0.00046228331862090057,7.860227841628518e-06
2213,Normal,4.12874023774037e-09,0.9999999707919689,1.4235104371129739e-09,2.0670742591251272e-08,2.985037828247024e-09
2214,Normal,6.049625761578597e-09,0.9999999555633892,2.0857949196018644e-09,3.431139689718744e-08,1.989793021149548e-09
2215,Normal,4.087729353697364e-08,0.9999999474477633,2.4691618368547687e-09,7.88116860505853e-09,1.3246125685178258e-09
2219,Normal,3.075262855964629e-09,0.9999999772944143,1.1426870726157772e-09,1.7571057556033574e-08,9.165782369888049e-10
2220,Normal,6.796084844631427e-09,0.9999999614008307,1.8908364672561388e-09,2.8999770716343358e-08,9.124772759196993e-10
2222,Normal,8.154712887613262e-07,0.9992645248056612,1.7568480798649273e-07,0.0007344738729912475,1.0165250793281193e-08
2225,Normal,1.604169892152272e-09,0.9999999881228471,6.438333888392159e-10,8.228916710953103e-09,1.4002328986049007e-09
2232,Normal,3.6452812131738707e-07,0.9999882949859807,2.3448437292776486e-06,8.939228078618815e-06,5.641408987892741e-08
2246,Normal,6.631586737626013e-09,0.9999999531427992,1.5294127706184942e-09,3.7854091552998604e-08,8.421096934825515e-10
2249,Normal,7.084843270532878e-07,0.9999982591983406,1.0355589838197835e-07,9.142875116592492e-07,1.4473922252654388e-08
2252,Normal,4.4595804022209635e-09,0.9999999835391353,1.0285553894837296e-09,1.0462795394819963e-08,5.099334513310723e-10
2258,Normal,1.3266445922161314e-08,0.9999993042487603,5.043849624471062e-09,1.1214086727551223e-07,5.653000770424408e-07
2259,Normal,2.987332555810959e-07,0.9999955512091313,7.733630505033727e-08,4.069521627253694e-06,3.1996806098952846e-09
2260,Normal,2.0783713904853353e-09,0.9999999805974252,1.7975535485261986e-09,1.5251846601270636e-08,2.748031212425832e-10
2264,Normal,2.892309254763093e-09,0.9999999805917227,6.670832451436388e-10,1.5423901133301897e-08,4.249835888474749e-10
2271,Normal,3.383086815690006e-09,0.9999999712882027,1.3894762373835848e-09,2.3407918411544603e-08,5.313156055769102e-10
2274,Normal,3.463856784088583e-09,0.999999954464429,1.3168591199948927e-09,4.021091122533428e-08,5.439437322754635e-10
2276,Normal,3.481613742671587e-09,0.9999999541743142,1.3236102177327324e-09,4.041708422050021e-08,6.033775193495963e-10
2281,Normal,2.129334242460022e-07,0.9999912614015729,4.4016351315220454e-07,8.051147857862536e-06,3.4353631870767766e-08
2283,Normal,1.0796819448967398e-08,0.9999996376758606,4.068466504889223e-09,3.4492039795783476e-07,2.5384551152648026e-09
2284,Normal,2.3206809670346288e-08,0.9999995028799595,7.710832869379529e-09,4.6325249955436685e-07,2.9498983906301334e-09
2290,Normal,1.1058935693015051e-08,0.9999991825978412,4.407603135200366e-09,7.969182983565758e-07,5.0173217274810355e-09
2293,Normal,9.50001648739599e-09,0.9999999481777306,7.263355409810408e-09,3.3856708684738916e-08,1.2021887528693888e-09
2295,Normal,2.3979806792910675e-09,0.9999999819598991,8.910277061253793e-10,1.4383044852374863e-08,3.6804755823345403e-10
2297,Normal,7.0926623302580105e-09,0.9999995434975605,2.635454921726134e-09,4.452881110719176e-07,1.486211112573737e-09
2312,Normal,6.721876449845378e-09,0.9999998956954326,2.843786358558915e-09,9.200258718093331e-08,2.7363172556463285e-09
2313,Normal,1.2629817851658516e-08,0.9999998876854723,4.7889623369735484e-09,9.156799230550472e-08,3.327755418314967e-09
2316,Normal,1.0589952074205313e-08,0.99999985907115,5.840048758760502e-09,1.2087576705163974e-07,3.6230821435252116e-09
2317,Normal,6.249291573621145e-09,0.9999999010496547,3.4462980477742863e-09,8.728755054649354e-08,1.9672050143264906e-09
2320,Normal,7.1807358892063105e-09,0.9999999316235078,3.179473904427591e-09,5.3478196859321715e-08,4.53808564529653e-09
2323,Normal,3.6454686413104636e-08,0.9999997944480058,3.0065791146304145e-08,1.2674416250460687e-07,1.2287354243835125e-08
2324,Normal,1.0085933051634652e-07,0.9999996624478287,5.184112198191661e-08,1.5347437445954605e-07,3.137734430840181e-08
2325,Normal,1.1016625591535103e-07,0.9996260425442874,9.125182677053436e-08,2.1322589778205364e-07,0.0003735428117318688
2327,Normal,5.341128208695282e-08,0.9999778609835165,1.4241827505746156e-05,1.8895252690772604e-06,5.9542524263548135e-06
2331,Normal,5.614723735011501e-08,0.9999989026771925,4.557889670792132e-10,5.309100780061217e-08,9.876287735219815e-07
2334,Normal,4.7011783416904454e-06,0.9898915146243396,0.0003687600331196276,6.673235380047352e-06,0.009728350928819048
2336,Normal,6.4790785639859225e-09,0.999999884712448,2.462973798545525e-09,1.0524044397813295e-07,1.1050557990803615e-09
2339,Normal,2.831433511899658e-09,0.9999999789961924,1.076414664988177e-09,1.6114009325156166e-08,9.819500987542033e-10
2342,Normal,1.5450790108670738e-09,0.9999999745002452,7.751458691807855e-10,2.283963951248901e-08,3.398903039297456e-10
2347,Normal,9.716937744897753e-09,0.9999998552056572,3.2878988685593925e-09,1.2965167047591986e-07,2.1378358747841092e-09
2348,Normal,2.0316148246719874e-09,0.9999999641608537,6.87816047876207e-10,3.281973529277568e-08,2.999803322251539e-10
2352,Normal,5.682481275504991e-09,0.9999999355943084,1.964164041566494e-09,5.600787415247422e-08,7.511721685801622e-10
2353,Normal,3.50877901582532e-09,0.999999976506912,8.092721015630404e-10,1.8553104574412022e-08,6.219322057551629e-10
2354,Normal,3.956338146185503e-09,0.9999999470065822,1.5040850734360914e-09,4.6114830286320746e-08,1.4181642890541894e-09
2356,Normal,3.913690140915488e-08,0.9999999205714566,9.559509865404933e-09,2.9396007209991676e-08,1.336124786006721e-09
2363,Normal,3.810806268046002e-09,0.9999999836487095,8.789232133660983e-10,1.0976059640030469e-08,6.855013784765979e-10
2369,Normal,5.232085297409892e-09,0.9999999632565868,1.2897356238474791e-09,2.9475467966960723e-08,7.461244415064282e-10
2372,Normal,5.374157966496342e-09,0.9999999319580539,1.944613591506751e-09,5.987506150918942e-08,8.481131445405551e-10
2374,Normal,1.2811453154886102e-07,0.9999995313029056,1.4550042362229543e-08,3.225817705990853e-07,3.4507497879518383e-09
2376,Normal,8.576572457779761e-09,0.9999999185142254,2.114168054934769e-09,5.496797221956376e-08,1.5827061963749587e-08
2377,Normal,9.82384175480141e-08,0.9999998538363057,2.9807735347514194e-09,4.349794676062861e-08,1.446556369649673e-09
2379,Normal,2.712987702457354e-07,0.9999989288105723,1.5862770006211283e-07,6.36707389114431e-07,4.55556837442177e-09
2380,Normal,4.216233978081309e-09,0.9999999853600186,1.0195568949255125e-09,8.684373813675081e-09,7.198168829916688e-10
2381,Normal,5.542555555442844e-08,0.9999997509818012,1.1343089741751154e-07,7.94780448217644e-08,6.837009611444599e-10
2383,Normal,2.2317208393335636e-09,0.9999999600577874,8.292496800128826e-10,3.6538942574101086e-08,3.422992946817871e-10
2385,Normal,1.5652659012336716e-08,0.9999997804622194,4.5563903785765366e-09,1.9167845097632678e-07,7.65028014519005e-09
2390,Normal,3.9128577770530645e-08,0.9999987990734391,1.453941612155418e-08,1.1306590780129516e-06,1.6599488793601833e-08
2396,Normal,1.4128440076855331e-08,0.9999997484248988,5.670447194579486e-09,2.212629139689808e-07,1.0513300109758706e-08
2398,Normal,1.538876310793362e-09,0.9999999630379055,7.883883735518386e-10,3.411919447707883e-08,5.156352117357901e-10
2399,Normal,3.539737237449361e-09,0.9999999154253219,1.8134606030694508e-09,7.84814121847507e-08,7.400678870341192e-10
2411,Normal,3.996167623621597e-09,0.9999999749855661,3.734570711781889e-09,1.6313918097268218e-08,9.69777545943835e-10
2414,Normal,6.441338283120674e-06,0.9995447048174833,8.767831427228352e-06,4.177778492727937e-05,0.0003983082278791526
2423,Normal,5.912401421582478e-09,0.9999993618124108,5.10177447034863e-09,6.263916531319694e-07,7.817600792850186e-10
2430,Normal,1.8666296233298165e-09,0.9999999930556684,6.454015718128194e-10,4.185537443585884e-09,2.4676293848992394e-10
2434,Normal,1.76760878272339e-09,0.9999999953630023,5.984359418936783e-10,2.0099546883967197e-09,2.6099831492037e-10
2436,Normal,6.505584365852127e-09,0.9999999412527026,2.4732340314030403e-09,4.82168272931843e-08,1.5516515645538222e-09
2441,Normal,3.923367977119375e-09,0.9999999772377356,1.3280769129517619e-09,1.6647630725746093e-08,8.631889284159826e-10
2444,Normal,2.585286141512633e-09,0.999999973495904,9.82852035172389e-10,2.2340079152595463e-08,5.958785679845513e-10
2447,Normal,5.094385461056532e-09,0.9999999606145396,1.880628699017364e-09,3.169111715955403e-08,7.19329342935519e-10
2448,Normal,8.219603938163886e-09,0.9999999228564189,3.035183652532599e-09,6.472818212476684e-08,1.1606114898897755e-09
2457,Normal,3.825798516243159e-09,0.9999999585383558,1.5545075524498775e-09,3.382534077806228e-08,2.2559974489393246e-09
2459,Normal,3.84460956356804e-09,0.9999999889117314,1.3646715582474852e-09,5.048220999006298e-09,8.307667902654005e-10
2467,Normal,1.742303939186867e-08,0.9999999334054452,5.765285751483154e-09,4.05728663707582e-08,2.833363460577829e-09
2474,Normal,2.4322416549485137e-08,0.9999998568157612,8.20524868508613e-09,1.0212983579791188e-07,8.526737859863415e-09
2482,Normal,7.140378449401146e-08,0.9999997664823114,1.8223610414634013e-08,1.3773730436293972e-07,6.15298964591808e-09
2488,Normal,7.719029216248817e-09,0.9999999523507239,3.334818712876158e-09,3.453774327831552e-08,2.057684745344376e-09
2490,Normal,1.0450347455368778e-08,0.9999996402237519,5.273415190001541e-09,3.40531264829924e-07,3.5212207777328817e-09
2491,Normal,1.398220549271374e-08,0.9999999399007499,6.993363910153042e-09,3.172408707687183e-08,7.399593796347655e-09
2492,Normal,1.6572741355778646e-08,0.9999999379194103,1.123413185901612e-08,3.0522958994993246e-08,3.75075774224342e-09
2494,Normal,1.6221663198323837e-08,0.9999623547391481,4.345071122220589e-09,5.861006027643922e-08,3.756608405734127e-05
2505,Normal,1.7428647593060304e-09,0.9999999867676397,6.148080535694458e-10,1.05081489301546e-08,3.665388561336901e-10
2506,Normal,3.6131519704432025e-09,0.9999999771398339,1.2488448931936179e-09,1.7460933258936528e-08,5.372359377018828e-10
2509,Normal,1.4121027300076598e-09,0.9999999960405082,5.368406430427105e-10,1.7510463744711358e-09,2.5950211223928904e-10
2516,Normal,3.28082712934379e-09,0.9999999787953715,1.2472768756025042e-09,1.4191577901176122e-08,2.4849466707937444e-09
2517,Normal,5.528292823046825e-09,0.9999999651883594,2.1016956656796748e-09,2.39131925107703e-08,3.2684595196775936e-09
2518,Normal,3.4176518549148213e-09,0.9999999874211917,1.1570801233583219e-09,7.499435589241386e-09,5.046405918344798e-10
2522,Normal,1.807362202713188e-09,0.9999999925537275,6.871075470937928e-10,4.668582724909305e-09,2.832199505682092e-10
2526,Normal,2.023707927348376e-09,0.9999999957674992,4.66748030628337e-10,1.4141369697674746e-09,3.2790796046073254e-10
2530,Normal,5.515261950909198e-09,0.9999999891739678,1.2720397149751769e-09,3.142299166260073e-09,8.964311293829408e-10
2531,Normal,1.2017687604323413e-08,0.9999999635743739,1.051999696616965e-08,1.2279679608256049e-08,1.6082618457262448e-09
2533,Normal,4.789798488650119e-09,0.9999999881464415,1.6216352477996652e-09,4.734875388765529e-09,7.072493950183168e-10
2535,Normal,9.474704090669593e-09,0.9999999655292112,3.6020061090004195e-09,1.723629184907899e-08,4.157786822240166e-09
2537,Normal,1.721530524491354e-08,0.999999968741999,1.1382912948084211e-08,1.934158460018277e-09,7.256243084412028e-10
2541,Normal,3.803097731197926e-09,0.9999999830663756,1.5452837154784505e-09,1.040763965580638e-08,1.1776032487615559e-09
2543,Normal,2.5708485205579756e-09,0.9999999943174334,6.337257116953365e-10,1.5114171340484297e-09,9.665750236185218e-10
2550,Normal,2.0929508250101356e-09,0.9999999884877057,7.776867292940703e-10,8.37717696056067e-09,2.644798391557025e-10
2551,Normal,1.1444147076524451e-07,0.999999826503175,4.255311864992985e-09,5.2963394789309315e-08,1.8366476176645898e-09
2555,Normal,7.129336372591333e-09,0.9999999635451033,2.649078143348607e-09,2.4660747292460105e-08,2.0157347402317587e-09
2566,Normal,6.085997409162136e-09,0.9999999722235097,8.214514237886365e-10,2.0433307570003358e-08,4.3573400379581317e-10
2567,Normal,1.4023673698121037e-08,0.9999998987523573,5.628390477182727e-09,6.91370038377996e-08,1.2458574630499629e-08
2574,Normal,5.441690406198043e-09,0.9999999700656794,3.0009330617920197e-09,1.9274860165093882e-08,2.2168368964674857e-09
2576,Normal,4.874099735416021e-09,0.9999999718485509,2.392881000468693e-09,1.9969178859528168e-08,9.152895812332193e-10
2581,Normal,3.3964231779762115e-09,0.9999999421565382,2.349085266235727e-08,2.991670146883533e-08,1.039484769272021e-09
2582,OSF,2.322299308858417e-06,0.9524950980418737,0.04728421774376563,0.00021751712482452064,8.447902273306406e-07
2584,Normal,3.088220958295844e-07,0.9997275845896706,0.000271662233599968,3.5869807469037617e-07,8.565655903858189e-08
2586,Normal,1.7237663419064896e-08,0.9999998706948562,6.926155498698828e-09,1.0058715442644431e-07,4.5541704851461965e-09
2589,Normal,8.969189359307226e-08,0.9999501363511705,6.531000815344849e-08,4.938813749580429e-07,4.9214765552781724e-05
2591,Normal,6.878224870201441e-09,0.9999999467226441,2.3785936942933187e-09,4.311129869577107e-08,9.092385599232937e-10
2594,Normal,2.5520320606806993e-09,0.9999999951921854,4.1304085461384214e-10,1.5814317863544605e-09,2.6130954227810144e-10
2600,Normal,4.225558295427106e-09,0.999999986084551,9.745816460292995e-10,7.96941107568204e-09,7.458979509598277e-10
2604,Normal,1.1755962930970622e-07,0.9999998335031488,3.3908225255882086e-09,4.350930704941152e-08,2.037092168806774e-09
2606,Normal,1.948244164517932e-09,0.9999999933513026,7.406668497394372e-10,1.62547919335823e-09,2.3343070017020005e-09
2613,Normal,2.5384850769270436e-08,0.9999996926227642,9.65611654218568e-09,2.3944036853107853e-07,3.289589997482602e-08
2623,Normal,1.350761853435992e-09,0.999999996367618,3.329693356036951e-10,8.272142370580842e-10,1.1214362175216791e-09
2625,Normal,5.9156011554722596e-08,0.9999999214474258,3.4111565709439718e-09,1.3471501623110457e-08,2.513904337858608e-09
2626,Normal,6.139497561569593e-09,0.9999999719805633,2.2215405322575966e-09,1.154414598010872e-08,8.114252491764315e-09
2627,Normal,3.4202617967081716e-09,0.9999999901708968,1.3897275388193437e-09,3.7883129083818594e-09,1.2308010630464383e-09
2628,Normal,3.669628758022874e-08,0.9999999479152422,2.1902998403419952e-09,1.2165160663524594e-08,1.033009661929374e-09
2631,Normal,1.7696376920306756e-08,0.9999999595328452,1.564249513839453e-09,1.677251679819817e-08,4.434011712643824e-09
2632,Normal,1.3062014164014298e-09,0.9999999963158601,4.682459285154853e-10,1.6858338281960457e-09,2.2385873010379917e-10
2638,Normal,8.935325827797323e-09,0.9999999758719743,4.915967930289878e-10,1.4432750125537055e-08,2.683528979459439e-10
2640,Normal,3.3762653287610394e-09,0.9999999863294422,9.827532298573555e-10,8.505124810295071e-09,8.064146859450589e-10
2643,Normal,2.6559773266113194e-09,0.9999999898449504,9.868929052365876e-10,5.94552224123977e-09,5.666569449308046e-10
2644,Normal,5.636757508332681e-09,0.9999999784528406,2.308011383071035e-09,1.2349740310344375e-08,1.2526502770153233e-09
2652,Normal,4.234086473353034e-08,0.9999997194325744,2.2878864670788154e-08,1.1315546687528391e-07,1.0219222945718653e-07
2653,Normal,1.5837441621698254e-08,0.9999999275971302,8.552689578902936e-09,3.910414306771734e-08,8.908595643385288e-09
2656,Normal,1.751590011431396e-08,0.9999999312018187,6.6415319232351234e-09,3.287984323360109e-08,1.1760905910905607e-08
2657,Normal,1.8655654180008296e-08,0.9999999241040995,6.735972348417515e-09,4.829696070804753e-08,2.2073131074781256e-09
2658,Normal,4.675227422898166e-09,0.9999999825479636,1.7727100169058028e-09,9.513643476641957e-09,1.4904554162925286e-09
2659,Normal,6.199322152350287e-09,0.9999999820189188,3.0445401622922447e-09,7.333991711532115e-09,1.4032272211961821e-09
2660,Normal,1.674722698026312e-09,0.999999995797366,8.003760670771603e-10,1.3461519827156305e-09,3.813831952189372e-10
2661,Normal,1.2354599800643385e-08,0.9997463930069725,0.00025357449308728846,1.7908588885771807e-08,2.2367514917862547e-09
2664,Normal,2.2913799205660977e-09,0.9999999931886894,1.5782895051795876e-09,2.4198243683790327e-09,5.218169059644799e-10
2676,Normal,1.6745866087939495e-09,0.9999999957641277,6.366211053643602e-10,1.601338282447585e-09,3.233260531493248e-10
2679,Normal,8.35308445358048e-10,0.9999999979218541,2.9466223056025253e-10,8.178255447567775e-10,1.3034942782580264e-10
2682,Normal,5.558774971803111e-09,0.9999999802906491,2.1132856856652653e-09,8.82219558892886e-09,3.2150946565581197e-09
2683,Normal,1.3664149970527024e-08,0.9999999664281325,2.749261438171388e-09,1.573672443207981e-08,1.4217316118480374e-09
2684,Normal,1.3877069904607977e-09,0.9999999949127139,5.275662726050757e-10,2.806939721900314e-09,3.650730992730696e-10
2685,Normal,1.1230547009896488e-09,0.9999999959022141,3.96166606639323e-10,2.2248763656028618e-09,3.536881889147336e-10
2691,Normal,1.8621083784760125e-09,0.9999999939346436,7.07919852336106e-10,2.2441717191707125e-09,1.2511562760997392e-09
2694,Normal,6.670311150150825e-10,0.9999999981193111,2.2369477428866342e-10,7.783281398415589e-10,2.116348832552956e-10
2695,Normal,9.210867268221048e-10,0.9999999973443343,3.0889456701295805e-10,1.0783667182176974e-09,3.4731768881811854e-10
2698,Normal,1.0131607619546904e-09,0.999999997358292,3.8517457244822757e-10,9.766842645462896e-10,2.666883683970703e-10
2699,Normal,2.65979359725424e-09,0.9999999894436246,1.01119358429437e-09,2.29355342882512e-09,4.591834887519539e-09
2700,Normal,2.915416595453356e-07,0.9999993793269408,7.011151802024173e-08,2.5289839440326015e-07,6.121487194304258e-09
2704,Normal,8.359326287608551e-08,0.999999904980928,1.826471948238594e-09,8.735323190090046e-09,8.640140601961673e-10
2707,Normal,1.4878920015857227e-09,0.9999999953327627,3.431674364381928e-10,1.5611057358761897e-09,1.275072095525311e-09
2708,Normal,1.3219059340138845e-09,0.9999999961826911,3.048844070030066e-10,1.386808362636012e-09,8.037101126483949e-10
2712,Normal,3.801445683181783e-09,0.9999999891503913,1.4215532196105133e-09,5.082830792264998e-09,5.437787744910232e-10
2715,Normal,8.432227926093138e-08,0.9999998843944988,2.9074854349622155e-09,2.674410476006791e-08,1.6316318524996567e-09
2716,Normal,1.2252965164426067e-09,0.9999999959803345,3.020416283796986e-10,1.7113259715893872e-09,7.810012623005669e-10
2718,Normal,2.930591040888688e-09,0.999999992502734,7.224446458487564e-10,3.086738944634994e-09,7.5749160254804e-10
2720,Normal,3.035242401711018e-09,0.9999999912230554,1.2097115104251337e-09,3.297621871885953e-09,1.234368796985259e-09
2721,Normal,3.1720320740411042e-09,0.9999999912446015,1.2642318304943473e-09,3.4462488642895647e-09,8.728858518981445e-10
2726,Normal,2.7666906019393343e-09,0.9999999877524569,1.0280311125706532e-09,7.548674384269954e-09,9.041466363312578e-10
2727,Normal,1.38273877715939e-09,0.9999999944976226,4.0250601503055163e-10,3.4829260187124406e-09,2.3420656610604844e-10
2728,Normal,6.255401336039903e-09,0.9999999726662715,2.069913026157239e-09,1.7719488376270926e-08,1.2889257871577819e-09
2732,Normal,1.4621412156534744e-09,0.9999999925502165,4.2561986616490547e-10,5.197025062421167e-09,3.6499736046485566e-10
2737,Normal,2.5447850013218734e-09,0.999999978970388,1.02135010018347e-09,1.5666814590615167e-08,1.7966623789654844e-09
2740,Normal,1.9858626069507354e-09,0.9999999921577175,1.0173857596031333e-09,4.418141492554202e-09,4.2089271820769457e-10
2742,Normal,7.923944963422267e-08,0.9999997261623389,3.226916269650726e-08,1.571608598364565e-07,5.168188644792703e-09
2749,Normal,1.439981562191111e-09,0.9999999927243743,7.941077047360742e-10,4.163884673615496e-09,8.77651698638339e-10
2751,Normal,2.877694454332479e-09,0.9999999924384645,1.2431582457002804e-09,2.2635798393412005e-09,1.177103176159491e-09
2755,Normal,6.633163533079521e-09,0.9999999781008202,2.8854233822773675e-09,8.54905006200581e-09,3.831542880674083e-09
2757,Normal,4.215664030249739e-08,0.9999849471723318,2.9060136853268695e-08,4.453589164082736e-08,1.4937074999614698e-05
2759,Normal,3.191551469662161e-08,0.9999000909511568,9.409762883784654e-09,2.8387277897807702e-08,9.983933628785647e-05
2765,Normal,5.100278441618355e-09,0.9999999834629867,1.1951980112678046e-09,9.589132998824643e-09,6.524039713286453e-10
2766,Normal,5.765735680133339e-09,0.9999999870586367,1.3228445765777312e-09,5.114568970648015e-09,7.38214312913428e-10
2768,Normal,7.485349578343208e-10,0.9999999967234467,2.845758925593458e-10,8.230491519280763e-10,1.4203930665476202e-09
2772,Normal,4.317560094941932e-09,0.9999999862136384,1.5230541577958844e-09,7.015413251839576e-09,9.303342782657829e-10
2774,Normal,3.111520619002808e-09,0.9999999875211386,1.182932037340909e-09,6.626134958599037e-09,1.5582738840357662e-09
2775,Normal,2.3783054834958944e-09,0.999999989468758,9.041638939618205e-10,6.6244949832593096e-09,6.242778039592627e-10
2782,Normal,2.0184688258324924e-09,0.9999999909134726,7.674499218709817e-10,2.8347556391700465e-09,3.465853012015884e-09
2783,Normal,2.012739265838895e-09,0.9999999939718631,6.749898852373319e-10,2.8083466957594577e-09,5.320609551823535e-10
2785,Normal,8.780775120497263e-10,0.9999999975664906,3.7751049647212486e-10,1.0604005010898205e-09,1.1752083284602654e-10
2790,Normal,2.247986205176808e-09,0.9999999943108178,7.538811840346215e-10,2.2923128224562372e-09,3.9500207285073705e-10
2791,Normal,9.354695234400357e-08,0.9999998085216912,4.444821582695155e-09,9.079192751528947e-08,2.694607439457528e-09
2792,Normal,9.656403132874072e-10,0.999999997231737,3.238352071084744e-10,1.3091112857999937e-09,1.6967621863106447e-10
2797,Normal,2.143915634910172e-09,0.9999999941700883,8.711208998940959e-10,2.107687609827277e-09,7.07187344330236e-10
2798,Normal,2.8015311887292054e-09,0.9999999922652055,1.0438632146344816e-09,3.3225684333567906e-09,5.66831694172639e-10
2800,Normal,3.2278795528847337e-09,0.9999999913938772,1.167990674553181e-09,3.6719231386343957e-09,5.383296106781263e-10
2806,Normal,1.295260613184389e-09,0.9999999964514306,4.88344137112569e-10,1.5859799172706413e-09,1.7898491500791641e-10
2817,Normal,2.725749699290185e-09,0.9999999900159441,9.014080012332589e-10,5.770657967282458e-09,5.862403033859949e-10
2825,Normal,1.2601614362236793e-09,0.9999999961360113,4.251191616958125e-10,1.9313437761706955e-09,2.4736403754417393e-10
2826,Normal,3.6988543115820304e-09,0.9999999872635695,1.4779594103080875e-09,6.476106943257752e-09,1.0835096680776669e-09
2833,Normal,1.6935324184661547e-09,0.9999999936454149,7.164726238937686e-10,3.327696294042835e-09,6.168837267977037e-10
2836,Normal,2.2262400089399343e-09,0.9999999910541145,1.2277054714898803e-09,4.9841212351034755e-09,5.078187491956487e-10
2841,Normal,1.3915934161542616e-09,0.9999999962722705,6.634090767072182e-10,1.0340569598655806e-09,6.386697890543769e-10
2846,Normal,3.33907054603557e-08,0.999852895208863,0.00014703988047113644,2.4800024362479542e-08,6.719935969863779e-09
2851,Normal,1.677938486127672e-09,0.9999998719097623,1.8486164223115824e-09,7.130743749771544e-10,1.2385060866329225e-07
2857,Normal,2.9156834811859065e-07,0.9992411169325609,1.8807775959444346e-07,1.5402402743408122e-07,0.0007582493973040572
2864,Normal,2.5074578056072755e-06,0.9995733568932413,0.00023985736879471761,1.4605498317193832e-06,0.0001828177303267679
2865,TWF,7.661841254685113e-06,0.9055014992129055,2.4748239698147155e-05,5.856819182481479e-06,0.0944602338869593
2866,Normal,7.0547729962982515e-09,0.9999999837665046,2.3657291539330445e-09,4.420438189102967e-09,2.392554984897263e-09
2867,Normal,1.1521156085331338e-08,0.9999999829263028,7.835834162396636e-10,2.1248399560068035e-09,2.644117683720054e-09
2872,Normal,9.680116125620899e-09,0.9999999582004806,3.246311200067909e-09,1.7047646620988068e-08,1.1825445406630766e-08
2873,Normal,6.33499276618597e-08,0.9999999017672546,4.24562988273425e-09,2.5965197520395117e-08,4.671990424763698e-09
2876,Normal,9.316643360318337e-09,0.9999988113838626,2.148934614934944e-09,2.3531267056873263e-08,1.1536192922986286e-06
2877,Normal,2.590970874910058e-09,0.9999999929480881,5.975808675026856e-10,2.486200942734929e-09,1.377159133328494e-09
2878,Normal,1.5783073138081358e-09,0.9999999957514831,3.640204187895882e-10,1.5144856922735235e-09,7.917035330633641e-10
2883,Normal,9.175520499148257e-10,0.9999999976598755,3.4882677099055184e-10,7.336810764023655e-10,3.400645474550532e-10
2886,Normal,1.5040620232135275e-07,0.9999998234687121,5.269624425441955e-09,1.859449736267509e-08,2.260963945206543e-09
2888,Normal,1.7523003078951188e-09,0.9999999945987215,5.87648899319712e-10,1.6156702981016054e-09,1.4456590854682857e-09
2891,Normal,1.1401948557669714e-09,0.9999999971985425,4.3346915098811976e-10,1.0486898435118004e-09,1.791036776538763e-10
2892,Normal,3.788128708891156e-09,0.9999999895835109,1.4401360815765133e-09,3.4841090740189146e-09,1.704115517938468e-09
2894,Normal,1.9013319861636356e-09,0.9999999944152813,6.814888522897464e-10,1.873504955552613e-09,1.1283929452724812e-09
2897,Normal,3.050726256108843e-09,0.9999999882898644,1.0934620784486081e-09,3.006077835808576e-09,4.55986945918854e-09
2901,Normal,2.077424796337009e-09,0.9999999941856286,8.441039222630265e-10,2.5436918367775987e-09,3.491506089333131e-10
2905,Normal,1.0682917050461145e-06,0.5400841259056821,4.260155983935846e-07,0.45991272865996297,1.6511270515355943e-06
2906,Normal,2.3241592822175915e-09,0.9999999856024593,8.26129171694736e-10,9.775991232698092e-09,1.471261065941197e-09
2910,Normal,2.279141030260417e-09,0.999999990856664,8.468714801046065e-10,5.635149574841153e-09,3.821739179041735e-10
2914,Normal,1.2061642720696839e-08,0.9999999473187463,4.481796402133304e-09,2.983931557605064e-08,6.298498659080366e-09
2919,Normal,2.3449524296696817e-09,0.9999999919433776,7.910770137325496e-10,3.673732296317788e-09,1.2468606066912984e-09
2929,Normal,0.00019634046417328974,0.9998033216294439,7.659262824523489e-08,2.081721731410561e-07,5.3141581581344066e-08
2935,Normal,1.0285671069965616e-08,0.9999999772224065,2.493226252760318e-09,7.822080398961605e-09,2.176615943395792e-09
2936,Normal,6.123304206560479e-08,0.9999998443652858,1.4848299870976886e-08,4.6566658535024324e-08,3.2986713775642027e-08
2950,Normal,1.310727166488548e-08,0.9999999469794228,4.48908456481983e-09,3.281330833462566e-08,2.6109125294477477e-09
2954,Normal,2.973167790825284e-09,0.9999999921694379,1.1303135723351294e-09,2.8334044528344906e-09,8.936764729377856e-10
2956,Normal,1.6092787342312286e-09,0.9999999952759198,5.396857722032103e-10,2.261611264324439e-09,3.1350429708662483e-10
2965,Normal,9.705453191466517e-09,0.9999999713551296,3.689730313618143e-09,1.0900781744247914e-08,4.348904797227051e-09
2966,Normal,1.5081514400912774e-08,0.9999999425760018,5.057714390957406e-09,1.6119687947681926e-08,2.1165081349621912e-08
2974,Normal,2.7515374572484487e-09,0.9999999940620778,6.783231495677106e-10,1.8648046860247176e-09,6.432566996448879e-10
2979,Normal,1.3754188088711601e-09,0.9999999964613195,3.3904719969351425e-10,1.2084215453639545e-09,6.157927623337753e-10
2982,Normal,1.3787503020404115e-09,0.9999999965847748,3.3337214702142334e-10,1.5080668995553395e-09,1.9503574603232008e-10
2983,Normal,3.537093556724086e-09,0.9999999819465107,1.314291929403555e-09,1.1648899163750954e-08,1.5532045113958272e-09
2984,Normal,1.8680643199171985e-08,0.9999994816751174,3.831032878356754e-07,1.1475333893182184e-07,1.787612647833336e-09
2990,Normal,3.77845249901575e-09,0.9999999804712575,1.4039758271617994e-09,1.382048255135373e-08,5.25831661320854e-10
2995,Normal,1.182840954442837e-08,0.9999999222012178,1.050404353632153e-08,5.373171420445212e-08,1.7346149598665493e-09
2996,Normal,5.606027255907141e-09,0.9999999702617488,2.41408850747136e-09,1.1932107662864158e-08,9.786027953752893e-09
2998,Normal,4.095705921546346e-05,0.9996451034882958,0.00010465159736375167,0.00019113339048072836,1.815446464443797e-05
2999,Normal,6.8870972447443e-10,0.9999999973783102,3.528358554351923e-10,1.4345692396578145e-09,1.4557488105159396e-10
3002,Normal,1.3332223145462364e-09,0.9999999946429636,6.337773636752384e-10,3.1096739022708623e-09,2.803625337575588e-10
3005,Normal,1.5643559653983206e-08,0.9999999120581899,5.6978492626808425e-09,6.368494548194436e-08,2.9154556868157494e-09
3007,Normal,3.0220267538043488e-09,0.9999999841586318,1.6665588525970457e-09,8.181537022236307e-09,2.97124550529859e-09
3014,Normal,8.247655008819828e-09,0.9999999239500303,5.68771005026136e-08,9.346733268757152e-09,1.578480690895782e-09
3015,Normal,1.0561544382149304e-09,0.9999999970028528,6.828834215792063e-10,1.0404117105801641e-09,2.1769746093888434e-10
3016,Normal,9.89904063097127e-09,0.999999969801268,6.497159045053477e-09,9.752099677254559e-09,4.050432547717484e-09
3020,OSF,1.7629142103184052e-08,0.0007448392844789207,0.9992494649886121,1.3460800080080507e-09,5.6767516868694944e-06
3023,Normal,8.024809153038006e-08,0.9999616140629003,6.472421690140416e-08,3.4109849705595055e-08,3.820685494153431e-05
3025,Normal,3.932642200530962e-08,0.9999746750751544,4.4078632878663615e-08,2.2790459152641887e-08,2.5218729331578134e-05
3027,Normal,1.1826272087268243e-06,0.9779910544049776,3.642877344819377e-07,5.62877101249017e-07,0.02200683580297799
3031,Normal,1.933362123213175e-09,0.999999993949455,6.483698583443856e-10,2.278624409217866e-09,1.190188538876298e-09
3034,Normal,1.296750772959946e-08,0.9999999359630366,4.34850528131116e-09,1.91451300438512e-08,2.757582026425155e-08
3036,Normal,1.9142659913336815e-09,0.9999999905024178,6.419659303015565e-10,6.567806281384737e-09,3.7354391135640873e-10
3037,Normal,5.462636507104507e-08,0.9999999167954008,1.752606330801645e-09,2.624688862921246e-08,5.787389929492373e-10
3038,Normal,5.588364846614861e-09,0.9999995867465399,2.12467394043495e-09,1.772754465453444e-08,3.8781287683182763e-07
3044,Normal,1.190523647038743e-09,0.9999999964700383,4.5260312606180805e-10,1.3678535798235738e-09,5.189812329370503e-10
3050,Normal,2.6422479461206105e-08,0.9999999650771562,2.3494302370257837e-09,5.730757467356953e-09,4.201764502287613e-10
3052,Normal,8.516527357840274e-08,0.9999998848947959,4.35690563318978e-09,2.370240087265452e-08,1.880623903246554e-09
3054,Normal,2.7817288646259703e-09,0.9999999930649839,6.415771100491882e-10,2.2647461875107247e-09,1.2469640571382246e-09
3056,Normal,2.8319512993642574e-09,0.9999999926722851,9.587733898016795e-10,3.0143070909789225e-09,5.226830563545499e-10
3062,Normal,2.3660551399232872e-07,0.999999491506301,2.613242973739139e-08,2.434801256117679e-07,2.2756295802966246e-09
3063,Normal,2.309216882348525e-09,0.9999999923228647,9.38286495907928e-10,3.781806111835857e-09,6.478257768865562e-10
3064,Normal,2.5317179914849976e-09,0.9999999905107319,9.160988415449746e-10,5.452059529687937e-09,5.893920486930281e-10
3069,Normal,1.1026526903085372e-09,0.9999999973125926,2.718088661972367e-10,1.169671788994893e-09,1.4327432841835565e-10
3079,Normal,5.8215095055417305e-08,0.9999998885677235,1.0715723544619276e-08,4.059354498399248e-08,1.9079128998468326e-09
3080,Normal,7.663481719661171e-08,0.9999997582363436,2.7852989131684663e-08,1.343013230941478e-07,2.9745268417655525e-09
3082,Normal,7.781317133124875e-09,0.999999949339374,2.2649557688500394e-09,2.4399883220304226e-08,1.621446986208805e-08
3084,Normal,5.3028581064403065e-09,0.9999999823065914,1.9704024406408386e-09,8.863564966041886e-09,1.5565830182248053e-09
3094,Normal,1.2758007257137582e-08,0.9999999531634449,6.2629855967684534e-09,2.5120602846025398e-08,2.6949594620079376e-09
3096,Normal,1.6221892614057769e-09,0.9999999933464796,6.150886673005775e-10,3.6959811580830864e-09,7.20261465219731e-10
3099,Normal,1.0535019438118977e-08,0.9999999754186427,4.33419429894038e-09,8.206226252155783e-09,1.5059173504003055e-09
3109,Normal,5.5489139741299855e-09,0.9999998024207541,6.2658854737195095e-09,2.529943106051843e-09,1.8323450332289114e-07
3115,Normal,9.36905620759337e-10,0.9999999974564466,2.160877153370274e-10,6.067794974938906e-10,7.837803838246711e-10
3117,Normal,4.565502411191914e-09,0.9999999822312967,1.73567376715949e-09,9.941013456235003e-09,1.5265137204082403e-09
3119,Normal,1.8374895478417444e-09,0.9999999906770317,6.15908618033407e-10,6.3640237906285765e-09,5.05546513612262e-10
3122,Normal,2.0034130663261886e-09,0.9999999909508855,7.617255127005524e-10,2.812890655964705e-09,3.4710853506769282e-09
3128,Normal,8.248200043846846e-10,0.9999999978187673,3.1357250487064134e-10,7.95122340086773e-10,2.47717823338775e-10
3132,Normal,2.7190882147627183e-09,0.9999999925740803,1.0337187542463553e-09,2.7435350172236357e-09,9.295778369741257e-10
3133,Normal,6.343912745867798e-09,0.9999999842692069,2.4117746399956005e-09,5.309901453440898e-09,1.6652040475801905e-09
3138,Normal,3.847628350964597e-09,0.9999999898019544,1.4627585297463183e-09,2.281153590010359e-09,2.606505095501076e-09
3140,Normal,1.0175687385582023e-09,0.9999999977371641,3.412501922470217e-10,5.901075742991958e-10,3.13909608176441e-10
3141,PWF,1.8868863755461434e-08,0.9998302344932115,6.7670503026989446e-09,0.0001697158712880475,2.3999586178061288e-08
3143,Normal,1.1613432790287317e-09,0.9999999971151923,4.718794478011632e-10,7.300041375163478e-10,5.215809178322069e-10
3144,Normal,1.480444543926425e-09,0.9999999964435764,5.306293040253024e-10,1.3150915918645742e-09,2.3025794402034398e-10
3149,Normal,9.424461754684256e-10,0.9999999970467421,3.3784685866812087e-10,1.4286145322749965e-09,2.4435038804744737e-10
3152,Normal,2.0452320723534313e-09,0.9999999917028112,6.767685334991772e-10,5.2632483455827615e-09,3.1194005447547066e-10
3154,Normal,5.361446813059693e-09,0.9999999885487404,1.5889852514231844e-09,3.733796817429178e-09,7.670308961676893e-10
3155,Normal,2.972979212368587e-09,0.9999999894484116,1.1046826577566546e-09,6.060191947107058e-09,4.1373482571816665e-10
3158,Normal,3.5623817378487445e-09,0.9999999870390934,1.0369866417847326e-09,7.861633574998345e-09,4.999048463575907e-10
3161,Normal,2.2480590316128412e-08,0.9999999497807931,4.409465552590007e-09,2.1205819078910367e-08,2.123332054375515e-09
3164,Normal,2.5013348096579896e-09,0.9999999884131546,1.2814696466918715e-09,6.333919180371435e-09,1.4701218385196836e-09
3168,Normal,6.805712231730213e-09,0.9999999767362259,2.6487401539610856e-09,1.2588516829659453e-08,1.220805068623151e-09
3173,Normal,5.146572723556478e-09,0.999999982011666,1.951473348166201e-09,9.054935602734909e-09,1.8353525954745419e-09
3178,Normal,6.911023129637925e-09,0.9999999762762114,2.8985680187605622e-09,9.106640476347938e-09,4.807556878227965e-09
3182,Normal,8.266195816872713e-09,0.9999999699672728,5.44158420201073e-09,1.068176403838001e-08,5.6431830760116e-09
3185,Normal,3.207505340442023e-08,0.9999870823214978,2.2110514552496992e-08,3.1608684698196845e-08,1.2831884249336922e-05
3187,Normal,5.964237296720846e-09,0.9999999730067791,1.8257055628223706e-09,3.5294272310103843e-09,1.5673850632180447e-08
3189,Normal,9.252437032512096e-08,0.9999987846000765,5.991994667021881e-07,2.4407043770280528e-08,4.992690426927396e-07
3193,Normal,2.2325230519045635e-07,0.9971868261040666,5.8067757021743143e-08,1.1541089825012248e-07,0.002812777164973079
3194,Normal,3.635893780316108e-09,0.9999999668179067,1.2308610966402638e-09,2.7747988886073087e-08,5.67349480067037e-10
3196,Normal,1.6750661460552504e-09,0.9999999954538368,3.8633692380028395e-10,1.6445208460035942e-09,8.402392704796064e-10
3199,Normal,1.0431837631557576e-09,0.9999999955391636,2.406024016070033e-10,2.9883738307349847e-09,1.8867638636529372e-10
3213,Normal,7.382201366614166e-10,0.9999999980171119,2.8064997334662374e-10,7.116418408134021e-10,2.523761730578296e-10
3215,Normal,2.5648479182373502e-09,0.9999999943027182,6.117334225388014e-10,2.221712712196076e-09,2.989877188679605e-10
3218,Normal,6.19553092767152e-09,0.9999999763510236,2.3554012355793897e-09,6.3127474115774256e-09,8.785296965629325e-09
3219,Normal,3.3787177459337507e-09,0.9999999892783596,2.3486907886729364e-09,4.542030057738194e-09,4.522017288966914e-10
3220,Normal,1.773077489453074e-09,0.9999999952100476,5.94616969249489e-10,1.6346847536501142e-09,7.875730758098166e-10
3224,Normal,1.7712421864513933e-09,0.9999999949684462,5.940006674595357e-10,1.6996725500803041e-09,9.666383479392298e-10
3226,Normal,2.8685274876799288e-09,0.9999999919696995,1.081501659428222e-09,2.819803481192631e-09,1.2604678426228844e-09
3229,Normal,4.998448647777714e-09,0.9999999857064992,1.8833972230846346e-09,6.120946006920297e-09,1.2907088067279902e-09
3230,Normal,1.427819068618362e-09,0.9999999961140253,5.166492692435116e-10,1.7033688378106739e-09,2.381376913006662e-10
3232,Normal,3.6089813636235846e-09,0.9999999792585696,1.3059623196466525e-09,1.4676782425136286e-08,1.149704234129059e-09
3236,Normal,3.716584332589043e-07,0.9999991131654706,2.037770222006259e-08,3.8965242325249793e-07,1.0514597057625808e-07
3241,Normal,6.815129913146144e-09,0.9999999877550289,7.7223600120159e-10,4.193740020797988e-09,4.6386525869613335e-10
3243,Normal,3.064047926357969e-08,0.999999939353731,3.0922736790433792e-09,2.5733151935829427e-08,1.1803644588813708e-09
3244,Normal,3.4359891723431993e-08,0.9999999328583912,3.893382122288329e-09,2.5633362366149035e-08,3.2549727627376364e-09
3245,Normal,2.222441166561955e-07,0.9999995522724561,2.401830227141764e-08,1.884324713675898e-07,1.303265353456688e-08
3247,Normal,5.836273344798844e-08,0.9999999090680758,6.1363335982128605e-09,2.4184770682052744e-08,2.2480863421412857e-09
3250,Normal,1.2322436628872722e-07,0.9999997340812884,1.9291319135924058e-08,9.360313345211331e-08,2.9799892583970736e-08
3251,Normal,4.041304734931142e-09,0.9999999903737801,1.2600520935897147e-09,3.6048588853399913e-09,7.200042550592506e-10
3254,Normal,1.2449124615199383e-07,0.9999998067596758,1.2606662712732912e-08,5.0366778619787096e-08,5.775636879423788e-09
3257,Normal,8.267584785800204e-08,0.9999998282201428,1.3643496695968247e-08,6.619961869588942e-08,9.260893925756342e-09
3267,OSF,9.627008292804399e-08,0.00658959816647663,0.9934103025533386,1.614658519108525e-09,1.3954434171318406e-09
3273,Normal,8.66623597870926e-09,0.9999998582086195,2.595502152429617e-09,2.414127504015202e-09,1.2811551498603533e-07
3277,Normal,1.4925085293606184e-08,0.9999999823613593,9.072011225983621e-10,1.4602190289612582e-09,3.461351802629179e-10
3279,Normal,2.521573969470626e-08,0.9999999698665807,1.7211285911096125e-09,2.0282871841091778e-09,1.1682638286157754e-09
3280,Normal,7.163802282262078e-08,0.9999999120025618,6.9152367859600505e-09,8.205105548095454e-09,1.2390728718062768e-09
3281,Normal,7.411895859386838e-08,0.9999999077028695,5.335519788098646e-09,1.0344947131763558e-08,2.4977050713325725e-09
3288,Normal,8.54981201518805e-09,0.999999985073259,1.3936551287209014e-09,2.722755069321824e-09,2.2605185281125403e-09
3293,Normal,4.622434389238328e-09,0.9999999918751911,1.0699851790103175e-09,2.0239588450341946e-09,4.084305431395167e-10
3294,Normal,7.7375456911227e-05,0.9999225480796026,6.133949344125559e-09,6.745419725543602e-08,2.875339832761452e-09
3299,Normal,4.3663400758858724e-08,0.9999998997319589,1.1346915247375982e-08,3.097701225645076e-08,1.4280712849331467e-08
3304,Normal,7.432419230524752e-08,0.9999999011486171,7.212677648031494e-09,1.4210402705055072e-08,3.1041098995088623e-09
3305,Normal,1.2784289845170765e-08,0.9999999615991407,2.080724675832165e-09,5.69098202740816e-09,1.7844862693049925e-08
3313,Normal,7.110539763099533e-09,0.9999999854751933,1.2267597541736501e-09,5.640728834550191e-09,5.467780832255123e-10
3323,Normal,1.2804074931263748e-06,0.9999971014394149,2.2459114111307643e-08,1.5838148625593436e-06,1.1879115364714835e-08
3326,Normal,2.0701264488215678e-09,0.9999999920240078,1.1263753916329335e-09,4.27508729749569e-09,5.044030686701346e-10
3329,Normal,2.2285902060343087e-09,0.9999999894034249,1.0811459924519406e-09,6.87412321782911e-09,4.127156049507348e-10
3331,Normal,1.2556459926817045e-07,0.9999986279746651,6.458764653596862e-08,1.1540807410323084e-06,2.7792348255838066e-08
3332,Normal,1.0127002004758568e-08,0.9999998924973217,5.803377480262241e-09,8.757485953012279e-08,3.997439600193205e-09
3334,Normal,9.541453159778606e-06,0.9999817660967473,7.884443562834998e-07,7.484852480541398e-06,4.1915325611461954e-07
3336,Normal,7.95697023489564e-09,0.9999999336916114,5.284435376218846e-09,4.938537589711345e-08,3.681607057552753e-09
3338,Normal,2.2059700701898716e-08,0.9999997778683181,1.6273396330407972e-08,1.6828038226147455e-07,1.5518202509247304e-08
3343,Normal,2.4156284866222875e-08,0.9999997166836657,4.1960449490077845e-08,2.1086495884700148e-07,6.334641273528619e-09
3344,Normal,2.4950275779846975e-09,0.999999963852904,1.5181223828587606e-09,2.8749042620167492e-08,3.3849032886952046e-09
3345,Normal,9.784927669962403e-09,0.9999998362771171,7.370159501412209e-09,1.4326820608050534e-07,3.299589712839682e-09
3346,Normal,4.451358440599754e-09,0.9999999699626692,2.9596091554146734e-09,2.1301043422389335e-08,1.3253198887196649e-09
3348,Normal,1.8106456099120586e-08,0.9999998972825609,1.203834584695981e-08,5.968093963033249e-08,1.2891697827785487e-08
3350,Normal,9.503331697417199e-09,0.9999999403637825,7.157913103807218e-09,3.977018968509108e-08,3.204782904314492e-09
3359,Normal,1.6153694909444536e-07,0.9999853190843915,1.4515304678542163e-07,3.2046488313858616e-07,1.4053760729410521e-05
3362,Normal,2.532780968744668e-07,0.9958947202541338,3.525431391544112e-07,5.701414937878857e-07,0.00410410378313644
3372,Normal,1.2062336558124852e-07,0.9999551454170625,6.111517901587965e-08,4.3748484172380406e-05,9.24360220361346e-07
3374,Normal,1.0806185884024529e-08,0.9999999248425654,6.6688194025310324e-09,5.411790135932858e-08,3.564527930927378e-09
3375,Normal,5.472084440301796e-06,0.9999933480959282,6.804177755236103e-08,1.0965779373728115e-06,1.519991684186225e-08
3377,Normal,1.5153512158123367e-08,0.9999997779913219,7.33910998406158e-09,8.61524993749171e-08,1.1336355661536336e-07
3385,Normal,2.6631608714416245e-09,0.9999999926888741,1.493411738127923e-09,2.5847569988594506e-09,5.697961604312086e-10
3386,Normal,2.4785937788114975e-09,0.9999999775603273,1.5407990291588739e-09,1.785579111771642e-08,5.644889429201709e-10
3388,Normal,6.986221227594483e-08,0.012950935331639565,1.2325692319054839e-06,0.9870358989851287,1.1863251787467081e-05
3392,Normal,1.2270784832327992e-08,0.9999998159960911,7.724793195367434e-09,1.1862787495178595e-07,4.538045586607067e-08
3394,Normal,1.417609299305754e-08,0.9999999262159932,1.1847872926396192e-08,4.372666080074234e-08,4.033380092218945e-09
3395,Normal,6.92474024849141e-09,0.999999976567748,4.193280640479294e-09,1.0713574827078415e-08,1.600656329037398e-09
3398,Normal,7.195439377729902e-09,0.9999999533823887,4.89279179948509e-09,3.0454720415457425e-08,4.074659672807479e-09
3402,Normal,1.4850712393283859e-09,0.9999999818822357,8.330554837327279e-10,1.5270345735330508e-08,5.292919873128333e-10
3407,Normal,3.923126299563846e-09,0.9999999930310837,6.079385081275345e-10,2.2151265313570647e-09,2.2272485044526442e-10
3423,Normal,1.1327081304752368e-09,0.9999999959110906,5.095996925958283e-10,2.0931853307197062e-09,3.534162675400118e-10
3425,Normal,5.964092190928898e-10,0.9999999972631104,3.9056769526208716e-10,1.6042608266181856e-09,1.4565194837568809e-10
3435,Normal,1.7377571588864879e-09,0.9999999936952104,8.400282594384031e-10,3.3207410471872598e-09,4.062630300431006e-10
3436,Normal,3.921836699218077e-08,0.9999990235819548,8.953220364616335e-07,3.528848455962554e-08,6.5891572276656825e-09
3437,Normal,2.803505016671008e-09,0.9999999803981917,5.005495028278197e-09,1.0947923439372874e-08,8.448848800087329e-10
3438,Normal,8.617480743861411e-08,0.9999841381845309,6.733995645217654e-08,1.5625299841850944e-05,8.300086349055591e-08
3444,Normal,1.7265553359977687e-08,0.9995052210943474,1.452028054053298e-08,3.208364593372555e-08,0.0004947150361729979
3450,Normal,1.457925118630541e-08,0.9999935438540265,1.0856636489718993e-07,9.305468302686096e-08,6.239945674517935e-06
3451,Normal,2.498778255101676e-08,0.9999703603290084,5.833430969261213e-07,1.0028603251702208e-07,2.893105407938317e-05
3452,Normal,4.9664800019648836e-09,0.9999999604182073,2.252735640449271e-09,3.135410638338929e-08,1.008470864664099e-09
3466,Normal,4.101582236497056e-09,0.9999999582519175,2.952850187027382e-09,8.048115401241523e-09,2.6645534616537014e-08
3475,Normal,7.1409734128561766e-09,0.9999999713534898,3.7978242807689166e-09,1.1580556460774298e-08,6.127155979338447e-09
3481,Normal,3.4957037528368797e-07,0.9999961802579592,2.8782836804864914e-06,5.252160078781482e-07,6.667197719624841e-08
3484,Normal,1.7520161979360096e-09,0.9999999947610889,8.442898360269006e-10,2.195137966431668e-09,4.474669118777872e-10
3486,Normal,4.124822551185012e-09,0.9999999495038082,2.6464673540520843e-09,3.621955486655206e-08,7.50534697935258e-09
3488,Normal,5.521657555408317e-09,0.9999999762419421,2.6662033713865454e-09,1.1745864556979001e-08,3.824332534426563e-09
3490,Normal,4.631570802240656e-08,0.9999997242423325,3.297698380336082e-08,1.1175636277838408e-07,8.470861269958533e-08
3491,Normal,3.129021269273782e-09,0.999999988928047,1.507857572486815e-09,5.4887388241547904e-09,9.463354762928858e-10
3497,Normal,1.2206238774236528e-05,0.9999743757506385,4.0271014900330374e-07,1.2796568591829618e-05,2.1873184650673942e-07
3499,Normal,1.6838872129252713e-08,0.9999997318156821,2.132075584459626e-07,3.652474129819675e-08,1.613146116154211e-09
3504,Normal,5.4247264651188826e-08,0.9999991398178586,3.1625990855709885e-08,5.344536407787046e-07,2.3985524513124044e-07
3505,Normal,7.611290325203617e-09,0.9999999243661069,3.960013177615876e-09,5.996048735706321e-08,4.102102405183125e-09
3513,Normal,4.304119903490545e-09,0.999999941685371,4.201925536514398e-09,4.783768271889635e-08,1.9709007791446783e-09
3516,Normal,3.5103197311832626e-09,0.999999959105207,2.597567848425345e-09,3.2513115774088364e-08,2.2737896311652974e-09
3519,Normal,3.247992422095063e-07,0.9999995557326558,3.6622855760575924e-08,7.599512244704559e-08,6.850123935060079e-09
3522,Normal,3.37957542464251e-09,0.9999999442511656,3.410984399312219e-09,4.381034814111784e-08,5.1479264671754605e-09
3536,Normal,1.1186810534917323e-09,0.9999999961881709,5.249760218948849e-10,1.356795752823787e-09,8.113759684980161e-10
3540,Normal,3.086980853284986e-09,0.9999999911722145,9.233173984111556e-10,4.282861218272568e-09,5.346260221063953e-10
3548,Normal,3.786133059059529e-09,0.9999999741168979,2.587586735690904e-09,1.829508599936704e-08,1.214296232187069e-09
3550,Normal,4.29305085757886e-07,0.9999919502396687,1.8665487630744596e-07,7.403590314774031e-06,3.0210054311781136e-08
3553,Normal,2.0382603790667246e-06,0.9999974951975299,1.7328582642791076e-07,2.3609005087874024e-07,5.71662138240763e-08
3560,Normal,3.0690569585222305e-09,0.9999999851013011,1.6119289564995428e-09,8.790864377505704e-09,1.426848689037743e-09
3561,Normal,2.6609921396812025e-09,0.9999999892827439,1.7762775389751482e-09,5.042590840702267e-09,1.2373957499298766e-09
3562,Normal,9.489846681968409e-09,0.9999999625672457,6.041901405327734e-09,1.3025743106566335e-08,8.875263141505985e-09
3566,Normal,6.140361415648013e-08,0.9999998018127361,2.9653081431545896e-08,9.530212045777042e-08,1.1828447861696092e-08
3567,Normal,0.250329306296781,0.7085645425796553,0.0003359288862586287,0.0407463830842781,2.383915302706596e-05
3577,Normal,5.054447873891382e-09,0.9999999797704617,1.5770780144349499e-09,1.2445903627181008e-08,1.1521088364947414e-09
3580,PWF,2.172532772627257e-07,0.044684573200656996,1.0572785165308535e-07,0.9553149590841757,1.4473403845559897e-07
3581,Normal,2.401824779403259e-09,0.9999999896705284,1.1681738968700645e-09,5.786638408628106e-09,9.728344101037911e-10
3585,Normal,0.0026242963007112852,0.24841483325296773,0.00010449669534549465,0.7488448279846454,1.1545766330091198e-05
3587,Normal,7.320106138752661e-09,0.9999999750523607,1.8981454207690153e-09,1.4874081051516144e-08,8.553066939360249e-10
3588,Normal,6.635420547261412e-09,0.9999999821153506,1.3987587711189766e-09,8.612761079167785e-09,1.2377090401190842e-09
3589,Normal,8.49689276019036e-09,0.9999999521822488,4.198978943848937e-09,3.289282887211867e-08,2.2290506223671127e-09
3594,Normal,0.0021658424228293426,0.9978333509061199,6.416370742092324e-08,7.150390622919598e-07,2.7468280985578965e-08
3596,Normal,5.939638984333557e-09,0.9999999597669612,4.881763498442343e-09,2.6749992638872197e-08,2.6616437772541506e-09
3602,Normal,0.003719573048840996,0.9962795004119148,3.5826979078634703e-07,5.024785061246435e-07,6.579094733713686e-08
3607,Normal,0.00013099012986499703,0.9992369713885084,0.0006314646464944364,5.270450095035481e-07,4.6790122657146706e-08
3609,Normal,5.390645837619982e-07,0.9999838721388599,2.88912508937478e-07,5.518746794181583e-06,9.78113725324066e-06
3614,Normal,3.717116699833003e-08,0.9999995798355148,1.911699599332099e-08,3.301098096870374e-07,3.376651257309543e-08
3615,Normal,3.3985413369467596e-09,0.9999999878157194,1.9833013024777484e-09,6.061705452496744e-09,7.407323240360185e-10
3616,Normal,2.8469013010055867e-09,0.999999988312065,1.6070492553903735e-09,5.081691465929819e-09,2.152292656442142e-09
3618,Normal,3.307582480889662e-09,0.9999999860481443,1.930247785691254e-09,7.020203626430568e-09,1.6938218461948817e-09
3622,Normal,3.0353611977273925e-09,0.9999999821918234,2.121232881960292e-09,1.170472257153059e-08,9.468599584435275e-10
3623,Normal,7.583732210143664e-09,0.9999999410149508,5.298236349354452e-09,4.253743464890705e-08,3.5656458251521106e-09
3624,Normal,1.1749878838921207e-08,0.9999998890150653,6.614293345247615e-09,5.545755331669841e-08,3.7163209198671396e-08
3634,Normal,5.862323722098905e-09,0.9999999684905193,2.6136153915292694e-09,2.0740561780806928e-08,2.292979694915644e-09
3635,Normal,1.0012060452451308e-08,0.9999999235734202,5.3304202679090885e-09,4.2796218738191515e-08,1.8287880515761054e-08
3639,Normal,2.00835923083523e-09,0.9999999856273847,8.714476312354445e-10,1.1023615205064004e-08,4.691933793484882e-10
3640,Normal,3.6992041760655615e-09,0.9999999828080207,1.8853957925636765e-09,9.750342362927326e-09,1.8570368569100297e-09
3647,Normal,1.8440224269767635e-09,0.9999999889438448,8.356695322605038e-10,7.466962228170615e-09,9.095009997981465e-10
3650,Normal,2.61908703997451e-09,0.999999988672655,1.3941399243672543e-09,6.7376105355731426e-09,5.765073700413572e-10
3652,Normal,1.1147166007375999e-09,0.9999999918518311,5.505784705273885e-10,6.2377278616525465e-09,2.451461933472624e-10
3654,Normal,5.3040774516416935e-09,0.9999999633681742,2.8233547818854163e-09,1.3181909378706802e-08,1.5322484337722133e-08
3657,Normal,1.023239402449629e-08,0.9999999663224803,4.052869065319431e-09,1.7128001940408443e-08,2.264254752245308e-09
3660,Normal,3.952837045652081e-09,0.9999999864868874,1.1110334562713857e-09,5.307063009895956e-09,3.142179128976215e-09
3665,Normal,1.3469022931333687e-09,0.9999999967778515,3.4316051693413294e-10,1.152633932709854e-09,3.794514824239623e-10
3678,Normal,7.512883464793707e-05,0.99992446071584,7.718019020386232e-08,2.960380633031488e-07,3.723125868300165e-08
3681,Normal,4.605088569709921e-09,0.9999999714058941,1.6872303630625842e-09,2.0888695699419336e-08,1.4130912349370244e-09
3684,Normal,4.76129094053607e-09,0.9999999615316394,3.5222045565089336e-09,2.548454374938808e-08,4.700321317522692e-09
3685,OSF,8.928063837871147e-09,0.0021707391343845873,5.4302983600935675e-05,0.9977725206578917,2.428296059118912e-06
3686,Normal,2.6425884063759777e-08,0.9999996940962322,3.548328123749479e-08,2.3495873675146842e-07,9.035865704669457e-09
3693,Normal,1.746163078208846e-08,0.9999985733857109,8.051720113281903e-09,7.594970927317534e-08,1.3251512291670237e-06
3698,Normal,1.92811654060478e-08,0.9999994282078607,1.0098876838358354e-08,2.5945432478684587e-08,5.164666645017729e-07
3700,Normal,4.551520421415686e-09,0.9999999841217613,2.383948694376295e-09,7.288618517603811e-09,1.6541509466842163e-09
3702,Normal,8.020688143854976e-09,0.9999999725425938,4.537142865980568e-09,1.3165254682021993e-08,1.7343205812293558e-09
3703,Normal,4.058720321396838e-09,0.9999999841915128,2.525168983248013e-09,8.261368735307224e-09,9.632291427946132e-10
3710,Normal,2.805623155952253e-09,0.9999999827450877,1.493621065834049e-09,1.1991374423148279e-08,9.642936696227014e-10
3711,Normal,2.2813251072897683e-09,0.999999983935735,1.2145043825195716e-09,1.0092643698938958e-08,2.475791785769101e-09
3714,Normal,1.0239651350974958e-08,0.9999999552811392,5.219359354399673e-09,2.183437551898358e-08,7.425474460666468e-09
3719,Normal,2.5417716181598182e-09,0.9999999902951539,1.2022453097791443e-09,5.520517216219236e-09,4.4031186658961106e-10
3723,Normal,1.0335386724024765e-08,0.9999999537071661,5.0214347554696304e-09,2.8449881543702976e-08,2.486130645147271e-09
3736,Normal,1.9672089795509524e-07,0.9999595222184676,5.190343357726838e-08,4.02075644154564e-05,2.159278527955246e-08
3739,Normal,5.521588699516027e-09,0.9999999853932346,1.7925157305221333e-09,6.498365961106088e-09,7.942949720230261e-10
3740,Normal,3.7930894698474345e-09,0.9999999902841626,1.0486744912491714e-09,4.020348849559287e-09,8.537245579721817e-10
3742,Normal,1.5115310326907627e-08,0.9999999622763055,3.6352728036214663e-09,1.0560136107189002e-08,8.412975218031336e-09
3747,Normal,2.9355867870547544e-07,0.9999995271378632,2.3771190558638448e-08,5.803221018902747e-08,9.750005721831756e-08
3748,Normal,3.110647088883458e-08,0.9999999254525209,7.126524894187408e-09,2.525980151274557e-08,1.1054681842092528e-08
3753,Normal,1.1767811040826519e-08,0.9999999797762122,1.3258326577813647e-09,6.3311394122708285e-09,7.990046530755171e-10
3755,Normal,8.010896702304725e-09,0.999999968929603,1.2472178704725912e-09,2.1336530548391613e-08,4.757518506168392e-10
3759,Normal,2.2694848760494596e-08,0.9999999229750972,4.69182472072231e-09,3.212525790510618e-08,1.7512971345749753e-08
3760,Normal,2.2555712314166718e-08,0.9999999534368136,3.081680258553105e-09,1.061351350466711e-08,1.0312280414216126e-08
3764,Normal,2.7610426256307846e-08,0.999999930650609,4.942514605013921e-09,2.025691023769505e-08,1.6539539869567058e-08
3767,Normal,0.0013915580975630039,0.99860661726636,4.4964567993153714e-07,1.3024422035068219e-06,7.254819383164774e-08
3768,Normal,2.0746882405943097e-08,0.9999999181205586,6.849537932803893e-09,4.395996438859251e-08,1.0323056660236777e-08
3776,Normal,2.4652987020761156e-08,0.9999951366797464,2.5844882153689704e-08,2.0631491544484874e-08,4.7921908927840925e-06
3777,Normal,2.539356244355919e-06,0.6469844834844932,4.53859964605967e-06,2.7265085987213024e-05,0.35298117347362923
3782,Normal,5.067954278282672e-07,0.9999994265965942,1.047236564053264e-08,5.230171586420458e-08,3.833896409350012e-09
3789,Normal,4.012137630014279e-06,0.9999955434951873,8.617598159514332e-08,3.258904078420619e-07,3.2300793275910186e-08
3791,Normal,2.0246857992511896e-05,0.9999788683906006,1.9070413874816865e-07,6.211335912796123e-07,7.291367680922244e-08
3793,Normal,4.938946096241564e-06,0.99999434756609,1.0971319879751542e-07,4.539787177839166e-07,1.4979589715666057e-07
3797,Normal,5.295465427729343e-08,0.9999999238019364,4.158176115487076e-09,9.273211194460362e-09,9.812021922625857e-09
3799,Normal,1.9964867161067283e-08,0.9999999731062145,1.9055424008032593e-09,4.180177456850059e-09,8.431986989364625e-10
3805,Normal,6.169953406986676e-06,0.999992434983472,2.430559148901171e-07,9.18429601571623e-07,2.3357760464776013e-07
3807,HDF,0.4239538666938799,0.5760446085968546,4.305634001834587e-07,9.176570363724388e-07,1.7648882903564556e-07
3809,Normal,4.855930258250323e-07,0.9999994602452629,8.952095090484798e-09,3.9893265841913606e-08,5.316350188915599e-09
3823,Normal,6.083609229657083e-08,0.9999999255195309,2.2017681414447854e-09,1.0466968076735678e-08,9.756406583950775e-10
3825,Normal,5.879331802408046e-07,0.9999993738700524,6.627429207073907e-09,2.9096308192536998e-08,2.473029926143834e-09
3827,Normal,3.698845011676222e-07,0.9999996170147286,2.8756627069054704e-09,9.044958601222839e-09,1.1801488251811928e-09
3833,Normal,2.7282573627224463e-07,0.9999997054812638,5.248587246766036e-09,1.4052357475007188e-08,2.392054950094639e-09
3835,Normal,6.323548493807665e-06,0.9999831040647758,6.949903331684742e-08,1.04710652887106e-05,3.18224083954769e-08
3836,Normal,1.1210789501290528e-08,0.9999999760383643,2.5499645424473517e-09,9.070949281415739e-09,1.1299321038252317e-09
3837,Normal,1.0512787516660613e-08,0.9999999684359387,2.4784768931503102e-09,1.7665442780474906e-08,9.073542105850665e-10
3839,Normal,1.3925721844904518e-07,0.9999977821867563,3.538457283477903e-08,2.3400803488258337e-07,1.809163417711967e-06
3848,Normal,1.8213212587119713e-08,0.99999994929239,3.116599787022264e-09,2.1193415845017968e-08,8.184381755224182e-09
3852,Normal,9.129228360174313e-07,0.9999990312195912,2.5848878510163758e-08,2.399685686542958e-08,6.011837728036172e-09
3853,Normal,1.2688509713697557e-06,0.9999978028187014,4.345003948924315e-08,8.368199483995341e-07,4.806033931620071e-08
3854,Normal,9.731940201328126e-09,0.999999971592675,2.3291747612742364e-09,1.562558435244924e-08,7.206256083627679e-10
3856,Normal,8.164418109585204e-09,0.9999999751724264,9.358315428930086e-09,6.82941687781657e-09,4.754231737558147e-10
3859,Normal,2.911330285048556e-07,0.99985015200762,4.746749346272281e-07,3.4369706543110334e-06,0.00014564521376249392
3868,PWF,5.002583674315532e-07,0.06883077472857131,8.920915266686135e-08,0.9311683007188141,3.3508509455582155e-07
3876,Normal,2.091584154928727e-08,0.9999999533872015,5.75296333008637e-09,1.6100058162303547e-08,3.843935538122479e-09
3885,Normal,2.6408383039894177e-09,0.9999999924204169,6.809549267868663e-10,3.407906014542652e-09,8.498841326242754e-10
3891,Normal,4.8561238739521064e-08,0.9999998467869698,3.299559843203606e-08,6.576836905061833e-08,5.887823701101934e-09
3893,Normal,1.560542068685203e-05,0.9999837884783843,4.5409690853416215e-08,5.464940235884913e-07,1.4197214333395717e-08
3895,Normal,5.370802253622765e-09,0.9999999866653584,1.8937509138270757e-09,5.230934318966207e-09,8.39154340232365e-10
3901,Normal,1.1687507555350113e-08,0.9999999548729819,5.191964353844542e-09,2.6343197202199556e-08,1.9043491342544595e-09
3905,Normal,1.1038349931046136e-08,0.9999999789715914,2.316300032625652e-09,6.775788129175454e-09,8.979704127470955e-10
3907,Normal,0.0007750397242349129,0.9982166952853623,5.5735476285702646e-06,0.0010013669638402017,1.3244789341742624e-06
3909,Normal,1.4542490856843597e-08,0.9999999650097767,3.5018717352295774e-09,1.1110826846050541e-08,5.835033870941912e-09
3910,Normal,7.707057177794195e-09,0.9999999885939787,9.119950115894419e-10,2.3126054993854823e-09,4.743638508321867e-10
3912,Normal,3.3431821474789646e-05,0.9999663313577767,1.826693854644238e-08,2.1240176061702515e-07,6.152049087624314e-09
3914,Normal,1.3742315648308262e-09,0.9999999967983138,3.2965505733930624e-10,1.3049075757912124e-09,1.9289205577571123e-10
3917,Normal,9.147302359124545e-08,0.9999997899749223,1.8137476096339203e-08,8.523543779543448e-08,1.5179140147207343e-08
3919,Normal,0.05083204558534485,0.9491673356530064,1.1195503868404146e-07,4.6146590384864165e-07,4.5340706482829745e-08
3921,Normal,4.777955197511655e-07,0.9999892894289601,1.0210700804846112e-07,1.010964601710798e-06,9.119703910357085e-06
3922,Normal,1.8279265170915244e-07,0.9999996020603485,2.6748419066377327e-08,1.7484707021599297e-07,1.355151037906867e-08
3925,Normal,9.289171708913878e-09,0.999999959024496,2.473747180635613e-09,2.2256059600033723e-08,6.95652542055046e-09
3927,Normal,8.19878133231645e-08,0.9999996762297236,1.9439958042478994e-08,1.9262149081285693e-07,2.9721014253345364e-08
3930,Normal,1.5396588727021916e-07,0.9999996412949815,1.708119275087435e-08,1.6028577115358378e-07,2.7372167419611598e-08
3933,Normal,6.197857728935644e-07,0.999994802827764,1.4710748345553056e-07,1.4483372456175438e-06,2.981941733741626e-06
3936,OSF,1.5843258626644207e-05,3.706148200096656e-05,3.7978410292875897e-06,0.9999420805978001,1.2168205429902416e-06
3938,Normal,4.968739465188783e-09,0.9999999716424822,1.7167096164033564e-09,2.0896559446199937e-08,7.755090889088857e-10
3940,Normal,1.9860178391545664e-07,0.999959529067229,4.011603626341666e-05,1.4483926711953343e-07,1.1455456395974624e-08
3942,Normal,4.1667049893373994e-07,0.9981291436980857,2.013410944149483e-07,3.015184112458314e-06,0.0018672231062085046
3945,Normal,2.4315802666989517e-07,0.9997602359526025,3.7017147482655884e-05,5.3329252490127044e-06,0.00019717081663894498
3948,Normal,6.123773501652622e-09,0.999999985293007,1.6223164605401717e-09,5.70994369295251e-09,1.2509593081919265e-09
3950,Normal,2.6087674819743187e-08,0.999999909415286,9.123243561595809e-09,5.1883228268558594e-08,3.4905672572025617e-09
3951,Normal,7.480622768639275e-09,0.9999999676634735,3.813433862138739e-09,1.727638699227392e-08,3.766082574748195e-09
3953,Normal,1.5908549623543488e-08,0.9999999288784702,8.109782011251682e-09,3.059685450360759e-08,1.650634387006115e-08
3958,Normal,5.406973336900172e-09,0.9999999670075663,2.878510779937204e-09,2.3109892136241185e-08,1.5970573068046098e-09
3960,Normal,2.0083040683712776e-09,0.9999999856810351,9.102186190579844e-10,7.2228807346864405e-09,4.177561553508843e-09
3962,Normal,7.327060341239372e-10,0.999999995676075,3.3208220944232416e-10,2.6352670548126725e-09,6.238697184316416e-10
3964,Normal,2.6424537827346405e-09,0.9999999930273795,6.812646653123472e-10,2.2795640082854136e-09,1.3693380342062395e-09
3965,Normal,6.998770974220287e-10,0.999999996419564,3.03727489119873e-10,1.4569005995645066e-09,1.119930775903785e-09
3967,Normal,9.845819429540737e-09,0.9999999521497968,5.01891659343696e-09,2.0995865088329074e-08,1.1989602040180362e-08
3968,Normal,4.547902227538875e-09,0.9999999797550534,1.9736900777645473e-09,8.538250431353542e-09,5.185103929886212e-09
3969,Normal,3.283859618486377e-09,0.9999999902735558,1.424892717509315e-09,3.935855682717915e-09,1.0818364077595782e-09
3973,Normal,3.045870757060589e-08,0.9999997716811946,1.552407856644447e-08,5.8569758415339386e-08,1.2376626117294345e-07
3979,Normal,2.702922822940487e-08,0.9999997783608012,1.4110179744677424e-08,1.3334494262924747e-07,4.715484818582589e-08
3980,Normal,5.426739817035562e-09,0.9999999778275401,2.102145618993153e-09,1.3492085995792123e-08,1.1514885140465919e-09
3984,Normal,1.2793767358780479e-08,0.9999999290758749,5.239682801251492e-09,2.6931564067849406e-08,2.5959110729781392e-08
3988,Normal,5.951254383636035e-09,0.9999999801806538,1.281319649058124e-09,1.2018768827294977e-08,5.680031060746716e-10
3989,Normal,1.0241306129778526e-08,0.9999999669291346,3.3260371553498532e-09,1.5529012181313454e-08,3.974509938769032e-09
3991,Normal,5.390980461876648e-09,0.9999999908925966,8.19164365008132e-10,2.5391408297869825e-09,3.5811776189126575e-10
3996,Normal,4.913272780387803e-09,0.9999999885695569,1.2426330047288418e-09,4.810708620609972e-09,4.638285879690388e-10
3997,Normal,4.2803855304953944e-09,0.9999999908584581,9.215766888203148e-10,3.4006221671290155e-09,5.389575853371683e-10
3999,Normal,1.3376836210332102e-08,0.9999999695546999,1.990722664425316e-09,1.3648244466330723e-08,1.4294968002159633e-09
4003,PWF,8.578805139419339e-07,0.781982592739848,9.053735435852294e-07,0.2180155837168439,6.028925053530204e-08
4004,Normal,1.1330300361318827e-08,0.9999999486409152,4.082933303800335e-09,3.40931114845098e-08,1.8527396582704105e-09
4006,Normal,2.4234150068505154e-09,0.9999999775264522,2.590050812248153e-09,1.6245819404223545e-08,1.2142626437373173e-09
4008,Normal,1.0173265722335758e-05,0.9999896773059581,5.387823319315512e-08,8.484501286914231e-08,1.0705073294771483e-08
4009,Normal,1.3195488702029329e-08,0.9999999518468848,4.047933551922077e-09,2.7771681707549047e-08,3.1380113032785622e-09
4012,Normal,9.874008255432108e-09,0.9999997195519299,1.0584732100391608e-08,2.5813911744513866e-07,1.8502123322341048e-09
4019,Normal,2.4427860805831544e-09,0.9999999908413949,1.4029812454821484e-09,4.516643884137136e-09,7.961936740427027e-10
4022,Normal,2.0534349869888413e-07,0.9999997435351364,3.8643197639880244e-08,1.0640416397691647e-08,1.8377507508388788e-09
4026,Normal,8.358599021093058e-09,0.999999508262251,2.835332696488338e-08,5.5496647087325345e-08,3.995291758957938e-07
4031,Normal,5.1399156179002857e-08,0.9999285772764892,4.4537352842172946e-07,4.28577857709917e-05,2.8068165055474696e-05
4033,OSF,1.8178444623332479e-06,0.9266767578734489,0.07322642870934178,3.1771077135957674e-05,6.322449561085901e-05
4035,TWF,1.467139704616378e-07,0.9994814489394873,2.982715098329009e-06,3.52463218235889e-06,0.0005118969992614854
4046,Normal,5.684231023745102e-09,0.9999999720184506,2.7490386532029432e-09,9.906428458918098e-09,9.641851374413797e-09
4048,Normal,1.7107991709439373e-09,0.9999999864429285,1.10989605597668e-09,6.876115212716855e-09,3.860260914979458e-09
4049,PWF,9.644828989005291e-08,0.1021581056666491,6.746165161295428e-08,0.8978416301015262,1.0032188327890999e-07
4050,Normal,2.196438066144249e-08,0.9999999182331731,1.3558520421042545e-08,3.5380558325102325e-08,1.0863367333579082e-08
4051,Normal,1.649167721375197e-08,0.9999998826508316,9.441226837356434e-09,2.3541551752569086e-08,6.78747125014484e-08
4053,Normal,9.677099906851633e-09,0.9999999661981587,4.670415999913369e-09,1.3090622485706686e-08,6.3637027985656625e-09
4054,Normal,6.923438568585593e-08,0.999964013002928,3.6843606255760793e-08,3.5738083558429736e-05,1.4283552158874873e-07
4056,Normal,3.974847200624367e-09,0.9999999850824237,1.7646157800128849e-09,8.184888795061488e-09,9.93224388376485e-10
4059,Normal,1.328478689863213e-08,0.9999999580827117,4.287537087110137e-09,7.61437922983365e-09,1.6730585033873644e-08
4060,Normal,3.8606389802408395e-09,0.9999999826490517,2.4319126701638622e-09,1.0168064894152063e-08,8.903318924903683e-10
4071,Normal,0.6483180133805618,0.3516717248181718,7.272381051286988e-06,2.7815364808578065e-06,2.078837341514342e-07
4075,Normal,5.045140705292837e-09,0.9999999884030234,1.0863844498605989e-09,5.0677354765933806e-09,3.9771575546731084e-10
4076,Normal,7.79459109474378e-09,0.9999999851200876,1.344695076890185e-09,4.238998850669433e-09,1.5016274369644582e-09
4077,Normal,3.714417280250269e-08,0.9999999351533646,3.875872248861804e-09,1.312352286607944e-08,1.0703067377506167e-08
4078,Normal,1.9176296660012937e-08,0.9999999747729096,1.3210826335006295e-09,3.884445755866811e-09,8.452653500970563e-10
4079,HDF,0.9982942985990262,0.0017037132260057195,4.107443384304765e-08,1.877356565894304e-06,6.97439684985089e-08
4080,Normal,7.256129153686335e-08,0.9999998453797102,4.998927601259868e-09,1.6739519380551917e-08,6.032055126908904e-08
4082,HDF,0.9999147544443563,8.523189933902893e-05,6.316403681361119e-09,7.149843453491228e-09,1.9005773441178882e-10
4083,Normal,1.8739668987934575e-07,0.9999997894070235,5.2373547703023125e-09,1.5399786532995446e-08,2.559145541508982e-09
4085,Normal,2.4952034202432617e-08,0.9999999672702369,1.7914776762365926e-09,5.267613345386046e-09,7.186379368554968e-10
4086,Normal,5.351380146343318e-09,0.9999999918212555,5.911378832909026e-10,1.8435583765690773e-09,3.926682067149729e-10
4087,Normal,1.0292573195231113e-07,0.9999998250079698,1.374236965794288e-08,4.040769849807944e-08,1.7916229991343744e-08
4090,Normal,1.250889025314637e-08,0.999999978516712,1.6257496737539153e-09,6.1424051415118686e-09,1.2062428111832261e-09
4091,Normal,2.501730727485481e-07,0.9999864004328698,3.340801460173829e-08,1.3276369089489828e-05,3.961695343576814e-08
4097,HDF,0.9700897364886617,0.029906724387554973,1.338396810696278e-06,1.978744284852658e-06,2.21982687968696e-07
4100,Normal,3.781306773263818e-08,0.9999999137465155,7.180971456796057e-09,2.8053853746766286e-08,1.3205591679833313e-08
4101,Normal,1.842712295741435e-07,0.9999978569132236,3.780759391391647e-08,1.408299896143952e-07,1.780177963318715e-06
4104,Normal,8.62768775613026e-09,0.9999999831804541,1.7312823522828948e-09,5.826767986364352e-09,6.338076953451365e-10
4105,Normal,2.95812471049047e-07,0.9999996585345197,1.2234158708187233e-08,2.874034408879909e-08,4.678506654691709e-09
4106,Normal,1.6677181320288086e-09,0.9999999855970856,2.1622851738320484e-09,9.020471772811398e-09,1.5524393763347348e-09
4110,Normal,4.160981047569146e-09,0.9999999661556087,2.23723539406553e-09,1.9757772639006616e-08,7.688402090863441e-09
4112,Normal,1.722008276918015e-08,0.9999999348035444,9.89021588634814e-09,2.795539243171657e-08,1.013076466204087e-08
4116,Normal,0.000669980125062709,0.9993285950756401,1.1436466869583662e-06,2.3748068156233743e-07,4.367192839708932e-08
4118,OSF,0.00016421265500049138,0.010088773353989729,0.989744391456196,3.6513801978502057e-07,2.25739679391108e-06
4119,Normal,0.0628997676639448,0.8903747582194864,8.690634245582265e-05,8.242570426633527e-05,0.04655614206984656
4120,HDF,0.9997095629916041,0.00028849408970188533,1.7914518999389737e-08,2.650379180763401e-07,1.6599662570323114e-06
4137,Normal,3.899698770183235e-07,0.99999956709323,1.7765517228650843e-08,1.9114669401830865e-08,6.056706486056323e-09
4140,Normal,2.7612108562093172e-08,0.999999955502614,4.348841937520063e-09,9.448221881506635e-09,3.0882138706582076e-09
4141,HDF,0.9971852213125706,0.0028145680248866604,2.3842657949464152e-08,1.859306177596846e-07,8.892671656776737e-10
4143,Normal,1.183153793306992e-06,0.9999987484197695,2.3620917076548105e-08,3.5761359987140446e-08,9.044160179656837e-09
4150,Normal,1.3354491500311084e-07,0.9999998435560364,5.291421263799991e-09,1.4011526095430932e-08,3.596100843078379e-09
4155,Normal,4.0769429851525104e-07,0.9999995648521001,6.589578316507819e-09,1.60032009064908e-08,4.8608223984017805e-09
4164,Normal,5.3173653313226e-08,0.9999999424440935,9.698318866109017e-10,2.851665520376218e-09,5.607555439227682e-10
4165,HDF,0.9998977481024357,0.00010225024913385831,2.116011405955452e-10,9.95307876775748e-10,4.41521516735806e-10
4167,Normal,6.5774349465793335e-06,0.9999932857881043,2.7010875564948777e-08,9.75372311752169e-08,1.2228842528373543e-08
4168,Normal,6.00818102972817e-07,0.999999367038262,4.438059433499284e-09,2.2978546287079743e-08,4.7270295288391345e-09
4172,Normal,3.205416145447028e-07,0.9999996636701173,3.4826532019537633e-09,9.87467238025751e-09,2.4309426828641263e-09
4176,Normal,1.42801155815173e-07,0.9999998488526534,1.3314154086980228e-09,6.518141982830387e-09,4.966335203265777e-10
4178,Normal,3.7034659167075887e-06,0.9999960661747002,3.903198703083998e-08,1.750812534062271e-07,1.624614259186286e-08
4179,Normal,1.9708431756970974e-06,0.9999978947653381,2.0771327187657386e-08,9.31714842607775e-08,2.044867487398714e-08
4181,Normal,4.789380327226844e-08,0.9999999459528495,1.0504878372892655e-09,4.712050265197011e-09,3.908091132681629e-10
4184,Normal,5.893207687786539e-06,0.9999936954633167,8.521082502996295e-08,2.9353503145276293e-07,3.2583139075457476e-08
4185,HDF,0.99736609007401,0.002633795291661448,2.934131880330217e-09,1.1073800619676327e-07,9.621904163720168e-10
4187,Normal,1.4311984666197377e-07,0.9999998466360074,2.1484907471862985e-09,6.3649695429621055e-09,1.7306854979968562e-09
4192,Normal,0.0003346187412554766,0.9955831959348176,3.8390760184352244e-06,0.004078152918703867,1.933292047439125e-07
4193,Normal,1.1185458823392528e-08,0.9999999708770673,1.820083511925271e-09,1.531087929781479e-08,8.065110893847486e-10
4194,Normal,4.812079841049322e-09,0.9999999804603915,1.5097527678928292e-09,1.226963977894494e-08,9.481362809773517e-10
4206,Normal,8.409481748813314e-07,0.9999934065297365,1.1772304590594417e-07,9.059490079573014e-07,4.72885003483807e-06
4207,Normal,1.754019630023789e-07,0.9999987609225826,5.7449366720672094e-08,1.938434709110636e-07,8.1238261695547e-07
4208,TWF,1.0326355495497135e-07,0.9999988386687169,3.693316947617734e-08,9.290444468432536e-08,9.282301142035142e-07
4216,Normal,2.2483335651870731e-07,0.9999962890403115,3.178000708296789e-08,3.3493362299062705e-06,1.0501009496645871e-07
4217,Normal,0.8580256748065535,0.14197088911956895,1.1509147039741198e-06,2.057179703729078e-06,2.27979470157012e-07
4219,Normal,2.3342014217609553e-08,0.9999999664394628,2.6623831521412925e-09,6.2733135472493416e-09,1.2828263141192981e-09
4221,Normal,0.03864605637523139,0.07241405679219216,6.945215452851511e-07,0.888910897470927,2.8294840104082594e-05
4223,Normal,2.464135976567268e-08,0.9999999632844363,2.8105861162780826e-09,6.622368385474168e-09,2.6412492584192857e-09
4224,Normal,3.438862639411077e-09,0.9999999922277377,1.114753337728386e-09,2.4453605723861458e-09,7.732856732904423e-10
4226,HDF,0.9977852721930333,0.0022147175554308135,3.2663391814122167e-09,6.0695031674957984e-09,9.15693676738709e-10
4228,Normal,4.3221883799718976e-07,0.9999993664350313,3.522684784634023e-08,8.385135966992427e-08,8.22679234283192e-08
4229,Normal,1.4457105159977538e-07,0.9999971125420554,1.3800865606907017e-08,2.711909012960309e-06,1.7177014419300576e-08
4233,Normal,2.3683707454618267e-07,0.9999996838210432,2.2501258102104922e-08,4.860311040949929e-08,8.237513641153651e-09
4235,Normal,3.1673211131899296e-07,0.9999995699001756,1.9148539570551507e-08,3.563374631420259e-08,5.858542696155997e-08
4237,Normal,3.610435176021501e-07,0.9999995399648529,2.4814528819858697e-08,6.106854790514728e-08,1.3108552797106552e-08
4238,Normal,1.5301858960651477e-08,0.9999999706036087,2.1319802392666963e-09,1.0758336957997207e-08,1.2042150315740736e-09
4241,Normal,9.399981984286487e-09,0.9999999652245982,3.893446044733836e-09,1.7128733156093787e-08,4.353240432326248e-09
4242,Normal,1.893266247675872e-07,0.9999997469462939,8.667254623776877e-09,3.229032667270687e-08,2.276949988876862e-08
4243,Normal,2.49025763212363e-07,0.9999997014211474,9.617638177908669e-09,3.640774853390794e-08,3.527702695716023e-09
4244,Normal,9.661147312286366e-07,0.9999989488219926,1.6431836929484923e-08,6.114256309844825e-08,7.488876281169503e-09
4247,Normal,1.6180383067631475e-06,0.999998173690079,2.371654306038851e-08,1.4590994496982122e-07,3.8645125954323715e-08
4255,PWF,0.009857835992941537,0.0019195594650123497,1.567012944718199e-06,0.98821961620251,1.4213265914627443e-06
4257,Normal,2.3170300045554985e-07,0.9999997353630722,4.860406483261716e-09,2.3105843290298002e-08,4.9676773038074296e-09
4259,HDF,0.9756016753537686,0.024218772950281207,4.77961171783781e-07,0.00017900230698090006,7.14277973546209e-08
4263,Normal,4.831251468310575e-07,0.999999384174219,1.2181453089892666e-08,9.454202657510287e-08,2.597715462401959e-08
4268,Normal,1.2725110871128718e-06,0.9999985002084911,3.208454990200636e-08,1.7422277807918906e-07,2.097309383551866e-08
4269,Normal,1.1253511279658816e-07,0.999999860270884,5.485822870559867e-09,1.966573543982657e-08,2.042445082582521e-09
4271,HDF,0.9999843400503061,1.529980228379265e-05,1.2354888290257576e-09,3.580868626545118e-07,8.25058666574421e-10
4276,Normal,1.3891812685144184e-06,0.9999984357355867,1.980956874493176e-08,1.1604979204633237e-07,3.922378395950967e-08
4283,HDF,0.8368388744652332,0.16315129959353905,2.009292069288657e-06,7.4205048709002804e-06,3.961442876816633e-07
4284,HDF,0.49280408985595875,0.49715664039925056,5.565256051978707e-05,0.00997957849464211,4.0386896286065536e-06
4286,HDF,0.017866101912536358,0.9821309238328568,7.03699545389182e-07,2.0487875733940934e-06,2.2176748827738346e-07
4287,Normal,6.83065834532932e-08,0.9999993742321659,2.7588164850512408e-08,1.4111917934432394e-07,3.8875390641843054e-07
4289,Normal,6.310731900260695e-08,0.9999997572982865,6.817733375968261e-08,9.594553686820226e-08,1.5471524188032968e-08
4290,Normal,2.1280536065371071e-07,0.9999993113820357,4.927665489022275e-08,3.7712363561667306e-07,4.9412313259553345e-08
4294,Normal,1.237834517093312e-06,0.9898686744415891,5.125888565029237e-07,8.874165682905909e-06,0.010120700969354366
4295,Normal,5.6892081496463103e-08,0.9999969839058057,1.794374893188638e-08,1.587134172708483e-07,2.782544946433205e-06
4310,Normal,1.560531052075676e-08,0.9999999748016029,2.5437316929668943e-09,5.0453810511698134e-09,2.003974041136551e-09
4311,Normal,2.181743752363017e-08,0.9999999749395343,1.0132950837726558e-09,1.7333829280284484e-09,4.963503741517201e-10
4312,Normal,9.449585855753675e-09,0.999999985797198,9.876044540546307e-10,3.0471082529671528e-09,7.185033614118524e-10
4313,Normal,4.234043412501963e-08,0.9999999360980906,2.099407983761784e-09,3.1599377908176015e-09,1.6302129193134524e-08
4319,Normal,2.9495354718315247e-08,0.9999999649701147,1.6270840346340119e-09,2.975348928352694e-09,9.320977009904824e-10
4321,Normal,3.32232927969723e-07,0.9999995683392202,3.260424425276671e-08,5.4378300579896486e-08,1.2445306966939929e-08
4322,Normal,5.730967082855515e-07,0.9999993361812852,2.5910290741027305e-08,5.037071400776065e-08,1.4441001811210568e-08
4325,Normal,3.5380579389547884e-07,0.999999598159619,1.1555074233961776e-08,3.25514690813597e-08,3.9280436010614385e-09
4327,HDF,0.9971696222764675,0.0028303550598142266,1.1204003168426678e-08,1.1002393164313094e-08,4.573219234958148e-10
4328,Normal,3.2920011926878885e-08,0.999999954488814,3.3367267159140952e-09,6.601080431222986e-09,2.6533669042759734e-09
4331,Normal,3.9506122054040053e-07,0.9999994791682881,2.001810989974634e-08,7.07871395207276e-08,3.496524213719874e-08
4332,Normal,3.110827932272962e-08,0.9999999545722881,3.135077173358595e-09,6.36450109554325e-09,4.81985435548262e-09
4333,Normal,2.2736554897134006e-07,0.9999996773575914,1.9062976062903442e-08,6.119436020859008e-08,1.5019523309300802e-08
4341,Normal,1.377372933385968e-07,0.999999782832876,1.3883144938499122e-08,5.275421390668693e-08,1.2792471620606567e-08
4344,Normal,4.2699329130125575e-08,0.9999997990321068,4.913264510765819e-09,1.5131012602559408e-07,2.045173571978377e-09
4350,Normal,2.731747603001189e-08,0.9999999583580916,1.9981811249005726e-09,1.143317558634442e-08,8.930757464940777e-10
4354,PWF,0.00042877821929972475,0.14751576087155757,2.701461413309465e-05,0.8519132323189798,0.00011521397602980599
4356,HDF,0.510340847584028,0.48964106547466224,1.0373592576832713e-05,7.058028279995173e-06,6.553204528904194e-07
4357,Normal,2.1053308008874965e-08,0.9999999549383538,2.3725671725998996e-09,1.9328459633773937e-08,2.3073113878019426e-09
4360,Normal,7.925405642891947e-07,0.9999991196034995,1.1112310793650066e-08,6.578960775118403e-08,1.0954017644341108e-08
4364,Normal,1.5211163216156028e-07,0.9999997994710639,6.382811064896588e-09,3.721976238724502e-08,4.814730543344208e-09
4368,Normal,1.1885530918648266e-08,0.9999999617785705,3.204659591822541e-09,2.1737030375223225e-08,1.3942084002019839e-09
4370,Normal,1.7990465474667023e-08,0.9999999491113832,5.372162078583537e-09,1.9150198544360788e-08,8.375790750397633e-09
4373,Normal,3.468735340606759e-08,0.9999993825742322,6.347367555785784e-09,4.041156905622858e-08,5.35979477738508e-07
4374,Normal,1.0744918631770411e-07,0.9921023893645267,1.9644926581349047e-08,2.099975800724211e-07,0.007897273543780354
4380,Normal,7.435329333058062e-07,0.9996107839074909,1.3695451801430233e-07,1.132309108366995e-05,0.0003770125139739639
4383,Normal,1.221124913461651e-06,0.9907183673869577,3.4180751150787563e-06,2.0083812493154883e-05,0.00925690960052048
4391,Normal,5.600259395720869e-07,0.9999994118422062,5.198746373830161e-09,7.697816548418594e-09,1.523529144814849e-08
4392,HDF,0.9999864766245203,1.3523267883696864e-05,3.10339252546534e-11,6.247337197170528e-11,1.4088758559775526e-11
4394,Normal,7.825081909884208e-07,0.9999991908672198,7.865462499378776e-09,1.1889250375523857e-08,6.869876111167801e-09
4398,Normal,5.437610595321875e-06,0.9999941522977144,9.114711897327279e-08,2.392271283147961e-07,7.971744311492559e-08
4402,Normal,1.1549027831401829e-07,0.9999998755789384,3.21989195830642e-09,4.389486906963624e-09,1.3214043213298804e-09
4405,Normal,1.0229433164396742e-06,0.9999988475977053,1.8069341297632674e-08,6.679802603319721e-08,4.45916107223805e-08
4406,HDF,0.9999454799466739,5.4513783198291816e-05,1.798370349864216e-10,5.8256809315209294e-09,2.6460991018683864e-10
4408,Normal,1.7248866633750495e-05,0.9999808129942899,1.1826416549607082e-06,6.704703679925645e-07,8.502705363150666e-08
4409,Normal,3.7738134425566547e-07,0.9999993320855598,9.322700218926181e-09,2.684303570802113e-07,1.2780038550435013e-08
4420,PWF,2.036765071467388e-05,0.05414269829472918,2.492173162942993e-07,0.9458343580865245,2.3267507152095474e-06
4421,Normal,6.276716251700054e-07,0.9999992678398593,1.151962745482779e-08,5.554818633488909e-08,3.742070185240569e-08
4425,Normal,1.0456569748618937e-06,0.9999988243510808,1.2938840207492125e-08,6.560969059941332e-08,5.144341344412517e-08
4426,Normal,3.204592023749867e-06,0.9999964777194137,5.111309784559949e-08,1.849177372114263e-07,8.165772765721479e-08
4429,Normal,8.860470264785352e-07,0.9999990450968822,1.3252639490328463e-08,3.922860739757548e-08,1.637484447913968e-08
4433,Normal,3.6049744432389386e-06,0.9999956788223128,5.6963517316881485e-08,5.886229336586673e-07,7.061679294536064e-08
4434,Normal,6.206793648478739e-07,0.9999993312425923,9.876159443351839e-09,3.414882712281815e-08,4.053056094093622e-09
4435,Normal,2.744117117872238e-06,0.9999970585674317,3.72494860426354e-08,1.3060513655049586e-07,2.946082786542747e-08
4442,HDF,0.9999777619852926,2.2183646761794336e-05,2.7297495298089213e-10,5.4007915465834775e-08,8.705524520220396e-11
4445,Normal,1.4028660763337702e-05,0.9998589608390474,2.444164279322556e-07,0.0001263329866227985,4.330971386616177e-07
4457,Normal,7.113803870504672e-07,0.9999989872232443,3.4452039035730185e-08,2.1589632269142383e-07,5.1048006934909826e-08
4460,Normal,7.767059386921844e-07,0.9999990036770051,3.550744715724238e-08,1.6108708122016114e-07,2.3022527885665847e-08
4463,OSF,0.004891308961854733,8.936723889735829e-06,0.0005246368004169966,0.9945750529568012,6.455703743239474e-08
4477,Normal,7.414894141026065e-06,0.999992375578617,8.326601056211415e-08,9.828415919836225e-08,2.7977072371549142e-08
4479,Normal,3.5039643512234204e-06,0.9999962986918955,4.831797861357709e-08,1.2681530390197384e-07,2.2210470738827525e-08
4480,Normal,4.89161262453087e-06,0.9999946931373144,6.410283072183627e-08,1.7874755079404134e-07,1.7239967949528865e-07
4485,Normal,1.4232707164396978e-06,0.9999984629023159,1.991415195052318e-08,7.805400539886184e-08,1.5858810325090033e-08
4489,Normal,1.3681172193949702e-06,0.9999984244248565,2.81234350130897e-08,1.315273684771696e-07,4.780712056982341e-08
4493,Normal,2.8567309652225195e-06,0.9999969725541463,3.4387046443968465e-08,1.1069052034214648e-07,2.5637321876333425e-08
4494,Normal,3.977803990724236e-06,0.9999955571316846,1.0182270022163008e-07,2.583331662856541e-07,1.0490845824950227e-07
4500,Normal,4.6694057524461887e-07,0.9999994954048425,7.375656187770274e-09,2.4490858313625812e-08,5.788067682386694e-09
4502,HDF,0.9999929167820221,7.0775236188348445e-06,9.184814580087581e-11,5.560086323353276e-09,4.242460158703532e-11
4503,Normal,7.862666562346428e-07,0.9999991438973933,1.1703440288368216e-08,5.034556640334871e-08,7.786943755949363e-09
4504,Normal,1.9684868622848016e-06,0.9999978068304566,2.4315020071237303e-08,1.4660398533414677e-07,5.3763675722684206e-08
4505,Normal,4.2551820390408745e-07,0.9999995469313433,6.412032699712255e-09,1.4902750323507592e-08,6.235669856758462e-09
4511,HDF,0.9999995848243074,4.101880671226011e-07,9.695322161911694e-11,4.7522340698520935e-09,1.384382904653801e-10
4514,Normal,3.6714268532742214e-06,0.9999935118241644,5.424336626003875e-08,2.0850133490322865e-07,2.5540042809349443e-06
4515,Normal,9.471490603135533e-07,0.9999989764193294,1.2699960811317275e-08,4.5946486431637544e-08,1.778516301413115e-08
4518,Normal,3.0114658914292927e-06,0.9999967440158415,4.037954878710562e-08,1.4608707453423083e-07,5.8051643629834e-08
4520,Normal,2.8051227886131495e-07,0.9999996986976609,4.000077813775663e-09,1.5008772069143848e-08,1.7812103981455268e-09
4521,Normal,1.7174576138980152e-06,0.9999980827083329,1.9828649285399605e-08,1.435456443056147e-07,3.645975952980746e-08
4525,Normal,1.1670368091414933e-06,0.9999987573658125,1.3398900870157833e-08,5.0927680136759136e-08,1.1270797358600913e-08
4527,Normal,3.011449974488773e-06,0.9999967311606474,4.2943056563900764e-08,1.7967291392827153e-07,3.477340763117877e-08
4531,Normal,3.90131430403923e-07,0.9999995676079978,7.650809756087606e-09,3.201083930161303e-08,2.5989228069471144e-09
4533,Normal,5.076787043706995e-07,0.9999994428984101,1.1310987930930623e-08,3.144890921818418e-08,6.662988144889219e-09
4536,Normal,4.6706812178776625e-06,0.9999946542483914,8.132953744374688e-08,4.154196797278359e-07,1.783211736110556e-07
4538,Normal,3.727603374468141e-06,0.9999948183221136,1.8451094755469752e-07,1.0735440619509015e-06,1.9601950246928963e-07
4539,Normal,4.858792823873933e-06,0.9999819072081408,2.425860755443271e-07,1.5671191210974442e-06,1.1424293838719565e-05
4540,Normal,5.8232326165116096e-08,0.9999999201016337,2.906316233981731e-09,1.7676904970905523e-08,1.08281894653658e-09
4543,Normal,6.085679001249397e-08,0.9999999229599362,2.171616270460514e-09,1.2706294690721984e-08,1.3053628481779815e-09
4544,Normal,1.1949723424185387e-06,0.9999985350794528,3.7016967246759815e-08,1.7647048795519443e-07,5.646074951043423e-08
4545,HDF,0.990537367134339,0.009461503802370307,7.080070272886271e-07,4.015834612928324e-07,1.9472802375211877e-08
4546,Normal,1.4287402076222574e-07,0.9999998189507132,6.133453159518291e-09,2.999793708996233e-08,2.04387591321799e-09
4550,Normal,4.151111656675348e-05,0.9999479124419023,1.0876378079444608e-06,5.045507712480892e-06,4.443296010596338e-06
4555,Normal,1.5860873626939686e-06,0.9999982826229707,2.584035031293902e-08,8.703867214336733e-08,1.8410643998389798e-08
4557,HDF,0.9999354401960535,6.455931849569063e-05,2.4073579578941875e-10,2.041885125472045e-10,4.0526344291648824e-11
4560,Normal,1.0842156378964889e-06,0.9999988517752171,1.9018931758048057e-08,3.773360285452863e-08,7.2566105031681555e-09
4561,Normal,2.047653222770858e-06,0.9999977991045728,4.0334328670527786e-08,9.294185402336838e-08,1.996602194881472e-08
4563,Normal,1.8671530305021624e-05,0.9999799549012384,9.164037367588168e-07,3.975337025632427e-07,5.96310172889449e-08
4565,Normal,2.985319070094439e-06,0.9999967882434438,5.866805195613447e-08,1.3517261569898524e-07,3.259681827271029e-08
4567,Normal,3.9840767482468804e-05,0.9999590783701476,3.209057415722597e-07,6.372465046269667e-07,1.2271012376839998e-07
4580,HDF,0.9999964318654166,3.5671857474147255e-06,3.301799024383799e-10,5.530195752243679e-10,6.563634481723312e-11
4581,Normal,3.6059540598217903e-06,0.9999957980458751,1.0214925022175061e-07,2.772077619961622e-07,2.1664305291069348e-07
4587,Normal,5.7748304761542334e-05,0.9999404741370109,4.770770550320561e-07,1.1181104498849174e-06,1.8237072281000608e-07
4588,Normal,6.562920088018636e-07,0.9999992598619412,1.121237792818308e-08,5.614707099373393e-08,1.6486601168519742e-08
4591,Normal,1.8999259959716315e-07,0.9999997111831304,1.630102059434285e-08,7.242313702451788e-08,1.0100112456735457e-08
4593,Normal,1.1389807392811931e-07,0.9999998446811881,1.0504116211790055e-08,2.3972027658853944e-08,6.944594053315479e-09
4599,Normal,1.2765046274574066e-05,0.9999865741538043,1.8310397262460535e-07,4.076915655431872e-07,7.000438303261726e-08
4603,Normal,6.605012945179441e-07,0.999999268934588,1.5076221409690444e-08,4.589595615533159e-08,9.591939868514715e-09
4609,Normal,5.915166715314557e-07,0.9999992957849905,1.2997637840923176e-08,8.704812384386587e-08,1.2652576448753018e-08
4610,Normal,3.809162202961771e-07,0.9999995631232513,9.216742576820311e-09,4.3368727566393076e-08,3.375058170755866e-09
4616,Normal,2.3532924681017274e-07,0.9999997274524931,6.345929743927787e-09,2.770705385003283e-08,3.16527646477607e-09
4619,HDF,0.9999308514705227,6.888752906653691e-05,1.0921279987581172e-09,2.5953311119234155e-07,3.751715763199305e-10
4626,Normal,1.6697411662803932e-06,0.9999979445465617,4.7421160308093156e-08,2.541495223424144e-07,8.41415892421353e-08
4627,Normal,1.1038429256634292e-07,0.9999998684138809,3.1360118997330858e-09,1.6801276673504124e-08,1.2645380746796889e-09
4632,Normal,6.62821811455306e-06,0.9999929907789592,6.704968256100323e-08,2.931410523286471e-07,2.0812191311672777e-08
4641,Normal,7.668490321385913e-07,0.9999987877004173,4.0532091000812015e-08,1.9168591443137444e-07,2.1323254524618484e-07
4642,Normal,4.7002371225482207e-07,0.9999991688281894,3.010667294513288e-08,6.586397445170239e-08,2.651774509646492e-07
4647,TWF,5.212928328983088e-05,0.9976518167612615,0.000218580375116911,2.9523189323902786e-05,0.0020479503910078435
4651,Normal,1.5903614949957535e-07,0.9999998056147652,7.673150691818767e-09,2.1196575646679236e-08,6.479358957376615e-09
4652,HDF,0.9999315503288538,6.844628961815002e-05,1.2306374511284671e-09,1.8042259234856383e-09,3.466647512692247e-10
4657,Normal,2.7738587984864014e-07,0.9999996915309924,8.460841927759794e-09,1.9463855617821807e-08,3.1584304242285403e-09
4661,Normal,7.157654730087914e-07,0.9999991917166388,2.7523257475922614e-08,5.449383259145782e-08,1.0500798174546608e-08
4665,Normal,1.2731520159081824e-06,0.99999836558924,3.7625382696947e-08,1.5971859091864805e-07,1.639147705326115e-07
4666,HDF,0.9998102811505635,0.00018967839376257255,7.168713559277247e-10,3.9278456052728425e-08,4.60346597061091e-10
4667,Normal,2.1213742646481648e-07,0.9999997124808028,8.742070533665568e-09,5.555871820767444e-08,1.1080982093092338e-08
4670,HDF,0.9999789687675066,2.1026371637956325e-05,4.855185914066222e-10,2.113825379198457e-09,2.261511645342547e-09
4671,Normal,1.949814945312327e-07,0.9999997064302932,2.148470943561612e-08,5.83041794908525e-08,1.8799323133656894e-08
4673,Normal,8.725788120163535e-07,0.9999989694458906,1.0749050695461706e-07,4.3981556235717054e-08,6.503234440947218e-09
4683,Normal,3.7096391104521676e-06,0.9999957579670957,1.0485479776602199e-07,3.581945280447378e-07,6.934446828741247e-08
4687,Normal,3.313744153474388e-07,0.9999996003354975,7.97447597307685e-09,5.027752894807503e-08,1.0038082241103265e-08
4688,Normal,9.175449511559231e-07,0.9999955905908128,2.5940450698109617e-08,3.4336116228854e-06,3.2312162479899166e-08
4690,Normal,3.669388474684617e-07,0.9999994889600481,1.3529413892109405e-08,8.530033834292943e-08,4.5271352249901436e-08
4695,Normal,4.6331634028329383e-07,0.9999994552769823,2.1607320346816895e-08,5.177903681627509e-08,8.02032034646632e-09
4696,Normal,2.8815945032734033e-06,0.9999965822100263,7.729797393810073e-08,2.641098502319552e-07,1.9478764644889276e-07
4698,Normal,1.2839177332552037e-07,0.9999998511792266,2.932085613622184e-09,1.5409570195605562e-08,2.087344077804185e-09
4701,Normal,7.221594730746048e-08,0.9999999147182648,1.9371468639175073e-09,1.0405277314508265e-08,7.233637895768792e-10
4702,Normal,1.3133408120964132e-07,0.9999998590622067,1.6490288515529273e-09,7.0763336841079915e-09,8.783496017727282e-10
4703,HDF,0.028766163559392065,0.0017130450215698421,4.589075943987001e-07,0.9695200512352625,2.812761813295727e-07
4713,Normal,3.1174227690345207e-06,0.9999960692694112,8.362968995635535e-08,5.115487894994621e-07,2.181293403864742e-07
4715,Normal,8.52765271392727e-08,0.999999908591587,1.0707975212453826e-09,4.592609338681737e-09,4.684788771441244e-10
4716,Normal,3.056142330966056e-07,0.9999996332514833,8.198409782752394e-09,5.014931571487546e-08,2.786558242678552e-09
4720,Normal,4.775121543281361e-07,0.999999384972147,1.3403895694161346e-08,1.0233723493949361e-07,2.1774567920571745e-08
4727,Normal,7.477009698109237e-07,0.9999915435557744,2.217335868299126e-07,4.760616065135545e-06,2.72639360383573e-06
4729,Normal,1.1098367936916252e-05,0.9990211263616687,5.9367732425382336e-05,2.938915603714477e-06,0.0009054686223652484
4733,Normal,1.3701894724192993e-06,0.9998525908374678,8.797475750597212e-07,4.797065159280504e-07,0.0001446795189686639
4741,Normal,4.394815669746413e-07,0.9999994326487035,2.127322501151118e-08,8.797962320510876e-08,1.8616881178984963e-08
4742,Normal,4.825608279910279e-06,0.9999946120829794,1.6390784821682968e-07,3.432631383982826e-07,5.51377541077822e-08
4747,Normal,8.406489644553021e-07,0.9999989951300788,3.2325689303444535e-08,6.40474869706178e-08,6.784778046588777e-08
4749,HDF,0.9999678074471003,3.2189710642471375e-05,5.152939813073581e-10,7.714360380953542e-10,1.5555273142334782e-09
4750,Normal,5.999134989417422e-06,0.9999934363358118,1.677156656013627e-07,3.326759377932127e-07,6.413759550905956e-08
4751,Normal,1.4919540512706367e-07,0.9999998173906737,5.428502043003618e-09,2.3043801119778056e-08,4.941618013400273e-09
4754,Normal,1.3440641974700072e-07,0.99999982804217,8.06868939281087e-09,2.1189714814526875e-08,8.293006049976741e-09
4761,Normal,3.3836932787598778e-06,0.9999960034886819,9.125684852163934e-08,3.7069865177234797e-07,1.5086253894088537e-07
4764,Normal,1.1618303507757812e-06,0.9999966796440781,5.331018684769594e-08,1.9985026300400693e-06,1.067127542866752e-07
4765,Normal,9.65136867476546e-06,0.999986378670422,2.856583773428131e-07,3.557484291618801e-06,1.2681823423223123e-07
4767,Normal,2.2511444662721907e-06,0.999995138907099,1.0016477895466802e-07,2.2595296365501386e-06,2.50254019087665e-07
4768,Normal,1.904301500060822e-05,0.9999786478064715,2.7931122154152835e-07,1.9273526507157953e-06,1.0251465556564493e-07
4771,HDF,0.9992100209891241,0.0007899570489647034,6.690999038734678e-09,1.2972909724159602e-08,2.298002608010474e-09
4773,Normal,6.318134244538026e-07,0.9999990370626701,2.9713887576872762e-08,2.882390096049359e-07,1.317100828189719e-08
4782,Normal,4.2960981879195695e-08,0.9999998609422631,1.363370578739006e-08,6.087796453314046e-08,2.1585084548703293e-08
4785,Normal,5.6780918233140954e-09,0.9999999810275361,3.372293084627652e-09,8.659884115368636e-09,1.262194699012298e-09
4789,Normal,2.26926657326134e-08,0.9999999331479614,7.103470360128506e-09,2.665692149618867e-08,1.039898075192305e-08
4793,Normal,8.888690243415082e-09,0.9999999551543921,2.782420912044656e-09,3.124693737007252e-08,1.9275592753599204e-09
4799,Normal,8.665552890013992e-09,0.9999999563646801,1.6547879318384592e-08,9.008660238109583e-09,9.413227550485764e-09
4801,Normal,2.727422974224374e-08,0.9999999560924434,5.573286086394879e-09,9.316088372713e-09,1.7439524106090036e-09
4802,Normal,1.4034682289882844e-09,0.9999999929427825,1.5174174915948901e-09,3.8304295764353604e-09,3.059022061226968e-10
4803,Normal,1.5434075256252436e-08,0.9999968676857219,6.069077901196889e-09,3.1067000654821608e-06,4.111059289809502e-09
4804,Normal,2.5926921712967016e-09,0.9999999940882986,1.2097617433501397e-09,1.7312093285787354e-09,3.7803793182108124e-10
4806,Normal,2.5927442775781884e-09,0.9999999920960237,3.3361306668939567e-09,1.7314740367318212e-09,2.436273092639156e-10
4807,Normal,0.00017304201231241968,0.9998267827514861,5.4348056331503406e-08,1.058918961858445e-07,1.4996248853442128e-08
4813,Normal,2.796762371154856e-07,0.9992141383698261,1.3753166264596039e-08,5.625908978839473e-08,0.0007855119416806783
4815,OSF,3.083019637594395e-07,0.011595298311726088,0.9884027048963862,1.0637498840686784e-07,1.5821149354480676e-06
4817,TWF,3.6987273750182664e-06,0.9998001406053671,4.958550158681797e-06,1.2141548857303127e-05,0.00017906056824178846
4821,Normal,6.400630668039971e-07,0.9999991248602695,2.375938297930522e-08,1.9741756995239498e-07,1.3899710492132802e-08
4822,Normal,8.31971603138374e-07,0.9999990299172348,2.408605170792361e-08,6.352953360278311e-08,5.04955765904369e-08
4824,Normal,4.828394558909867e-07,0.9999994056602968,1.5696540282572425e-08,7.139794192020387e-08,2.4405765116268786e-08
4832,HDF,0.9994301554625846,0.0005698389448832385,1.3946544903563727e-09,3.7824426302393385e-09,4.154349517964782e-10
4835,Normal,5.958662133124209e-07,0.9999992650405244,1.640611706065598e-08,1.1467598786448625e-07,8.011157075370982e-09
4839,Normal,1.7384968674851567e-07,0.9999998120651148,2.5413400593331515e-09,9.991918616343499e-09,1.5519398405900462e-09
4842,Normal,6.41772014256415e-07,0.9999992851202214,1.4659826181198156e-08,5.194757341849714e-08,6.5003646357182725e-09
4855,Normal,4.5800090715397413e-07,0.9999991015918208,3.88178932071988e-08,3.8707016475820026e-07,1.4519214110526156e-08
4866,Normal,5.05716892912238e-09,0.9999999746245019,2.5114491260024893e-09,1.51947871327823e-08,2.6120929487596525e-09
4870,Normal,2.4489391090139533e-08,0.9999998950116135,1.224384142946009e-08,6.5796296452466e-08,2.458857787765323e-09
4872,Normal,3.181039163024774e-08,0.999999875984034,1.590411464805973e-08,7.240995488205582e-08,3.891504808456233e-09
4875,Normal,4.862536681379519e-09,0.999999981685629,2.8879960229475618e-09,9.982659940619844e-09,5.811784879588109e-10
4882,Normal,9.363797109930646e-09,0.9999999695923472,3.2450227558256123e-09,7.581711741621317e-09,1.0217121265927562e-08
4884,Normal,9.09927453089278e-09,0.9999999611837718,3.3912257093489297e-09,2.4874451156625544e-08,1.4512771247481993e-09
4887,Normal,2.503215443232411e-06,0.9999974261585103,1.8692457333538324e-08,3.3777745559696576e-08,1.8155843318712167e-08
4889,Normal,2.5666580958838225e-08,0.9999998394746634,4.257743057627992e-08,8.914121605665138e-08,3.140108940554088e-09
4890,Normal,1.0558979655402796e-08,0.9999999370837698,2.0807646728746037e-08,2.4686372461221596e-08,6.863231237411721e-09
4891,Normal,2.0202538022382502e-08,0.9999998741019022,3.349357219367654e-08,7.01643436511473e-08,2.037643966424413e-09
4893,Normal,3.224822696224043e-07,0.9999939688508185,1.319948903718899e-07,1.121876512421076e-06,4.454795508981657e-06
4895,Normal,2.5919574886262325e-08,0.9999998292545972,3.1196036054527285e-08,9.442574222654805e-08,1.9204049754169645e-08
4900,Normal,5.7196757004547546e-08,0.9999968322792506,1.7630652752364161e-07,2.8231939348612904e-06,1.1102352997624043e-07
4902,Normal,2.4820285575728885e-08,0.9999860930110867,3.0773214878053414e-08,7.541916536905981e-08,1.3775976247610681e-05
4903,Normal,9.126594212449453e-08,0.9999878880820191,1.1326058129115206e-06,1.9457251718409268e-07,1.0693473708832686e-05
4906,Normal,0.000645164402581675,0.9993508178243613,1.2224672504242125e-06,2.4683598276550784e-06,3.2694597887013103e-07
4908,Normal,2.112492326031862e-08,0.9999999333742742,7.168098108169621e-09,3.526545537586823e-08,3.067249096817579e-09
4909,Normal,4.1004962606574194e-08,0.9999999226838203,7.700384975793191e-09,2.611017909493409e-08,2.5006527872513755e-09
4911,Normal,2.2836627111532277e-09,0.9999999814424746,1.8650806581336253e-09,1.3610620929480618e-08,7.981610230351308e-10
4914,Normal,6.312674119410106e-09,0.999999948755814,3.773924588824976e-09,3.7667979413089505e-08,3.489607890240247e-09
4922,Normal,1.9920055082477855e-07,0.9999978673659493,5.698718556014085e-07,1.358190651644874e-06,5.370992741495133e-09
4923,Normal,6.609139522278029e-08,0.9999997977143577,8.439340277507326e-09,1.1995848944535398e-07,7.79641738672074e-09
4926,Normal,3.6123789045531197e-09,0.9999999706169764,2.8702834551783144e-09,2.1440780221394986e-08,1.4595808567219688e-09
4932,Normal,2.134294839109454e-08,0.999999945827216,2.07790219035483e-09,2.953570751641683e-08,1.2162256434155943e-09
4934,Normal,2.0557667902454065e-07,0.9999996238526749,1.5695258270102603e-08,1.0678919499169039e-07,4.808619260632801e-08
4936,Normal,5.281410511875953e-09,0.9999999633405869,4.189997512309774e-09,2.5938318272153164e-08,1.2496867431631653e-09
4940,Normal,0.0004785144524310868,0.9980875430686235,0.0004962017190821472,0.0009362466307626535,1.4941291006969954e-06
4945,Normal,1.5389877201250126e-08,0.9999999687549207,4.5085497187089275e-09,9.44261888333615e-09,1.90403367501423e-09
4949,Normal,4.8420558020659225e-09,0.9999999827784923,1.8045975885974677e-09,9.703002090706925e-09,8.718524135831168e-10
4950,Normal,1.3798350865554146e-08,0.9999999495107695,5.142537911034737e-09,2.7650511529148586e-08,3.897830133846096e-09
4951,Normal,2.983757536167764e-08,0.9999998410035325,1.1120840470019821e-08,9.620686098740299e-08,2.183119064049221e-08
4953,Normal,2.0012799251905955e-05,0.9999798749408927,2.3090890738164024e-08,7.960870899573308e-08,9.560255628720223e-09
4955,Normal,7.68832440828877e-09,0.9999999710430532,4.5661934866215065e-09,1.5785852303485823e-08,9.165766328588041e-10
4956,Normal,1.1196537993675198e-06,0.999998852527465,8.166666056486876e-09,1.699433724113697e-08,2.657732330688524e-09
4957,Normal,1.5778312102472827e-07,0.999943806692697,5.884369093452058e-08,5.584363830338278e-05,1.3304218762500062e-07
4960,Normal,3.714781296022322e-08,0.999999849976411,2.206256600020094e-08,7.627282349388062e-08,1.4540386491123845e-08
4961,Normal,9.787804983445617e-05,0.9759892607841251,7.250715601707682e-06,0.023899689902917475,5.920547521121278e-06
4962,Normal,2.081783533616054e-08,0.9999999275792361,1.2363987521779154e-08,3.5913438324973e-08,3.325502786732701e-09
4963,Normal,1.7709165549463116e-08,0.9999998957525706,5.29818453305422e-09,7.930459032437286e-08,1.9354888234711046e-09
4967,Normal,1.461987513220263e-08,0.9999999401772446,8.683633543336488e-09,3.418460576386881e-08,2.3346410055632553e-09
4969,Normal,6.0949483698028315e-09,0.9999999749657227,2.2716833083586485e-09,1.5931193323082107e-08,7.364525047866037e-10
4977,OSF,1.447514366472331e-06,0.02879763600924017,0.9712007618649218,1.4282371211607506e-07,1.1787759292227916e-08
4982,Normal,1.0955116525621889e-07,0.999967230140507,4.975958344565923e-07,1.080026825320989e-06,3.1082685668189874e-05
4983,Normal,6.097522233094259e-08,0.9999967735997723,1.3058073383505037e-06,4.5202416122388955e-07,1.4075935057235511e-06
4991,Normal,1.861606926595022e-07,0.9999990316533196,2.161206215969518e-07,4.088693961051087e-07,1.5719597013525512e-07
4996,Normal,2.8565223081869284e-08,0.9999999103334263,1.5445736044431924e-08,4.02958662772212e-08,5.359748189853533e-09
4997,Normal,2.7506670694163925e-08,0.9999999365343173,9.333112081403275e-09,2.360017272958339e-08,3.02572704407388e-09
4999,Normal,2.7881985248237206e-08,0.9999999110065939,9.460468817740384e-09,4.655007059416706e-08,5.100881336023207e-09
5001,Normal,6.586310358484663e-08,0.9999994193026004,4.53056099553688e-08,4.557249641303256e-07,1.3803721900166235e-08
5002,Normal,1.038062453194343e-07,0.9999885498838237,3.523028263163734e-08,1.1232690142885467e-05,7.838950552285418e-08
5004,Normal,3.708422961476234e-08,0.9999999126157094,1.1899862304478349e-08,3.580293102024205e-08,2.59726783952863e-09
5005,Normal,3.391870907089427e-06,0.9999964678235403,3.712268083568335e-08,7.34292432626107e-08,2.9753628384029323e-08
5008,Normal,4.1663658128055856e-08,0.9999997701314274,2.3595232341321775e-08,1.6169898364368907e-07,2.9106986518372594e-09
5016,Normal,4.064664413845355e-08,0.9999997621106902,2.7962187446051483e-08,1.6260703371215437e-07,6.6734444571396794e-09
5028,Normal,7.83622061273523e-06,0.9999906408100936,2.6643104590865497e-08,1.4849587694315688e-06,1.1367419730424244e-08
5030,Normal,1.6949716299119268e-08,0.9999999204763782,7.604687493721589e-09,5.03665070937673e-08,4.602711011681037e-09
5034,Normal,5.5499832757039535e-08,0.9999997140973633,2.8094747902246442e-08,1.9569917473477655e-07,6.608881315294591e-09
5036,Normal,2.3209721425344117e-08,0.9999999071052588,8.650198483410747e-09,5.729101736749875e-08,3.743804222158389e-09
5039,Normal,1.3341368433899757e-07,0.9999994362325145,7.923708194678636e-08,2.9892584120454135e-07,5.2190878043154775e-08
5041,Normal,7.560768275576554e-08,0.9999994841342926,2.366772676644731e-08,3.965613703225275e-07,2.002892759716458e-08
5043,Normal,3.186293302084305e-08,0.9999998583820812,1.8924073172541943e-08,8.075379825377327e-08,1.007711439175709e-08
5044,Normal,1.4423424858093946e-08,0.999999938703324,7.948676578096967e-09,3.6554929695575223e-08,2.3696447100377635e-09
5051,Normal,1.2923944558217626e-08,0.9999999344603409,4.046162451711455e-09,4.6120384842596416e-08,2.4491671458647695e-09
5057,Normal,5.1814120328744096e-08,0.999999916030043,8.227586264627063e-09,2.167570728653936e-08,2.2525430276438135e-09
5058,Normal,2.5703690401531515e-06,0.999997100710434,2.943529913461334e-07,2.9378379816683904e-08,5.189154673873011e-09
5068,Normal,1.0763725080732048e-07,0.9999997032090931,2.223328570976829e-08,1.545134392008818e-07,1.2406931149282863e-08
5070,Normal,1.318640978005995e-07,0.9999995651034843,3.107113623080862e-08,2.5698931015835203e-07,1.497197151158167e-08
5075,Normal,5.0067467663375175e-08,0.9999995155442785,3.444134861419075e-08,3.575087437160077e-07,4.2438161629519195e-08
5082,Normal,1.3346851142007318e-08,0.9999998947235431,5.7614381852811426e-09,8.011256994488162e-08,6.055597713515577e-09
5083,Normal,2.892446761689306e-08,0.9999995616409735,1.0487016182042005e-08,3.955831034213934e-07,3.3644392226215598e-09
5085,Normal,2.8797721476437875e-07,0.9999958087426607,1.9809115018541767e-07,2.4657075215652895e-06,1.2394814528463678e-06
5087,Normal,1.5412802470778484e-08,0.9999998849975783,1.0604908237442657e-08,7.493155477638785e-08,1.4053156362697688e-08
5088,Normal,2.37720111945994e-08,0.9999998644424768,1.026218613633369e-08,9.713161158837836e-08,4.391714482491235e-09
5090,Normal,2.581892981590168e-08,0.9999997221931894,1.2257736784956644e-08,2.0751391316106571e-07,3.221623068067508e-08
5093,Normal,1.7301509785044387e-08,0.9999998586853556,7.468544324656399e-09,1.1202014724433793e-07,4.524443071184789e-09
5095,Normal,2.4854060727467005e-08,0.9999997715525932,1.0730687010850604e-08,1.6220165800500336e-07,3.066100120994405e-08
5096,Normal,1.3339831126774281e-08,0.9999999443939422,5.7584008179621606e-09,3.373211689464804e-08,2.7757089115810172e-09
5097,Normal,3.165267081593904e-08,0.9999994728046834,1.1927886510900314e-08,4.75182363264134e-07,8.432395972139665e-09
5100,Normal,4.624275875898264e-08,0.9999998668888459,2.5342997752920483e-08,5.4634206092441296e-08,6.8911916700610615e-09
5102,Normal,2.015643317344726e-08,0.9999999183461203,9.043418342058833e-09,4.9225325657372874e-08,3.2287026786614507e-09
5105,Normal,2.4136643289227865e-08,0.9999998900480763,1.6012770265991902e-08,6.510100531656534e-08,4.701504696445024e-09
5106,Normal,0.0001195283941677578,0.9998790576450708,8.639875880102043e-07,5.062933224639788e-07,4.367985069016406e-08
5107,Normal,1.5327627248875083e-07,0.999999254465564,9.103403614143653e-08,4.1785607369362454e-07,8.336805362737489e-08
5109,Normal,3.515094373713177e-08,0.9999998994734972,2.3091107436397726e-08,3.8523685603510065e-08,3.760765890228851e-09
5110,Normal,3.691834991800394e-08,0.9999998770506391,1.3777215782627573e-08,4.882168677814487e-08,2.3432108782501917e-08
5113,Normal,2.7925223844691184e-08,0.9999999263340146,1.0407640375338493e-08,3.031518361695968e-08,5.017937402762894e-09
5116,Normal,2.2894317517568653e-07,0.9999843263663242,8.534052685566489e-08,1.4940922287998012e-05,4.184276857908921e-07
5117,Normal,1.2637368270382268e-07,0.9999997917648139,3.0272872877251524e-08,4.0685302776052804e-08,1.0903327831062725e-08
5124,Normal,3.091821424270613e-08,0.999999851225937,1.1523127404289457e-08,8.556906717712628e-08,2.0763654063635294e-08
5132,Normal,2.4118028383808337e-08,0.9999998903695995,1.3275184824454039e-08,6.961292754773465e-08,2.6242596591894783e-09
5136,Normal,6.371429581128324e-07,0.9999858333833711,1.2548682234794345e-06,1.8389204943649745e-06,1.0435684952981414e-05
5140,Normal,7.483628381450335e-08,0.9999995408467593,8.966949753937395e-08,2.3575451819274304e-07,5.889294096011614e-08
5145,Normal,1.3665951823777793e-07,0.9999973791696788,9.400662453810234e-08,2.348460118570031e-06,4.170406000150777e-08
5149,Normal,4.0767808126436214e-08,0.9999995973994735,2.8044151538162987e-08,3.2131762382437474e-07,1.2470943016377774e-08
5153,Normal,6.212315732305293e-08,0.005305558560834623,4.2761176846330715e-08,0.9946942710906636,6.546416761010258e-08
5161,Normal,5.014162499787246e-08,0.9999998584421204,2.84604831714423e-08,5.9444786591928466e-08,3.5109846503960814e-09
5168,Normal,4.4834580473281766e-08,0.9999995870714409,3.084166308570778e-08,3.20143104656408e-07,1.7109210982180226e-08
5169,Normal,5.18635585750751e-08,0.9999992140111709,1.880392329901722e-08,7.093063286702935e-07,6.015018354930298e-09
5173,Normal,7.892202720568094e-08,0.99999938376762,5.42903039172036e-08,4.638105016335339e-07,1.9209547309399307e-08
5181,Normal,1.0087946933504142e-08,0.9999999443011245,7.212645386834827e-09,3.310683926166417e-08,5.2914438546134635e-09
5185,Normal,8.758842668716485e-09,0.9999999779340367,5.577193190426595e-09,6.582668447240327e-09,1.1472590079883912e-09
5187,Normal,3.4985317884685233e-07,0.9999438904249562,2.079258162431154e-07,5.540738090602096e-05,1.4441514268868162e-07
5193,Normal,4.991513630484657e-05,0.9925014482396728,1.7000190015740508e-05,0.007429143771947219,2.492662059513694e-06
5195,Normal,2.779428765369739e-08,0.9999998502616891,1.0358850442533844e-08,7.00559273437739e-08,4.152924540921419e-08
5202,Normal,2.0626441389713742e-08,0.9999999330328668,7.148158241787207e-09,1.6686768251144814e-08,2.2505765379809505e-08
5205,Normal,1.5288473090006174e-07,0.9999988000821737,9.08570245909941e-08,3.142221304607211e-07,6.419539403532961e-07
5207,Normal,7.020007495767751e-09,0.9999999790752934,2.1976465019567593e-09,1.1004080661330957e-08,7.029719528761476e-10
5209,Normal,5.054927869188814e-09,0.9999999794027017,3.000556077742037e-09,1.1819610397334906e-08,7.222038729120283e-10
5212,Normal,3.91725430834294e-08,0.9999998504449917,9.699299486943269e-08,1.1856213322155492e-08,1.5332568853549474e-09
5215,Normal,9.315870228908057e-09,0.9999999476009446,1.8353967177932237e-08,2.178278359037924e-08,2.946434399174056e-09
5218,Normal,3.637187275330888e-08,0.9999947317860309,4.701084957001143e-08,3.3476438949264056e-08,5.151354807665074e-06
5220,OSF,6.4970197101205365e-06,0.0013226589560236886,0.9954410708506425,0.0032189796708464793,1.0793502777213507e-05
5228,Normal,3.096346587132229e-08,0.9999998566552667,1.8968184508711343e-08,8.875840001759096e-08,4.654682931715419e-09
5229,Normal,4.766027325023008e-05,0.9999293175324843,1.2469392655198784e-06,2.172065285627649e-05,5.460214389840215e-08
5230,Normal,5.98847020733495e-08,0.9999988103536546,2.1712120784937195e-08,1.0997886183812201e-06,8.260904254021145e-09
5234,Normal,2.489293849353584e-08,0.9999999094811969,1.2489912268034674e-08,3.5710553368003973e-08,1.7425399019467742e-08
5235,Normal,4.164763608759949e-08,0.9999997730527013,2.463047145095949e-08,1.577530188044895e-07,2.9161724982017137e-09
5236,Normal,1.2939489696292962e-08,0.9999999037965667,5.58540902190101e-09,7.526115212744578e-08,2.4173824968469974e-09
5237,Normal,2.5680132791839785e-08,0.9999998586661052,1.5749384243506942e-08,7.991990349414556e-08,1.9984474292475637e-08
5238,Normal,1.4473246369652392e-08,0.9999998734079356,9.95665145707896e-09,1.0015344108619203e-07,2.008725587402642e-09
5240,Normal,5.009664924051452e-08,0.9999995605509343,3.446316236368278e-08,3.466619147828289e-07,8.22733942808212e-09
5242,Normal,4.099921343686239e-08,0.9999994180227155,2.820328151592444e-08,5.071135050645569e-07,5.661284344781139e-09
5243,Normal,3.3097986707382227e-08,0.9999995679569761,3.1571228056431696e-08,3.400184291014603e-07,2.7355380067530474e-08
5245,Normal,1.3399950679623547e-08,0.9999999589916225,7.246057105750147e-09,1.8904005128670707e-08,1.4583645990000273e-09
5248,Normal,2.2903846981832376e-08,0.999999934115665,1.1028991006259947e-08,2.9683300768280865e-08,2.2681962172442774e-09
5251,Normal,2.737507082740463e-07,0.9999986030482467,1.68423208126475e-08,1.09807305400505e-06,8.285670131934381e-09
5254,Normal,7.784779485256544e-09,0.9999999512447332,1.0132168419405561e-08,2.6434663967110452e-08,4.403654764418556e-09
5260,Normal,1.7211036126452466e-08,0.999999870466625,2.2398886946736538e-08,5.843830526927303e-08,3.148514669255712e-08
5262,Normal,3.399466178419212e-08,0.9999997871654172,4.3855677517002784e-08,9.48221347957747e-08,4.0162108553716867e-08
5267,Normal,3.2442734397705567e-09,0.9999999867583897,2.626392914804213e-09,5.5008917677271135e-09,1.870052203095084e-09
5268,Normal,3.203989033916398e-09,0.9999999894765806,2.6165991063156253e-09,3.8545366170683806e-09,8.482946131663259e-10
5271,Normal,8.876941520457347e-08,0.13616950924694443,6.299414558710688e-06,0.8638211268454914,2.9757235903391206e-06
5275,Normal,4.671722736919988e-09,0.9999999902861453,2.181120538210616e-09,2.422029822500874e-09,4.389814471400412e-10
5279,Normal,1.974404735746639e-09,0.999999993184008,1.339428156112114e-09,2.8055183709958696e-09,6.966407875937058e-10
5280,Normal,6.763853013298117e-08,0.9999998367948033,3.157891279343018e-08,3.5068160380021767e-08,2.891959341505238e-08
5286,Normal,1.2033970611770235e-08,0.9999999349020634,7.147230930196851e-09,4.41677000326239e-08,1.7490350780479452e-09
5287,Normal,6.809110658885977e-09,0.9999999814247514,3.601389203069533e-09,7.42390455955148e-09,7.408443631121904e-10
5292,Normal,2.6434110454430015e-08,0.9999999399512991,1.1124904147165444e-08,2.07790127860475e-08,1.7106735064400038e-09
5301,Normal,1.4098924095998803e-08,0.999999911587266,7.77548968526736e-09,6.430531424320617e-08,2.2330058883626845e-09
5305,Normal,2.3893816384735636e-08,0.9999956501147129,4.297093106646298e-06,2.6569959002888064e-08,2.328404821487172e-09
5306,Normal,2.5403898984253242e-08,0.9999993366576437,2.169719077272908e-08,1.6204903997493342e-07,4.5419222663146846e-07
5307,Normal,9.849894973984759e-08,0.9999914632493646,3.7749483907389013e-07,1.0294488305729315e-06,7.031308016158019e-06
5308,Normal,1.1198010764881664e-05,0.9991527455390088,0.00023972184588973776,6.981785314044688e-05,0.0005265167511959963
5313,Normal,1.4296415531267998e-07,0.9999974015765775,7.730558171190366e-08,2.460084799948937e-07,2.1321452053436814e-06
5314,Normal,5.024720312817458e-08,0.9999995890790193,2.1689496053910003e-08,3.2254451213638626e-07,1.6439769470463228e-08
5315,Normal,3.4700775888311045e-08,0.9999998917188111,1.8762935433461752e-08,4.8957101713925275e-08,5.860375950508421e-09
5318,Normal,1.6050051671490366e-08,0.9999999493822066,8.67855237720428e-09,2.2640943493815314e-08,3.248246007991772e-09
5319,Normal,1.0477665144467415e-08,0.9999999279042292,1.3636181106581822e-08,3.557657654572415e-08,1.2405348039968389e-08
5322,Normal,1.6774823061025616e-08,0.999999902284435,9.627538184625977e-09,6.787701954667117e-08,3.4361841467387955e-09
5323,Normal,6.425985699828826e-07,0.999999272490656,2.873095686554307e-08,4.870760588629041e-08,7.472211263476459e-09
5329,Normal,2.185599944666009e-08,0.999999922551237,9.434250123349827e-09,4.176810667755586e-08,4.390406510917244e-09
5330,Normal,1.3911827228056814e-08,0.9999999017015991,8.880404216960763e-09,6.631091820383473e-08,9.195251185933537e-09
5335,PWF,1.0609711088815662e-07,0.05087978381474303,8.607652019979206e-08,0.9491198293769104,1.9463471543991301e-07
5338,Normal,4.926203423537505e-09,0.9999999701302416,3.994221420033356e-09,1.9654470647851614e-08,1.2948629324610003e-09
5339,Normal,2.2802842555437475e-09,0.9999999855415243,1.8489240484431149e-09,9.098047547666404e-09,1.2312200113899005e-09
5342,Normal,2.036319397386446e-07,0.9999996109085805,4.2423863741256197e-08,1.3442894377390327e-07,8.606672241121713e-09
5352,Normal,1.7599066638718835e-08,0.9999999223892595,1.4372628637092903e-08,3.0103219512615494e-08,1.5535825717685975e-08
5355,Normal,2.508283381792629e-09,0.9999999912087231,2.494221589451785e-09,2.955574696066449e-09,8.331973736050504e-10
5356,Normal,6.75077658936168e-08,0.9999997464308769,9.424697008433008e-09,1.7395578754741444e-07,2.6808726025652576e-09
5361,Normal,2.5962218875820145e-09,0.9999999908173803,2.5816685694706225e-09,3.49503958057595e-09,5.096895589873303e-10
5363,Normal,5.56357284338852e-08,0.9999791708163918,1.5505322103823077e-05,5.248525693340105e-06,1.9700082591535204e-08
5367,Normal,1.8762867299946077e-09,0.9999999954984728,1.0596453956491387e-09,1.2563139171133418e-09,3.092810043321061e-10
5374,Normal,4.301496777067077e-09,0.999999975582519,2.1176728203932275e-09,1.6619706071240376e-08,1.3786051958720654e-09
5376,Normal,1.93586092311193e-07,0.9999989526094394,1.410601014668064e-07,5.243816020235751e-07,1.8836276490383682e-07
5378,Normal,9.431327026534019e-09,0.9999995591274858,3.731426124146504e-08,3.874869041715807e-07,6.640021657411935e-09
5380,Normal,1.3844327011842392e-08,0.9999997642438782,1.0115911283989087e-07,1.1707642205682162e-07,3.676259890138985e-09
5382,Normal,5.263483804397027e-09,0.9999994064657626,4.989772267259401e-08,1.1757723729108413e-08,5.266153069700268e-07
5386,Normal,4.978402037572684e-09,0.9999998856949763,6.0359382798991e-08,1.9211591525396143e-08,2.9755647495714573e-08
5387,Normal,9.40189001107597e-08,0.9999993466336082,9.83196684704113e-08,2.464668632315488e-07,2.1456095975873325e-07
5390,Normal,1.8684375539186654e-06,0.9891318131936064,0.010862316828475795,1.7166490830179538e-06,2.2848912807162744e-06
5392,Normal,2.6800522998093893e-05,0.8393305451228564,0.0027010547343439845,0.00019477353844176752,0.15774682608135976
5396,Normal,9.586278418826267e-07,0.9941747906516333,0.0005764386622441527,8.12426325779489e-06,0.005239687795022942
5398,Normal,4.013162676281449e-07,0.9999920254395215,1.0883935785187158e-06,4.005679687277995e-06,2.4791709451401825e-06
5399,Normal,4.1153975042157506e-07,0.9946447955918738,0.00024731916701145075,2.3861195100323907e-06,0.005105087581854272
5400,OSF,2.404257982847701e-06,0.044993296762612676,0.9549896746792585,4.491182385075157e-06,1.0133117760965599e-05
5406,Normal,4.330774963357672e-08,0.9999995523463113,9.101740665504469e-08,3.053102084368673e-07,8.018324191205825e-09
5409,Normal,6.643689768783791e-09,0.9999999411535704,1.14535796091932e-08,3.51458465867819e-08,5.603313454631073e-09
5410,Normal,7.8387253995386e-09,0.9999999615326757,1.2034527223489398e-08,1.6741726055837018e-08,1.8523457449204778e-09
5413,Normal,5.894258401878408e-07,0.9999374320654326,2.2143600553704416e-07,6.17369768364257e-05,2.0095885261247692e-08
5417,Normal,3.7783076464416084e-09,0.9999999711654014,2.996881094378487e-09,2.000900574366507e-08,2.050404155811432e-09
5418,Normal,2.0977393835449966e-09,0.9999999807458838,3.732558945701906e-09,8.679027956156544e-09,4.7447900440983175e-09
5420,Normal,7.683483750502894e-09,0.9999997268733432,4.410509882785843e-09,2.5858118300408813e-07,2.4514803438901388e-09
5421,Normal,1.9337067033791087e-08,0.99999984021155,1.533781637460499e-08,1.024044417635386e-07,2.2709124856669828e-08
5427,Normal,1.70501540599057e-08,0.9999998308573916,1.3547183610286126e-08,1.2880949570106765e-07,9.735775117367446e-09
5429,Normal,2.5875971844169328e-08,0.9999997082103321,7.66039843117884e-08,1.4097724498766404e-07,4.833246681253964e-08
5436,Normal,5.557776965886706e-09,0.9999999661520189,4.5064111859745476e-09,2.217481633282803e-08,1.6089765694791494e-09
5440,Normal,2.234635333025406e-09,0.9999999856661714,3.85919767010463e-09,7.533215495473115e-09,7.067801775530696e-10
5443,Normal,1.786114681669487e-07,0.9999997790090767,1.8901213712297107e-08,1.8511978681907246e-08,4.966262853115871e-09
5445,Normal,1.954629890680062e-09,0.9999999815136799,3.370402966823481e-09,1.1474039331102458e-08,1.6872478045559645e-09
5446,Normal,1.7958160997637184e-09,0.9999999923578878,1.453795053759077e-09,3.0449511756278502e-09,1.3475498364014364e-09
5449,Normal,3.7065127973850624e-09,0.9999999822731652,6.391120353071348e-09,5.3101638494528045e-09,2.319037833038195e-09
5450,Normal,4.2962546238665535e-08,0.999993453691548,7.412215810503779e-08,6.390703167797162e-06,3.852057977252492e-08
5458,Normal,1.286076156986075e-09,0.9999999956291121,8.648979233150526e-10,1.8497575594087668e-09,3.701564151074175e-10
5459,Normal,2.896225373494159e-09,0.9999999894088193,4.148402837474116e-09,2.920338589849763e-09,6.262137981400487e-10
5462,Normal,1.0194074391025588e-07,0.999992246812774,3.066222091873844e-08,7.61019556142496e-06,1.0388699623460379e-08
5464,Normal,3.044248496871191e-08,0.9999998254484432,4.36053190728702e-08,7.232174786705523e-08,2.8182004727168953e-08
5465,Normal,1.8797442522896836e-09,0.9999999893145765,1.2641451218400521e-09,6.369777593166079e-09,1.171756534400935e-09
5467,Normal,4.265061867292179e-09,0.9999999839150246,2.0996005670497114e-09,8.789261629091002e-09,9.310513528496583e-10
5470,Normal,1.1597212114746797e-08,0.9999999643847358,4.8876439843110964e-09,1.6963022556082005e-08,2.1673856274005316e-09
5475,Normal,0.7362672151793394,0.2637299247316648,2.968128809680683e-07,1.4251034657257182e-06,1.138172649205751e-06
5477,Normal,1.695398170268821e-08,0.9999997787145488,5.866341214030903e-09,1.9392078222705246e-07,4.544345855964292e-09
5481,Normal,1.2007046650154053e-07,0.9999997446441146,2.8506692155181968e-08,7.617851383599836e-08,3.060021297664341e-08
5482,Normal,2.7941867482052052e-08,0.9999998253812662,2.0135060463046225e-08,1.158889696111525e-07,1.0652836415306683e-08
5488,Normal,1.578862563085445e-07,0.9999949175381253,1.7762446575287806e-06,1.6301789837393104e-06,1.5181519771790667e-06
5491,PWF,2.6689708223764168e-05,0.00026812321539506907,6.706930179453379e-07,0.9997038523481602,6.640352028655433e-07
5499,Normal,5.209055361866161e-09,0.9999999574239082,4.21667473295767e-09,2.487146364671322e-08,8.278897986060026e-09
5502,Normal,2.2064130427184123e-08,0.9999998729424967,9.773361191806604e-09,5.84270305092611e-08,3.6792981413671444e-08
5503,Normal,7.955677636324412e-09,0.9999999710436243,6.465596342595625e-09,1.2626473959787052e-08,1.9086279033876355e-09
5504,Normal,4.942946731997703e-09,0.999999969741602,1.7407481058732839e-09,2.1717568605817542e-08,1.8571344100508222e-09
5505,Normal,1.3210430188110454e-08,0.9999999322696363,6.133499110160039e-09,4.620103684916237e-08,2.1853975816376603e-09
5508,Normal,1.2853163135154008e-08,0.9999999448321762,5.693340428331815e-09,3.403588267919774e-08,2.5854375065419255e-09
5513,Normal,4.386977165249155e-09,0.999999971681179,2.3710859821281788e-09,2.0186471394690044e-08,1.3742864226859706e-09
5514,Normal,2.381253670042573e-08,0.9999997922324896,1.1824384078704715e-08,1.6687976003298042e-07,5.2508296332768784e-09
5517,Normal,2.5834570447873766e-09,0.9999999656749728,1.8059200731438174e-09,2.810707198669296e-08,1.8285782247831889e-09
5519,Normal,1.6768715946575571e-09,0.999999900583724,7.428710793868189e-10,9.47354098029476e-08,2.261123398758434e-09
5520,Normal,2.0366167240090816e-09,0.9999999883003318,9.798946167659882e-10,6.107482164302464e-09,2.575674808609124e-09
5522,Normal,2.2045737464476267e-08,0.9999998996494844,7.722632218794893e-09,2.5488898231025806e-08,4.5093247738766534e-08
5524,Normal,8.92271272232102e-09,0.9999999341146427,4.5523146763893696e-09,4.237360031694101e-08,1.0036729675699446e-08
5528,Normal,8.667334630094253e-10,0.999999994763767,4.4220223008022943e-10,3.4614586861540836e-09,4.658384133830115e-10
5538,Normal,9.87420578090941e-10,0.9999999973671287,2.839257165516678e-10,1.2348279625558115e-09,1.2669686867370442e-10
5541,Normal,8.22408894616117e-09,0.9999999736430205,2.364781021656172e-09,1.0284817360470023e-08,5.483292017658681e-09
5542,Normal,2.178800907268765e-09,0.9999999952875789,5.579200070944351e-10,1.7627397055517407e-09,2.1296063741812732e-10
5544,Normal,1.1865199431222978e-06,0.9997615763894537,3.7756548700770373e-06,0.0002334495943755132,1.1841357520346069e-08
5546,Normal,7.357294783304559e-07,0.9999992547637342,3.3032692044516628e-09,4.451496874246056e-09,1.7520212118507545e-09
5548,Normal,5.152141486005893e-09,0.9999999846309595,1.4564947063804064e-09,7.543127382031127e-09,1.2172768449805588e-09
5550,Normal,0.00048421186693651,0.9995154152709566,7.410406020088963e-08,2.711305174299827e-07,2.7627529416771567e-08
5552,Normal,1.8099841352302332e-05,0.9999817809561196,1.701181633518976e-08,4.235505338023222e-08,5.983565820152794e-08
5557,Normal,2.6573818672658844e-05,0.9999734182905289,2.0521702567025817e-09,5.100901830589449e-09,7.377264471752574e-10
5570,Normal,4.063058791345161e-08,0.9999994301751874,2.8262926745509748e-08,4.115022348735547e-07,8.942906283827542e-08
5571,Normal,9.906753130779726e-09,0.9999999463350289,3.098540599456818e-09,2.90867713784257e-08,1.1572906100506779e-08
5573,Normal,5.8113047983528355e-09,0.9999999354207396,4.042440681295286e-09,4.418423006802194e-08,1.0541284736732862e-08
5577,Normal,1.6933707547186187e-09,0.9999999923205308,5.958049920210449e-10,5.152404422135159e-09,2.3788910509669606e-10
5578,Normal,2.0645022014096877e-09,0.9999999907746501,8.478515820374811e-10,5.843988978725378e-09,4.690071701383626e-10
5582,Normal,2.2451508423178046e-09,0.9999999889411547,7.02530168012023e-10,5.4883127461316416e-09,2.622851151697605e-09
5584,Normal,6.570598115367818e-10,0.9999999937185875,4.5721890663147374e-10,4.996868480091747e-09,1.702653254292708e-10
5586,Normal,4.558164057655877e-10,0.9999999942246447,2.7003450553121007e-10,4.829526048117692e-09,2.1997825035388083e-10
5587,Normal,1.6149258554649063e-09,0.9999999917983587,7.151102529407415e-10,5.130416597509749e-09,7.411886229594517e-10
5590,Normal,1.3539777623179597e-05,0.9999861124504333,7.991465821724413e-09,3.3683083324350946e-07,2.9496443368312308e-09
5593,Normal,2.0897036800791246e-09,0.9999999886705407,1.2080022018755866e-09,3.987634865219706e-09,4.044118548019406e-09
5598,Normal,4.9542589260563925e-08,0.9999995138191912,2.8446881641510483e-08,3.478303780537376e-07,6.036095984250132e-08
5601,Normal,1.7646795316125706e-08,0.999999897196772,7.830164562141044e-09,6.666285649885713e-08,1.0663411561573465e-08
5602,Normal,3.101097336414649e-09,0.9999999803268239,1.6761347390467119e-09,1.4269938182169202e-08,6.26005685346594e-10
5606,Normal,6.550023233163186e-09,0.9999999671894058,3.5348269567022257e-09,2.093466578526196e-08,1.791078345800648e-09
5608,Normal,3.866324038546308e-09,0.9999999785254106,2.308369957270886e-09,1.396594675043742e-08,1.3339486525428197e-09
5610,Normal,2.7115674886487584e-06,0.9999970671823798,4.543307447883914e-08,1.610328782221634e-07,1.4784178910017185e-08
5616,PWF,9.997240642910123e-08,0.053004526291279816,1.1749340916195211e-07,0.9469922840282486,2.972214656088761e-06
5622,Normal,2.595468952347145e-07,0.9999967258210094,4.908455885656037e-07,2.5129979170512183e-06,1.0788589610470333e-08
5623,Normal,6.121513476266151e-09,0.9999999854911572,1.4695539339976728e-09,6.044845361211139e-09,8.729299193286559e-10
5625,Normal,9.555142769998886e-09,0.9999999604041674,4.0270206916046415e-09,2.2992693029201584e-08,3.0209760944565896e-09
5628,Normal,1.6188267623694756e-08,0.9999999466874496,6.579783593482352e-09,2.706520217644342e-08,3.47929687954568e-09
5638,Normal,8.836363111636367e-09,0.9999999416688091,2.8295105625084328e-09,3.923045668371782e-08,7.434860679556088e-09
5642,Normal,1.0216191233765859e-07,0.999999512487597,4.254844312922173e-08,2.9465362223613443e-07,4.8148425260173596e-08
5644,Normal,2.23001229289368e-09,0.9999999849732795,1.2110253143564564e-09,1.1176102564393661e-08,4.095804236566546e-10
5648,Normal,2.2438868535359777e-08,0.9999996360183839,1.581094884792429e-08,3.206617362648034e-07,5.070062330968847e-09
5652,Normal,1.923719712933626e-08,0.9998901464052841,2.1168489200853355e-07,8.226574433081964e-07,0.00010880001518340422
5657,Normal,4.9633305778078866e-05,0.9999479346907717,6.409775750997863e-08,2.02349955352179e-06,3.4440613926747084e-07
5662,Normal,1.2330570476403136e-08,0.9999999366739509,1.3041605972838958e-08,3.450254772410187e-08,3.4513248240743397e-09
5666,Normal,2.49573395159406e-09,0.9999999907164648,1.2721479502015177e-09,4.799329475309824e-09,7.163237529902226e-10
5671,Normal,2.355689461209621e-09,0.9999999869886187,1.1168772831250154e-09,9.020661945647689e-09,5.18152939983191e-10
5680,Normal,1.2836797983756957e-08,0.999999916209161,5.622033370715858e-09,6.164557203304553e-08,3.6864356774398923e-09
5681,Normal,5.357514028003089e-09,0.9999999714670541,2.29157351009163e-09,1.938194229543824e-08,1.5019158209945357e-09
5682,Normal,2.8540570285438848e-09,0.9999999807055379,1.2644503180914566e-09,1.4589338276149049e-08,5.866164206133687e-10
5683,Normal,1.8835611399024545e-08,0.9999999684577469,3.620656949644227e-09,7.63216502960217e-09,1.453819580233385e-09
5686,Normal,2.905728532171299e-09,0.9999999782126345,1.5467378976093338e-09,1.3983395114764243e-08,3.351504086473742e-09
5689,Normal,1.2272775512849554e-09,0.9999999946910569,5.3781429867241e-10,3.25428812553642e-09,2.895631144347055e-10
5699,Normal,3.208707022953262e-06,0.9999865321174229,5.687751897483028e-07,9.688610914667322e-06,1.7894498503043988e-09
5701,Normal,2.4961181889518078e-09,0.9999999913824767,9.731998006480363e-10,4.655132669861545e-09,4.930727581320911e-10
5703,Normal,2.6489625000883887e-09,0.9999999933975703,7.927867125899239e-10,2.789127768985817e-09,3.715525840976674e-10
5705,Normal,0.006390687024594068,0.9936044196631414,4.031644076663684e-08,4.833108293311519e-06,1.988753038691857e-08
5709,Normal,2.0808584511601213e-09,0.9999999930655388,6.22762490379367e-10,3.383381495119911e-09,8.474588002850604e-10
5711,Normal,1.2566913052698206e-08,0.9999999655678006,1.9615639755645103e-09,8.453147971085538e-09,1.145057463799263e-08
5712,Normal,1.335003998715427e-08,0.9999999244454042,4.890854143121637e-09,4.1812759432008466e-08,1.5500942065311255e-08
5719,Normal,1.3253026612091402e-09,0.9999999902006923,6.515555463040231e-10,7.579187778061845e-09,2.4326165086929243e-10
5722,Normal,3.3231033103776355e-09,0.9999999767367979,9.492234426572217e-10,1.856998327308657e-08,4.2089227292656414e-10
5724,Normal,1.0205277404406704e-08,0.9999999505609087,3.6602474777650436e-09,3.39476852331495e-08,1.625881201328311e-09
5726,Normal,3.3289108446258267e-09,0.9999999889010162,1.8690921685808333e-09,4.915423084430818e-09,9.855577039071295e-10
5729,Normal,1.7978348303079822e-08,0.9999999025693109,2.8080772807974536e-08,2.9577324298024663e-08,2.1794243588436734e-08
5732,Normal,4.8762109279832364e-08,0.999981914117369,2.3634277750205382e-08,1.5810666316132293e-07,1.785537958065775e-05
5737,Normal,2.6566818120704138e-08,0.9999984656337271,1.506961929887984e-07,2.643458265390724e-07,1.0927574351166784e-06
5745,Normal,4.255955715458123e-09,0.9999999888744954,1.1461264091385017e-09,5.047979279611576e-09,6.754430226359953e-10
5749,Normal,9.118770771248798e-10,0.9999999946996407,4.1740838033988736e-10,3.4285605513601184e-09,5.425134659373279e-10
5750,Normal,9.325263455398528e-05,0.9997454839762845,4.790551775923027e-06,0.00014228800154382298,1.4184835841678917e-05
5753,Normal,1.0350479596652926e-09,0.9999999976218998,2.7230359562845044e-10,9.111435755111266e-10,1.5960503952585223e-10
5759,Normal,9.315779296813928e-09,0.9999999282911056,6.510644500573229e-09,5.227184616802537e-08,3.610624324754953e-09
5762,Normal,9.719263729618652e-08,0.9999997845502167,4.090655148643479e-08,6.921645894279502e-08,8.134135661151466e-09
5764,Normal,1.555661166502552e-09,0.9999999939208508,8.783820310261817e-10,3.212609617019731e-09,4.3249626417681143e-10
5768,Normal,5.036063884242296e-09,0.9999998563317867,2.325353931527873e-09,1.0247695920646748e-07,3.382983599460303e-08
5769,Normal,1.7735848034778599e-09,0.9999999137222398,1.1831057578952174e-09,7.360250866592559e-08,9.718560942904439e-09
5773,Normal,2.5294099199833624e-09,0.9999999531715518,1.8952863871747785e-09,4.1696069749210195e-08,7.076822533232513e-10
5775,Normal,1.4218799669315447e-09,0.999999907986264,1.0643654778529583e-09,8.912997197566848e-08,3.975183944942426e-10
5777,Normal,8.781760060927499e-08,0.9999998318328033,1.9636160106162143e-08,5.341624771208419e-08,7.297188259188472e-09
5779,Normal,2.1834183129144187e-09,0.9999999245942107,1.2131456827409334e-09,7.124020777173923e-08,7.690174887938719e-10
5782,Normal,3.5827655338068194e-09,0.9999997940967986,2.003818730172672e-09,1.9871051418719073e-07,1.6061029643046622e-09
5783,Normal,1.0131768862419026e-09,0.9999999398602032,6.525608649477214e-10,5.803318889193263e-08,4.4087018335150953e-10
5787,Normal,3.887073265582467e-08,0.9999981057761059,2.698118660306135e-08,1.797464273135826e-06,3.0907701519972246e-08
5789,Normal,1.3803714601450785e-09,0.9999999805817824,8.159410417921348e-10,1.6910516246480814e-08,3.113887296842463e-10
5790,Normal,4.9323769640310554e-09,0.9999999571493848,2.7058868406656894e-09,3.3670656058019944e-08,1.5416954236674043e-09
5792,Normal,4.522942446400013e-09,0.9999999400033328,2.5296538955925996e-09,4.956573182486443e-08,3.378338942328929e-09
5793,Normal,2.0001313377183492e-09,0.9999999742711854,1.1186603447845032e-09,2.191890460983656e-08,6.91118511099515e-10
5795,Normal,1.7995426708874327e-09,0.9999999842700884,1.065369769363272e-09,1.225870458843198e-08,6.062946713291218e-10
5799,Normal,1.4016406998329491e-08,0.9999998387363238,1.032758871206643e-08,1.2071093173765473e-07,1.620874853029883e-08
5808,Normal,5.0090945218341485e-09,0.9999999546297303,2.5940423500927805e-09,3.4731013216694635e-08,3.0361197177993075e-09
5810,Normal,2.3247504384620133e-09,0.999999984543865,1.54390974396031e-09,1.0747778101354942e-08,8.396968913752047e-10
5815,Normal,1.2639624344344807e-08,0.9999997522436176,8.13726132130774e-09,6.655216059794057e-08,1.6042733618752347e-07
5817,Normal,2.0784456641537206e-09,0.9999999253446619,1.849243572647145e-09,1.1769555209908394e-08,5.89580936999744e-08
5819,Normal,8.737412506482579e-08,0.9632344315250049,6.827972617445296e-08,4.086030459920303e-07,0.036765004218098016
5829,Normal,5.029289081736984e-09,0.9999992801958518,3.3360584343623756e-09,7.09588679237785e-07,1.8501213850994222e-09
5830,Normal,2.161056374096175e-09,0.9999997532973557,1.1550505087053294e-09,2.4267110231481103e-07,7.154351133524064e-10
5832,Normal,7.0935502883621605e-09,0.9999939378500906,4.505301029416674e-09,6.048946659839623e-06,1.60439812018119e-09
5834,Normal,1.2561326334326914e-09,0.9999996694335378,7.730620008011513e-10,3.2825404585660797e-07,2.8322187173512516e-10
5837,Normal,4.309294702923306e-09,0.9999982633298092,2.8581610705679687e-09,1.7260637483037203e-06,3.4389867484240048e-09
5838,Normal,3.2053552549696245e-09,0.9999997579260165,1.7130030134152355e-09,2.358210867228537e-07,1.3345385310642875e-09
5840,Normal,3.165223435873322e-09,0.9999997526242926,1.7864026809262904e-09,2.381528917860106e-07,4.271189524274196e-09
5848,Normal,2.745202003141669e-09,0.9999997870367928,1.7123907099431586e-09,2.0785195785754153e-07,6.536567286314422e-10
5849,Normal,5.451076279208605e-08,0.9997927652277355,3.820429732629938e-08,0.00020708524383541245,5.6813368847803455e-08
5850,Normal,2.3723133618583375e-09,0.99999988064462,1.3390930955927322e-09,9.473123106661236e-08,2.0912742328652166e-08
5852,Normal,1.3577043303447271e-09,0.9999999565045509,9.003090671025748e-10,4.090063277258089e-08,3.3680285245060383e-10
5855,Normal,1.267548456897243e-08,0.9999999007472379,2.158045495791558e-08,6.17377099031e-08,3.259112581665084e-09
5856,Normal,2.684081036816331e-09,0.999999987694122,1.3944327294151282e-09,7.55515440713782e-09,6.722097150893484e-10
5859,Normal,1.769987306967162e-08,0.999999973563497,1.3374262963412311e-09,6.941524572819528e-09,4.57678952538917e-10
5860,Normal,2.551899514023e-09,0.999999894381151,1.808619405511012e-09,1.0006203924675905e-07,1.1962908024430596e-09
5871,Normal,1.3183936421714472e-08,0.9999971778803435,9.870176809863174e-09,2.7849253064720522e-06,1.4140236882267096e-08
5872,Normal,6.308558989598384e-09,0.9999994650259811,4.046567205688785e-09,5.231340689682368e-07,1.484824007307052e-09
5873,Normal,1.893047905813896e-09,0.999999920729327,1.0511710456148434e-09,7.578390494221177e-08,5.425490475330936e-10
5876,Normal,1.3686019855898834e-09,0.9999999414296369,7.656062616291011e-10,5.519618562222184e-08,1.2399691254499523e-09
5877,Normal,3.486177367788312e-09,0.9999997866739572,5.223382767013323e-09,2.037719768386209e-07,8.445057420623795e-10
5878,Normal,1.784782774742434e-09,0.9999998678263985,1.1494758332447767e-09,1.2850285188871868e-07,7.364911009765791e-10
5879,Normal,1.2692694079769482e-09,0.9999999486509348,8.813734424609506e-10,4.268747888375325e-08,6.510943521442571e-09
5881,Normal,2.372131754571084e-09,0.9999998568965394,1.5029466586960561e-09,1.3865375201192841e-07,5.746301918193474e-10
5884,Normal,5.94862436819167e-09,0.9999990667069782,4.128892094191706e-09,9.211544962327644e-07,2.0610092015570114e-09
5890,Normal,2.9235783082851783e-07,0.9999993650255798,3.051551499955089e-07,2.7028972756545553e-08,1.043246659785144e-08
5893,Normal,1.6821940541102832e-09,0.9999998242628496,1.2021298276791818e-09,1.724124099874622e-07,4.4041642854212285e-10
5898,Normal,2.956281972918608e-08,0.9999998446832691,1.3513691104998175e-08,1.0261870814851722e-07,9.62151157756567e-09
5899,Normal,4.556275994932818e-07,0.9999818560359387,1.6956281301335966e-05,6.664034313049454e-07,6.565172898813474e-08
5900,Normal,2.013929578367901e-09,0.9999999922577575,1.0489730193552081e-09,3.683769343443168e-09,9.955704692364074e-10
5903,Normal,2.5242700553699987e-09,0.9999999899776756,1.8575915380320424e-09,3.8392021584896545e-09,1.801260462348028e-09
5904,Normal,1.860315500375201e-08,0.9999998918279144,1.3683668543531467e-08,5.043291364555973e-08,2.5452348390691085e-08
5906,Normal,2.996917826855028e-09,0.999999990775685,1.413523136498614e-09,3.733545326190918e-09,1.080328993420275e-09
5909,Normal,2.0723453020438454e-08,0.9882998479270948,5.720388543532023e-09,2.6690735523101034e-08,0.01170009893832825
5915,Normal,3.693532020942238e-09,0.9999999629058614,1.580917957408772e-09,3.0776168395427734e-08,1.0435200751641186e-09
5917,Normal,3.740163432780098e-08,0.9999995778005557,1.4219034337276351e-08,3.5747282600502245e-07,1.3105949511621794e-08
5923,Normal,2.5214575673175784e-09,0.9999999933189565,9.611054232374539e-10,2.8315978792468927e-09,3.6688285222517567e-10
5924,Normal,3.2640040232150455e-09,0.9999999917762513,1.094580795580363e-09,2.925908323254243e-09,9.392554505762414e-10
5926,Normal,9.34161462586365e-10,0.999999997309476,3.1327906764007607e-10,1.222778297499968e-09,2.203053824580364e-10
5931,Normal,4.0578494489175744e-09,0.9999999869339344,3.7101978062263766e-09,4.686909322636325e-09,6.111088629874815e-10
5932,Normal,4.711433403146948e-08,0.9999998801112945,4.189790578294976e-09,6.750749470602882e-08,1.0770859902571545e-09
5933,Normal,3.5832322671251e-09,0.9999999825941565,2.255491492092035e-09,9.079047895967278e-09,2.488071851959834e-09
5934,Normal,1.9968201194166532e-08,0.9999998343444786,9.7003685830135e-09,8.496801337575033e-08,5.1018938112352986e-08
5939,Normal,1.587450962066461e-09,0.9999999947462632,6.215183181839004e-10,2.6841187203040105e-09,3.60648528245975e-10
5941,Normal,3.974636603311464e-09,0.9999999903647859,1.7857122259727294e-09,3.0344962187039713e-09,8.403690671589071e-10
5943,Normal,2.0362505668928736e-09,0.9999999847463008,1.3385441829368266e-09,1.1287757327528541e-08,5.911472847977197e-10
5944,Normal,1.0406486770330924e-08,0.9999998923869955,7.372377290335733e-09,7.780374577331288e-08,1.2030394826430284e-08
5947,Normal,9.146880763589452e-09,0.9999998241988726,9.603100950892872e-09,1.1190367924407264e-07,4.514746656034974e-08
5956,Normal,6.0184710539168955e-09,0.9999999308911319,3.925745858080186e-09,5.21175973563013e-08,7.047053704332812e-09
5957,Normal,1.330984217434177e-08,0.9999998705123901,7.742873161933391e-09,8.703475506241306e-08,2.1400139648357698e-08
5961,Normal,1.9732868750468645e-09,0.9999999845085781,9.976813389174116e-10,1.1724716467339769e-08,7.957371652897566e-10
5962,Normal,1.143783229448068e-08,0.9999999062142667,5.782891923000845e-09,6.742186860385948e-08,9.143140579316257e-09
5963,Normal,1.856657834176319e-08,0.9999998194271709,9.387138923100919e-09,1.1572471870553066e-07,3.689439328211727e-08
5968,Normal,1.1210908228857546e-08,0.9999999021954142,1.4225784332230714e-08,6.985290175788733e-08,2.514991463400238e-09
5969,Normal,7.691085322784157e-08,0.999999108501911,6.601934485511665e-07,1.436257594320352e-07,1.0768027788307928e-08
5970,Normal,3.169092200968326e-09,0.9999999736730507,1.4547085581924712e-09,1.9074438582594806e-08,2.6287098684770027e-09
5975,Normal,2.9847546276507705e-09,0.99999996923173,1.9405419714405072e-09,2.4680181965954558e-08,1.162791574293457e-09
5976,Normal,3.2852332106814077e-09,0.9999999816191455,1.6732729394354521e-09,9.860360949787157e-09,3.561987207470322e-09
5979,Normal,2.273716911739212e-09,0.9999999837476201,2.077882622212792e-09,4.319594091495325e-09,7.581186110617288e-09
5985,Normal,6.2977576816936775e-09,0.9999999549066758,1.972903303295913e-08,1.5004493139048192e-08,4.0620403486773745e-09
5986,Normal,2.0215637467878783e-08,0.9999999686263633,3.341893574426613e-09,6.028395076503367e-09,1.7877105741999038e-09
5989,Normal,1.2518708280025941e-06,0.9879440844055586,0.00842816714413578,1.05409408883104e-06,0.0036254424853889174
5990,Normal,1.4520047073788146e-07,0.8461046530911333,1.7106751597364084e-07,3.2614503836970653e-07,0.15389470449584167
5993,Normal,8.648796240794587e-08,0.998371068623413,2.803818799317755e-06,2.2548356741061653e-08,0.0016260185214684014
5996,Normal,3.5862653634437994e-07,0.9975596541693104,1.9218243750217793e-06,1.1815349693763147e-06,0.002436883844809203
5998,Normal,8.727062334647982e-07,0.9905752252886939,2.7212011511035714e-07,1.6884035319948546e-06,0.00942194148142542
6002,Normal,6.462482059900346e-09,0.9999999325011107,2.177659187774651e-09,2.27844032794847e-08,3.6074344537390524e-08
6005,Normal,5.322039047291926e-09,0.9999992393746321,2.1835617010330125e-09,7.519688969765096e-07,1.1508703693399371e-09
6008,Normal,2.738261107796744e-07,0.999987506636765,8.677305869248924e-08,1.2108209026718516e-05,2.4555038756293182e-08
6013,Normal,4.008713484274141e-09,0.9999999863133477,2.0824875367205996e-09,6.506125406338572e-09,1.0893260526117889e-09
6016,Normal,4.270269875986493e-09,0.999999969438039,2.218368303034963e-09,2.0864961812479518e-08,3.2083610591655485e-09
6017,Normal,2.1305987067632533e-09,0.999999976909362,1.2577176172354179e-09,6.6346611416148915e-09,1.3067660384301324e-08
6018,Normal,9.772322786905417e-09,0.999999932577521,5.770851788944799e-09,3.305855769840586e-08,1.8820746864756624e-08
6020,Normal,4.868732704068056e-09,0.9999999658627063,3.2271770802032125e-09,2.458501782681164e-08,1.4563658132297657e-09
6028,Normal,1.108249986050344e-09,0.9999999657680317,5.919290286144133e-10,3.219746753625208e-08,3.3432197298931067e-10
6031,Normal,1.0441594725506991e-08,0.9999999206663809,1.6175797879601368e-08,4.978889882515689e-08,2.9273276435468478e-09
6032,Normal,3.1169412770030247e-09,0.9999999751062156,2.0489410748832696e-09,1.727843572630084e-08,2.449466280759082e-09
6036,Normal,1.1452878767422604e-09,0.9999999809291652,6.356302122934277e-10,1.598752686578956e-08,1.3023898822099259e-09
6044,Normal,4.103136472317609e-09,0.9999999668394619,2.096713840896086e-09,2.3847603066364395e-08,3.1130846521816583e-09
6050,Normal,3.4483046491764458e-09,0.9999998912232569,1.8265904331759065e-09,1.0079759057276406e-07,2.7042574135442106e-09
6051,Normal,5.69160550046318e-09,0.99999963722313,3.0141218297300376e-09,3.4978276314553754e-07,4.288379387106468e-09
6052,Normal,1.614152976260737e-08,0.9999988441638651,8.313251173450107e-09,1.127804896582008e-06,3.576457473015662e-09
6055,Normal,3.899887413065134e-09,0.9999999818980946,1.7901623888319338e-09,1.1164876074700834e-08,1.2469793557323682e-09
6056,Normal,3.6233184473300775e-09,0.9999999649594419,1.969962749309941e-09,2.8577298009260006e-08,8.699789537518549e-10
6059,Normal,1.6080989015271674e-09,0.9999999870053149,8.193767849021585e-10,8.692177309243965e-09,1.87503221059768e-09
6060,Normal,1.2164000851142692e-07,0.9996747131723073,8.876570702970345e-08,0.00032490048633265555,1.7593564447990452e-07
6062,Normal,2.6048047193244733e-09,0.999999865167756,1.5305947696320568e-09,1.2998741704308165e-07,7.09427557602188e-10
6063,Normal,6.21361587362586e-09,0.9999991776590348,4.017314501943891e-09,8.103561270577296e-07,1.7539077076487388e-09
6064,Normal,1.7901742149702636e-09,0.9999997853887913,1.2770125049260908e-09,2.1107616697700062e-07,4.678550084486039e-10
6065,Normal,2.2069397323731712e-07,0.9999583937594949,1.6452888825767335e-07,3.109878155947232e-05,1.01222360840986e-05
6068,Normal,1.5944207545938164e-09,0.9999999511459953,1.1887349593832468e-09,4.45905724072391e-08,1.4802765555662521e-09
6075,Normal,5.50426442636143e-08,0.999999739161174,2.563973274698193e-08,1.6224144237082014e-07,1.7915006506251867e-08
6079,OSF,2.218762896562726e-08,0.00013507774540358653,0.9998628965152755,5.254912216046384e-08,1.9510025697207517e-06
6083,Normal,1.9463041370470887e-06,0.991134607089061,1.9039085459437983e-05,7.124711079693416e-08,0.008844336274231616
6084,Normal,2.6769907050767973e-08,0.9999925096852945,4.336239911922841e-06,3.744026656037548e-08,3.0898646199612985e-06
6085,Normal,3.474354375656321e-09,0.9999997122784947,1.42788039701351e-09,2.7859088177899347e-07,4.228388900794311e-09
6086,Normal,2.5910455949407507e-09,0.9999997315330714,1.3593355084991544e-09,2.610452126650864e-07,3.4713346257771607e-09
6089,Normal,1.5593743476169178e-09,0.9999995487449842,8.615253371924705e-10,4.467721968302851e-07,2.0619193114999567e-09
6090,Normal,2.3784441599172383e-09,0.9999993233725866,1.3139857571829147e-09,6.661527856936099e-07,6.782197973258143e-09
6091,Normal,1.1549930021577549e-09,0.9999997054638013,6.381112115513837e-10,2.922753791665383e-07,4.677152347091425e-10
6094,Normal,1.1281780577322227e-05,0.9998061888889518,4.667397069817343e-06,0.00017775526581466003,1.0666758623288921e-07
6097,Normal,6.829660379900986e-09,0.9999999486588307,3.5477864086994592e-09,3.797308271442399e-08,2.9906399123184025e-09
6100,Normal,9.060820164643106e-10,0.9999999962562602,4.706792653656931e-10,1.9996665332466e-09,3.673119056539993e-10
6102,Normal,4.914553621316047e-09,0.9999999792603567,3.093498309025184e-09,9.098246145882189e-09,3.6333453657293595e-09
6103,Normal,1.800978782304933e-09,0.999999989903915,1.063081880791637e-09,6.742836414537815e-09,4.891880968334687e-10
6105,Normal,7.552155558711133e-09,0.9999999545294075,3.923274764290103e-09,2.588084298324675e-08,8.114319131162077e-09
6107,Normal,5.261502043427534e-09,0.9999998499895016,3.77098114623969e-09,1.3953625124774485e-07,1.441763937537046e-09
6109,Normal,7.752738913363322e-09,0.9999999292809488,4.027478983447898e-09,5.520750643218944e-08,3.7313268341829745e-09
6113,Normal,4.000534860938374e-08,0.9999994296820329,2.651927884164674e-08,3.445130209961991e-07,1.5928031877000573e-07
6129,Normal,1.935068945657221e-09,0.9999999377810903,1.2627375619011003e-09,5.6215148528226546e-08,2.8059545885588113e-09
6138,Normal,1.1215092437026923e-07,0.9999962552941458,4.444003642307562e-08,1.2523649821341026e-06,2.3357499110810562e-06
6141,Normal,1.33596720496274e-08,0.9999998658478275,7.830679991840558e-09,1.0540522276395326e-07,7.556597562488857e-09
6144,Normal,4.780554753421645e-09,0.9999999646139802,2.435842459806069e-09,2.5840095726592435e-08,2.32952669807485e-09
6145,Normal,2.7140940269513754e-09,0.9999996983264363,1.5948169788611864e-09,2.959138542912771e-07,1.4507984172832508e-09
6146,Normal,4.1384627261123414e-09,0.9999994479312014,2.431781099794442e-09,5.438632809552651e-07,1.6352737074957327e-09
6148,Normal,4.11092046842031e-08,0.9999657006105196,2.4170208871761082e-08,3.4144474386640325e-05,8.963568021698823e-08
6152,Normal,1.3060826039771929e-08,0.9999991987079618,9.736494769032164e-09,7.691234753800045e-07,9.371241962723257e-09
6154,OSF,7.624444836738769e-06,0.9490794416846986,0.0013484878246926664,0.04947418231175203,9.02637340198867e-05
6156,Normal,1.2997015933795732e-09,0.9999999877807199,9.689418652781944e-10,8.84883465032146e-09,1.1018019698385142e-09
6158,Normal,8.434460786825418e-09,0.9999999118909602,6.959445718897158e-09,6.993025122478907e-08,2.784882035783391e-09
6160,OSF,1.8469664033320158e-06,0.8018979286579306,0.19809014981979992,9.762671007232993e-06,3.1188485884568765e-07
6162,Normal,2.437347703407714e-08,0.9999998908256397,1.8868952889268895e-08,6.042297701762168e-08,5.5089535198479e-09
6163,Normal,7.672638763478745e-07,0.9999960393513243,6.089535449715845e-07,1.704259200989081e-06,8.801720534221699e-07
6164,Normal,6.622372000575783e-08,0.9999996826987435,2.228869711348956e-07,2.4568913385229425e-08,3.6216520357664993e-09
6165,Normal,2.774313106877049e-08,0.9999305581476337,1.4604329295760314e-08,4.183440763867878e-08,6.935767049810065e-05
6174,Normal,6.494385207205371e-09,0.9999993632902933,3.5875879865985307e-09,6.224897006310871e-07,4.138033106925926e-09
6181,Normal,2.244761192447525e-08,0.9999900186814038,1.2401910566898424e-08,9.942253127616841e-06,4.215946102323486e-09
6182,Normal,1.8040408939716815e-07,0.999913842189307,9.966228806547384e-08,8.44005504147482e-05,1.4771939007870642e-06
6186,Normal,2.8937987107498544e-09,0.9999998898315788,1.9189397229831896e-09,1.027733573459224e-07,2.582325460874857e-09
6188,Normal,2.006051296689063e-08,0.9999994006886977,1.2788416330506836e-07,4.4673029380404786e-07,4.63633235838714e-09
6190,Normal,9.577409772594077e-09,0.9999999003117455,4.9757271014658104e-09,6.527755370664155e-08,1.9857564125020804e-08
6194,Normal,1.3089352515967981e-08,0.9999998906941014,8.679797893009282e-09,7.181141411608358e-08,1.572533392623265e-08
6196,Normal,3.595754899822411e-09,0.9999999719447986,2.3844088008399085e-09,1.8165052873846282e-08,3.909984610438263e-09
6200,Normal,1.1521723498312896e-08,0.9999999001505817,7.64028469607514e-09,7.71925970515013e-08,3.494813055824903e-09
6202,Normal,6.754492991056957e-09,0.9999999346691517,3.5089070543587008e-09,5.320472418018496e-08,1.8627238070913763e-09
6205,Normal,3.499104037148525e-09,0.9999999737433132,1.8178837951216838e-09,1.766487353143122e-08,3.2748254600182956e-09
6210,Normal,4.701106349679589e-09,0.9999999827220344,2.8165286510601626e-09,7.855137270799539e-09,1.905193383358124e-09
6214,Normal,1.2572027634814413e-08,0.9999999364292373,8.461240008001501e-09,2.477678407463813e-08,1.776071077072286e-08
6215,Normal,2.458669332003027e-09,0.999999958602685,1.551759299168144e-09,3.6794550591260015e-08,5.923357900970001e-10
6216,Normal,1.8174557720701044e-08,0.9999998150671809,1.2881086484043814e-08,1.4339134613795186e-07,1.0485828789572914e-08
6220,Normal,2.915334963979189e-09,0.999999991939691,1.4152587914976797e-09,3.1153722362380457e-09,6.143430605461758e-10
6222,Normal,4.548380330873531e-07,0.9999984942351514,1.3384280769881104e-08,1.0319995780541745e-06,5.542956403409178e-09
6229,Normal,1.4489434746005638e-08,0.9999999233519453,5.735608332654603e-09,5.4229867972883386e-08,2.1931434326935514e-09
6231,Normal,1.4374154653152666e-09,0.99999992969622,7.614085151240102e-10,6.70852188929286e-08,1.0197373731749015e-09
6232,Normal,1.939114976347469e-09,0.9999999058914109,1.0271623957211328e-09,9.049994338824187e-08,6.423683804904509e-10
6239,Normal,5.2523419421595e-07,0.9999885830845424,9.020905704805242e-06,1.80136952267668e-06,6.940603560060983e-08
6245,Normal,1.0605219085279917e-08,0.9999999564642365,4.02250729060883e-09,2.1037690715329627e-08,7.870346405561102e-09
6246,Normal,3.80818925169819e-09,0.9999999890965002,1.949519125035886e-09,3.5741529769008476e-09,1.5716383326022616e-09
6249,PWF,1.9984313185908014e-05,0.24106489805972922,0.7395700156609681,0.01934400245953366,1.0995065831422823e-06
6253,Normal,2.026287239784097e-08,0.9999999289135448,1.0907335081038298e-08,2.4221209220015233e-08,1.5695038270662233e-08
6255,Normal,8.555756232963029e-09,0.9999892602184959,1.624261936710452e-08,7.2469492230241015e-09,1.0707736179549724e-05
6260,Normal,5.36965137785458e-09,0.9999996195211425,2.32430014136543e-09,3.3691401838853447e-07,3.5870887609077475e-08
6261,Normal,2.650102955993098e-09,0.9999997292277159,1.3038580982972581e-09,2.5306427567238017e-07,1.375404753334139e-08
6275,Normal,5.939232674612868e-09,0.9999999620717835,3.0852372226136608e-09,2.4660073109837817e-08,4.243673465482968e-09
6280,Normal,2.996205796236523e-09,0.9999999836016573,4.489321351047654e-09,8.212605855924195e-09,7.002096412813817e-10
6285,Normal,8.270960294441446e-09,0.9999999315819907,4.296687635303803e-09,4.1940686292407616e-08,1.3909675056855823e-08
6288,Normal,7.128342839237323e-09,0.9999999742296211,3.5164702673306813e-09,1.3102739421004976e-08,2.022826232537433e-09
6293,Normal,7.309934848595222e-09,0.9999999866277145,1.3955037690316635e-09,3.966202254900629e-09,7.006448623324798e-10
6300,Normal,2.1122542484826038e-08,0.9999999158985631,1.1786658814603728e-08,4.612266455628287e-08,5.06957131568203e-09
6308,Normal,4.108379159887212e-09,0.9999999905893963,1.0539180715469033e-09,3.7199350853516992e-09,5.283714714864553e-10
6316,Normal,1.265885070119031e-07,0.9999995566846316,2.333382452546967e-08,7.92096887726457e-08,2.14183347973371e-07
6318,Normal,5.02009078917854e-06,0.9999948708243057,1.7647933353243284e-08,8.560917124220588e-08,5.827800449943856e-09
6319,Normal,2.4410482994357096e-08,0.999999953610737,4.659899340461135e-09,1.5070503089898585e-08,2.248377671518803e-09
6322,Normal,1.7143329333426777e-06,0.11969137457515767,5.999452681086271e-05,0.8802048441236023,4.20724414957683e-05
6327,Normal,2.270656194723748e-09,0.9999999934850272,1.1619290222090403e-09,1.94576050319715e-09,1.1366272227392934e-09
6328,Normal,2.400337214006709e-09,0.999999993529096,1.1785327344670822e-09,2.44151987723166e-09,4.505141204456994e-10
6330,Normal,7.69730841090853e-09,0.9999999712907434,2.9186014911211416e-09,5.808946549810031e-09,1.228440034693641e-08
6335,Normal,8.198963659512765e-08,0.9999996329955384,3.127481808956307e-08,8.6865213962291e-08,1.6687479284352793e-07
6340,Normal,1.795777145944174e-08,0.9999919082033776,1.304625767690528e-06,5.210081938491638e-09,6.764003001474402e-06
6341,TWF,4.577947021381946e-08,0.050154805341325465,1.5193259121534407e-08,1.5736982474208244e-08,0.9498451179489628
6345,Normal,2.0690353235733076e-08,0.9999999697713957,1.4162100277106481e-09,5.866083470550556e-09,2.255957632471085e-09
6352,Normal,1.1749272817693196e-09,0.9999999945166758,4.4640497721979306e-10,3.2055985450945974e-09,6.563937046778076e-10
6354,Normal,1.4081705819706031e-09,0.9999999923174799,4.722424387754794e-10,5.57445001630814e-09,2.276570619997159e-10
6359,Normal,1.0904613135582876e-09,0.9999999960976016,3.6570004773696103e-10,1.8496656940912456e-09,5.965712353556448e-10
6360,Normal,4.229208541701418e-09,0.9999999704557188,1.856070461244883e-08,6.188289633537411e-09,5.66078259657641e-10
6361,Normal,7.955253997715999e-10,0.999999997860143,2.693300607882356e-10,9.28174111681023e-10,1.4682730787312484e-10
6364,Normal,7.037829307362173e-10,0.9999999980129448,2.3601982020837486e-10,8.239568377206397e-10,2.232954580837818e-10
6371,Normal,1.5626346218795027e-07,0.9999997945130106,2.8514432025776888e-09,4.476825126894155e-08,1.6038326975203663e-09
6377,Normal,2.8189639615644035e-09,0.9999999914842433,1.1454066480450432e-09,3.4516590669986693e-09,1.099727001605976e-09
6378,Normal,1.7347980546998467e-09,0.9999999940932818,7.04887271652355e-10,2.1241663059268254e-09,1.342866421043477e-09
6383,Normal,3.656947365354623e-09,0.9999999885874579,1.48589955122303e-09,5.443483564345884e-09,8.262114238418563e-10
6388,Normal,1.8114106672930158e-09,0.9999999932939914,5.27290111784472e-10,3.993660460769932e-09,3.736473711504344e-10
6391,Normal,1.903712786256664e-08,0.9999985131492286,1.2617329421815852e-08,1.4531069484940103e-06,2.089365511842177e-09
6392,Normal,3.127530336958831e-09,0.9999999905742604,9.104031749240171e-10,4.858069028182864e-09,5.297371800886333e-10
6395,Normal,3.047927624918488e-09,0.9999999915340158,1.0282274712696792e-09,3.791533513575233e-09,5.982957179005094e-10
6398,Normal,7.601063745595775e-10,0.9999999972549563,3.050687898881458e-10,1.416904668262128e-09,2.629639806110042e-10
6403,Normal,6.574630148158847e-10,0.9999999975079135,2.7814865456450504e-10,1.2918745503469526e-09,2.646004228048163e-10
6407,Normal,2.021503422266271e-09,0.9999999901114763,1.1148125254328657e-09,5.501880430581532e-09,1.2503273693303303e-09
6411,Normal,4.080581051684162e-09,0.9999999859589526,2.490696804836205e-09,5.74475457378282e-09,1.7250151027459696e-09
6419,Normal,1.8039895621070739e-07,0.9998447653264714,0.00010384569275195647,9.31003259478948e-08,5.111548149464542e-05
6421,Normal,3.5235498554257016e-09,0.9999999910734735,1.3394514182960388e-09,2.036855847594445e-09,2.0266694624770284e-09
6424,Normal,2.876749216843039e-09,0.999999990202817,9.647432514932077e-10,1.474686339257797e-09,4.481004080270567e-09
6425,Normal,1.3852598631907785e-09,0.9999999970662794,4.645586203217522e-10,8.600329269844955e-10,2.2386922697536092e-10
6426,Normal,4.621512323620125e-09,0.9999999660007015,2.571736560845299e-08,2.9723526162995356e-09,6.880678878884519e-10
6430,Normal,9.792552987021616e-09,0.9999999410087049,3.2838677432002704e-09,3.9364044612498354e-08,6.550829676825568e-09
6433,Normal,1.4795580483552765e-09,0.9999999888933419,4.961551989705668e-10,1.7514019526611295e-09,7.379543150408163e-09
6450,Normal,3.4770344468056954e-09,0.9999999899202116,1.3218712611540244e-09,4.786019485044975e-09,4.948633040309893e-10
6468,Normal,1.4145010563927898e-09,0.9999999940313351,5.25591548860767e-10,3.6625037791445807e-09,3.660685451419821e-10
6472,Normal,1.7266658750628543e-09,0.9999999935167323,6.415846568945627e-10,3.5176550313900928e-09,5.973620825141515e-10
6475,Normal,5.212695243559418e-08,0.9999998559084146,7.388029571900328e-09,8.07963999154019e-08,3.780203658210569e-09
6481,Normal,1.7790162716371218e-08,0.999999944315648,9.11413975887799e-09,1.6361858118296935e-08,1.2418191310005514e-08
6487,Normal,1.0267875358565075e-08,0.999999943650341,5.262907931130472e-09,2.531934838651252e-08,1.5499527526607207e-08
6495,Normal,5.98226962009731e-10,0.9999999980094705,3.6509159396713545e-10,8.908986272137964e-10,1.363123124940872e-10
6497,Normal,2.2232517988910916e-08,0.9999999317425965,1.3569760968123857e-08,1.3938176501379195e-08,1.8516947779300582e-08
6498,OSF,0.0001543286153851822,0.02861925357249012,0.10226588361387379,0.868778671255461,0.0001818629427898971
6501,Normal,2.250945891794028e-08,0.9999803138939094,5.582132633617784e-09,4.7606200064111635e-09,1.965325387906601e-05
6502,Normal,2.2606675553278077e-09,0.9999997871433748,6.562921344311479e-10,6.904579394592856e-10,2.0924920728276144e-07
6504,Normal,1.4208091041560953e-08,0.9999967747236548,1.2635447869449236e-08,3.1302035755753518e-09,3.1953026027462e-06
6506,Normal,5.669272494450949e-08,0.9999962349181751,2.3014629932097325e-08,4.303339462861664e-08,3.6423410753215814e-06
6507,Normal,1.2638075513348675e-08,0.9999972005677316,2.3530190541210203e-09,8.903248474514238e-09,2.7755379254152513e-06
6513,Normal,2.2307588055542155e-08,0.9999999703557196,1.8491934451403596e-09,4.595353332759736e-09,8.921457695313399e-10
6518,Normal,4.320461831800965e-08,0.9999999387450136,3.818709709694229e-09,9.355649497111798e-09,4.876008833959551e-09
6520,Normal,2.8850006875386927e-08,0.9999999492796431,1.471610839831419e-09,4.082218830454159e-09,1.6316520435172976e-08
6522,Normal,1.0170423944437936e-08,0.9999999863616278,9.057205053435124e-10,2.077754592583966e-09,4.844732211212494e-10
6526,PWF,0.0002917219846770742,0.023396232798115268,3.5637915001969416e-07,0.9763068293048315,4.859533226260857e-06
6527,Normal,9.31546209638178e-09,0.9999999771200591,2.8104917587828685e-09,7.973256725383025e-09,2.7807302074172304e-09
6528,Normal,4.62641599040884e-09,0.999999989379485,1.3958005791331974e-09,3.959832410142674e-09,6.38466010276888e-10
6530,Normal,6.431190409536609e-09,0.9999999773752545,4.049700064936046e-09,1.0122205431874137e-08,2.0216496511444844e-09
6533,Normal,1.8824534522900672e-07,0.9999996525128934,2.4308498096903347e-08,1.297941393541247e-07,5.1391240288012076e-09
6536,Normal,2.84314942284571e-09,0.9999999922079111,1.4043782429473242e-09,2.873215924561369e-09,6.713454011341127e-10
6540,Normal,2.7594407490638295e-08,0.9999996905391507,4.521233835547456e-08,2.296030243272237e-07,7.051079097200719e-09
6543,Normal,1.608419322188567e-08,0.9999998055435907,1.1517521005015236e-08,1.4691208345354262e-07,1.9942611678390934e-08
6544,Normal,2.5278415787169166e-09,0.999999971762502,1.8101265468244422e-09,2.3089129593768545e-08,8.104004813607918e-10
6545,Normal,9.725049084207948e-09,0.9999998800620016,4.17029253143379e-09,6.965818400221092e-08,3.638447280881695e-08
6546,Normal,7.899689003551452e-09,0.9999999036535434,4.431554369909656e-09,8.12334035319376e-08,2.7818096480920337e-09
6549,Normal,7.278334219080296e-09,0.9999999252182339,4.798705476723668e-09,6.015524469534708e-08,2.5494815940894267e-09
6550,Normal,3.3280796383203655e-09,0.9999999917759844,1.2522441752028436e-09,3.045072303948866e-09,5.98619618568772e-10
6551,Normal,5.746151706667734e-09,0.999999944464232,2.9067514489579036e-09,2.7262612054018285e-08,1.96202530221597e-08
6552,Normal,3.081728208880982e-09,0.9999999730252741,1.765728228789388e-09,2.110133590939676e-08,1.0259337248712733e-09
6565,Normal,3.320481344776983e-08,0.9999997943691797,2.323272486041179e-08,9.542867489241553e-08,5.3764606936155536e-08
6570,Normal,3.1649850759099506e-08,0.9999998110794698,5.2002363753158e-09,1.498381223937874e-07,2.2323204666968174e-09
6571,Normal,3.6930258191733695e-09,0.9999999779764506,2.7816462671633627e-09,1.3232396055199003e-08,2.316481350469537e-09
6574,Normal,1.592950046890861e-08,0.9999999001303117,8.248965280481015e-09,6.960572435335266e-08,6.0854979689078155e-09
6575,Normal,2.4901500027454238e-09,0.9999999888585319,1.8755843655276988e-09,5.9358246046565956e-09,8.399091297133917e-10
6576,Normal,3.1394958549919437e-09,0.9999999735353724,1.6810707508851063e-09,5.098132272594326e-09,1.6545928527717618e-08
6585,Normal,5.1468924101249334e-08,0.9999998613751327,1.0455352875648862e-08,9.845866361752272e-09,6.685472385687757e-08
6589,Normal,1.838049648939635e-08,0.9999978683598256,1.8318738538367477e-08,6.414183466563193e-08,2.0307991047813166e-06
6591,Normal,4.658729028443844e-09,0.9999999595259369,2.395854274099902e-09,3.214658034488625e-08,1.272899579710736e-09
6597,Normal,1.956276678848142e-08,0.9999962765835367,7.87987574638525e-09,3.6889687107216343e-06,7.005109985795199e-09
6607,Normal,1.538805062718979e-09,0.9999999954343874,6.427123389825709e-10,2.076882600974649e-09,3.0721243857211517e-10
6608,Normal,8.407810875866851e-09,0.9999999675892614,4.477211092250833e-09,1.5157452185748823e-08,4.368264400999531e-09
6613,Normal,0.00984679991684854,0.9303001374165109,8.269469892599843e-05,0.05974065860191965,2.9709365794885884e-05
6614,Normal,5.171907309947375e-08,0.9999998025128009,3.2911687787220576e-08,8.64869125986825e-08,2.63695257961749e-08
6615,Normal,1.0833485839540381e-08,0.9999999604330878,6.893934407102457e-09,1.814977928737374e-08,3.6897125152856075e-09
6620,Normal,2.0227026667638314e-09,0.9999999904458662,1.062363243805658e-09,5.7937356848866556e-09,6.753323363634263e-10
6626,Normal,3.1691778585395113e-09,0.9999999537358338,1.7799450711702366e-09,4.045698960736292e-08,8.580535227593535e-10
6629,Normal,1.1609414357798363e-09,0.9999999945148434,7.397700946777184e-10,3.2511030565592563e-09,3.3334198356382784e-10
6631,Normal,1.749442560833768e-08,0.9999999481050275,6.2800826301882605e-09,2.509046433900238e-08,3.0299999007905345e-09
6632,Normal,0.002058356239480829,0.9979375164552319,8.681660741232367e-08,3.991995684376469e-06,4.849299557443059e-08
6638,Normal,4.536190759705327e-09,0.9999999858083801,2.2007636775204418e-09,6.2865855189821685e-09,1.1680797875338225e-09
6641,Normal,1.378290002095318e-06,0.9999977756519548,1.604660744280173e-08,8.245201311927294e-07,5.49130444120773e-09
6642,Normal,1.3365254709805939e-09,0.999999993226317,6.806379507735323e-10,4.502753977657096e-09,2.537653621630943e-10
6643,Normal,6.502980071952114e-09,0.999999971604144,3.1547612035353095e-09,1.7389308096612174e-08,1.3488066278015015e-09
6646,Normal,4.226026689172612e-09,0.9999999868107552,1.1957130373784462e-09,7.191487409299108e-09,5.76017867777499e-10
6652,Normal,5.610577505263054e-07,0.9999990802558233,2.766606406469296e-07,5.612125862523664e-08,2.5904526881731398e-08
6663,Normal,4.331871916474044e-08,0.9999991388889554,1.817542413556557e-08,7.41834912203052e-07,5.7781989277093965e-08
6665,Normal,2.0632805348576015e-08,0.9999999292223217,1.3544109069812393e-08,2.5826087350903006e-08,1.07746764966411e-08
6672,Normal,4.557868909836131e-08,0.9999989061984811,3.8149793330431594e-08,2.2419877771868562e-08,9.876531584627936e-07
6680,Normal,9.027609636238183e-09,0.9999999150673741,4.741596777304108e-09,6.935346996595277e-08,1.8099496057621249e-09
6681,Normal,1.1850213815378365e-08,0.9999992865713756,3.1880226983887795e-09,6.971715176333773e-07,1.2188700274948733e-09
6684,Normal,8.074933795130224e-06,0.9999603027230185,6.803665753970319e-08,3.153235932805126e-05,2.1947200644562475e-08
6685,Normal,1.3496571250697756e-08,0.9999997064564108,6.948320608684868e-09,2.650776494101823e-07,8.021048010071136e-09
6686,Normal,4.51070730999609e-08,0.9999987007225627,2.3222110621265894e-08,1.2203259999065855e-06,1.0622253425452672e-08
6688,Normal,4.2922894257636735e-09,0.9999998510965404,2.4683040191486946e-09,1.4122122608163867e-07,9.216399152380014e-10
6693,Normal,2.9510196176896064e-09,0.9999999844884289,1.6655190963735384e-09,9.597485962874277e-09,1.2975465226467082e-09
6696,Normal,2.764213835241477e-07,0.9999996914930805,8.952046416992038e-09,1.746483306064396e-08,5.668656405484562e-09
6698,Normal,7.959987773522886e-09,0.9999999649900236,5.339598714781372e-09,1.72632547400043e-08,4.447135193912099e-09
6699,Normal,2.691711412892229e-09,0.9999999912755065,1.607966507808436e-09,3.8109907624375015e-09,6.138247574185893e-10
6703,Normal,2.9793257078890115e-09,0.9999999868418046,1.565671613575377e-09,6.456749106148826e-09,2.1564493169483167e-09
6707,Normal,2.5231749186771006e-08,0.9999997016001207,1.1006365373217561e-08,1.7955373800416653e-07,8.260802664571351e-08
6713,Normal,9.644776199370566e-09,0.9999999449034055,5.410260759980143e-09,3.213220307097309e-08,7.909354353184843e-09
6724,Normal,1.5150345235875486e-08,0.9999999121864723,7.430911459707878e-09,4.3260971407127564e-08,2.197129958962779e-08
6727,Normal,1.0493775925909541e-08,0.999999906741869,6.0128626519029975e-09,7.1856753773891e-08,4.894738465647723e-09
6730,Normal,6.906847471804488e-09,0.9999999664582133,3.1003851271264005e-09,2.1737235635879257e-08,1.7973181606615766e-09
6733,Normal,1.8355780965145971e-09,0.9999999105021873,1.2745322381097852e-09,8.580470263661626e-08,5.829997635562919e-10
6737,Normal,1.5566285476058628e-09,0.9999999422566712,1.0808395377370028e-09,5.4611460445193866e-08,4.944003581090169e-10
6741,Normal,3.558667365273493e-08,0.9999985548585414,1.0878817337563586e-06,3.116849741425225e-07,9.988077119669114e-09
6743,Normal,1.537355876559748e-09,0.9999998457700019,1.6533568024309512e-09,1.499725666755502e-07,1.066718772886884e-09
6749,Normal,3.315098363875403e-09,0.9999999521912585,2.4636679238650646e-09,3.7710660564776036e-08,4.319314963441241e-09
6751,Normal,2.3003233153245743e-09,0.9999999648844938,1.6555343847692091e-09,3.038666915668753e-08,7.729791009013681e-10
6752,Normal,2.0337437763440853e-08,0.9999996748605913,1.4639524482555206e-08,2.686523270423197e-07,2.1510119537607358e-08
6753,Normal,1.007389620495314e-08,0.999999914543741,9.828336980939491e-09,6.157731712967627e-08,3.976708584009669e-09
6756,Normal,3.987221788125614e-09,0.9999999245618082,2.600307202697188e-09,6.548235066663058e-08,3.368312185897955e-09
6758,Normal,1.4256865303849022e-08,0.9999765804492672,1.3408024583261279e-08,3.2776463073539933e-07,2.3064121212043977e-05
6763,Normal,9.001695284703215e-07,0.999997744989982,1.0309826000275221e-08,1.3414589803145868e-06,3.071683239465824e-09
6764,Normal,3.0257815469771056e-09,0.9999997354174875,1.218841282472417e-09,2.5957270623484196e-07,7.651833993779524e-10
6771,Normal,6.293343390781528e-09,0.9999999585956599,3.269337513474869e-09,2.9738151857193038e-08,2.1035071705966734e-09
6772,Normal,1.955381235932615e-08,0.999999507148932,1.0156952061809323e-08,1.0845416917328652e-07,3.5468613446310543e-07
6780,Normal,1.0050337110979265e-07,0.9999997542414085,6.7734187902342734e-09,1.3535417950530563e-07,3.1276219852209057e-09
6783,Normal,2.0914438769361543e-08,0.9999983846151776,3.133977757594031e-08,1.5565579674102976e-06,6.572638415879922e-09
6786,Normal,1.3052951802877104e-08,0.9999998982409876,6.2433522546640586e-09,1.3195109576766401e-08,6.926759869301236e-08
6787,Normal,8.208744515407292e-09,0.9999999734427334,5.240847442109229e-09,1.1103439726070036e-08,2.004235009141651e-09
6789,Normal,4.357642694465846e-09,0.9999999883431611,2.149811832537221e-09,4.1130314470641245e-09,1.0363528974622491e-09
6791,Normal,2.01945184229629e-07,0.999981531500238,1.0497492604080475e-07,1.776108547351621e-05,4.0049417839169564e-07
6793,Normal,6.950876203876146e-09,0.9999999735047627,4.678084589366419e-09,1.2288351255863939e-08,2.5779251724039145e-09
6794,Normal,2.8972418561259065e-09,0.9999999709333671,2.0533033216883607e-09,2.3196592244591207e-08,9.194956166400079e-10
6800,PWF,4.2590079701026186e-07,0.04305406195347955,2.366065651200985e-07,0.9569443583464999,9.171926584003542e-07
6805,Normal,4.847027098511002e-09,0.9999999843617402,2.3280031308887637e-09,6.386783618255118e-09,2.076445782221103e-09
6806,Normal,4.335714925515232e-08,0.9999997233864929,1.7179042665369792e-08,1.8287178013637383e-07,3.320553494779806e-08
6807,Normal,4.77386990983872e-09,0.9999999665477473,2.4145809795909418e-09,2.518252761152006e-08,1.081274399943467e-09
6809,Normal,9.75775963172319e-09,0.9999999574437046,3.748686207034196e-09,2.7618905065030994e-08,1.4309442240556678e-09
6810,Normal,3.849880258313768e-09,0.9999999727210963,1.947235828765142e-09,1.6821407702611215e-08,4.660379772207625e-09
6814,Normal,2.455569197753162e-09,0.9999999881354192,9.729487002241277e-10,7.967037706775226e-09,4.690253370812799e-10
6821,Normal,4.160269005014416e-08,0.9999997518660685,2.5694628950926832e-08,1.0984508079475708e-07,7.099153178815158e-08
6822,Normal,7.079768209391885e-08,0.9999994455815368,3.425522750024091e-08,1.5097919530328638e-07,2.9838635850055786e-07
6823,Normal,2.0262913044894827e-09,0.9999999925054334,9.80413540986835e-10,3.6549794359598416e-09,8.328823164505469e-10
6833,Normal,5.22896648403847e-09,0.9999999178145661,3.767229002979688e-09,7.17170696255868e-08,1.4721686793176382e-09
6837,Normal,1.5425152589805932e-08,0.999999927344984,4.57896773898169e-08,8.403574704374072e-09,3.0366112133197286e-09
6839,Normal,3.6791960432759504e-09,0.999999888971857,3.2734868907305904e-09,2.5374598752663258e-08,7.870086128487782e-08
6840,Normal,1.6017969645990284e-08,0.9999972541620773,1.4250438922626508e-08,1.1056521077745135e-07,2.605004303377177e-06
6841,Normal,5.0008988770976824e-08,0.9999592643596379,3.915807665405766e-08,4.343183421336014e-07,4.021215495434853e-05
6846,Normal,9.149933761769411e-10,0.99999986425407,4.676254510161617e-10,1.3360265192259648e-07,7.606593538732472e-10
6847,Normal,5.635450861709806e-09,0.9999987842958429,2.94429239242576e-09,1.2052763447974973e-06,1.8480692914428521e-09
6850,Normal,4.164749060857292e-09,0.9999977292858627,2.7626253550677768e-09,2.2596581825467503e-06,4.128580249978894e-09
6852,Normal,7.882854584571462e-09,0.9999978390461156,4.212784559911675e-09,2.1336008980814467e-06,1.5257347034767e-08
6854,Normal,1.6847094487466933e-09,0.9999999221087804,9.950758447410057e-10,7.47914045455513e-08,4.20029696315186e-10
6861,Normal,4.0343877494395656e-09,0.9999997719328927,2.6760071742705802e-09,2.1775642881985997e-07,3.600283588453261e-09
6864,Normal,1.9842643908709333e-09,0.9999996670255956,1.316151153960116e-09,3.290864962287006e-07,5.874927991210414e-10
6865,Normal,1.927685978312692e-08,0.9999995136463243,4.557516310859414e-07,1.0684294417759018e-08,6.408902546558612e-10
6866,Normal,1.9918000836414824e-09,0.999999679249073,1.2633535965308774e-09,3.1588528161017986e-07,1.610491607194083e-09
6867,Normal,2.4146066625622873e-09,0.9999997926951337,1.290488609048374e-09,2.021699705110632e-07,1.4298003148484225e-09
6868,Normal,2.1227511872981993e-08,0.9999999551127849,5.357622388965579e-09,1.6217830418231275e-08,2.0842504092335523e-09
6870,Normal,2.852354919618218e-09,0.9999998870685848,1.6846736090498258e-09,1.0775127540254383e-07,6.43111170356708e-10
6872,Normal,1.2680615397291367e-08,0.9999999141962945,4.4026877138160656e-09,1.1220507626960976e-08,5.749989483469574e-08
6873,Normal,3.627889762885316e-09,0.9999993896483318,2.232610972330147e-09,6.027240704142257e-07,1.7670970221196137e-09
6874,Normal,1.717162013892023e-09,0.9999997238990063,1.0890439368026218e-09,2.7280287177251956e-07,4.919162274853132e-10
6880,Normal,4.982763784874384e-08,0.999997168849012,2.847537201181227e-08,2.663390968991906e-06,8.945700895333146e-08
6882,Normal,8.194527067479805e-10,0.9999999821232374,5.554328568866148e-10,1.5789447231753647e-08,7.12429871596608e-10
6885,Normal,4.659057453646177e-09,0.9999995771640684,3.040647353896519e-09,4.0860796203212274e-07,6.528264821527323e-09
6887,Normal,4.093219248103725e-09,0.9999998613614126,2.152461369162674e-09,1.311772286814782e-07,1.2156779733636383e-09
6889,Normal,6.642123262684803e-10,0.9999999886653456,3.363645793458419e-10,6.791275223338095e-09,3.542802557593268e-09
6895,Normal,4.209441198141445e-09,0.9999999264904996,2.696792109520913e-09,5.495550235455791e-08,1.1647764706745114e-08
6901,Normal,7.258851642940421e-10,0.9999999789024909,5.112431353583914e-10,1.8541575644929498e-08,1.3188053132082871e-09
6905,Normal,7.473339248090718e-10,0.9999999707532012,4.1992612181164584e-10,2.7540760600894074e-08,5.387781838223631e-10
6911,Normal,2.921376325417306e-09,0.9999997912372981,1.9393991592238652e-09,1.8894669077015424e-07,1.4955235725050362e-08
6912,Normal,3.716865703484011e-09,0.9999997327745579,2.7707688918977783e-09,2.5877128261925687e-07,1.9665249828737642e-09
6913,Normal,6.950547524733233e-09,0.9999993882517039,4.174885517477512e-09,5.924778421819149e-07,8.145020944213121e-09
6923,Normal,3.5200118807138757e-09,0.999999879767977,2.339585092867527e-08,1.7474187104690653e-08,7.584197316950762e-08
6931,Normal,9.562909957783207e-10,0.9999996650517052,4.887618074282609e-10,3.329933600914131e-07,5.098819676095686e-10
6942,Normal,1.6265251772623423e-07,0.9999996566566289,1.2423516680407024e-07,4.953342575467356e-08,6.922260821574761e-09
6943,Normal,4.85254086740723e-09,0.9999988867867733,2.4798399260466374e-09,1.0985726716949033e-06,7.308173855089976e-09
6944,Normal,6.701534493130601e-09,0.9999997478427533,4.442617499727959e-09,2.3366957473980177e-07,7.343519894478184e-09
6950,Normal,8.862435803004448e-09,0.9999993712392891,4.733899679596105e-09,6.066350702993611e-07,8.529305144624152e-09
6952,Normal,4.949751259805625e-09,0.9999986558713,3.282808577655669e-09,1.3344146570914393e-06,1.4814832651420779e-09
6954,Normal,5.3975578390166705e-09,0.9999992317461173,3.3216684196024605e-09,7.564334204796192e-07,3.101235970888934e-09
6956,Normal,4.956327827872183e-09,0.9999996127624505,3.1269486905989615e-09,3.2454690729199675e-07,5.460736562713694e-08
6957,Normal,2.4735129659888613e-09,0.9999998333126319,1.4127017080369028e-09,1.6183732220568864e-07,9.63831350167431e-10
6970,Normal,4.929373057761033e-09,0.9999995613314229,2.6104615078238814e-09,4.2877724334868885e-07,2.3514992994976588e-09
6976,Normal,5.9241460065416456e-08,0.9999996700536705,6.511861441471619e-09,2.6067380960463845e-07,3.519198359784364e-09
6978,Normal,4.997451574476423e-07,0.9962038056983211,3.2854050846293627e-07,0.00379363044098886,1.7355750239407905e-06
6979,Normal,2.6101331279096576e-09,0.9999996981546074,1.5277770157822613e-09,2.9700377227167094e-07,7.037101513883536e-10
6982,Normal,8.457321435757975e-09,0.9999995329016972,4.47876057351986e-09,4.496888756063964e-07,4.473345198109186e-09
6985,Normal,6.536786682505361e-09,0.9999995670059701,3.840785540470906e-09,4.1643025132503326e-07,6.186206208667951e-09
6986,Normal,9.870405609078291e-09,0.9999993723902938,5.799898559944375e-09,6.061445236394998e-07,5.7948784675205085e-09
6993,Normal,7.0808666063439644e-09,0.999999748485817,5.277501088797139e-09,2.340438449785135e-07,5.111970422233545e-09
6994,Normal,2.4356027268481934e-08,0.9999990392933856,1.2836578538937219e-08,9.003857116061368e-07,2.312829689832663e-08
6996,Normal,1.8812819963429768e-09,0.999999989636812,8.596544274831797e-10,6.37919049244831e-09,1.2430611416286948e-09
7008,Normal,2.014512662023308e-09,0.9999996614056573,1.2681035742299566e-09,3.3483698281553556e-07,4.747433520852421e-10
7015,Normal,6.534047389856557e-09,0.9999999338077102,3.221885355299379e-09,9.236290848159659e-09,4.7200066105213265e-08
7024,Normal,2.319359926077214e-09,0.9999999904874314,1.1437240718523738e-09,4.152951141620243e-09,1.8965335053034294e-09
7026,Normal,1.051116647280453e-09,0.9999999974614417,5.18327651372385e-10,7.441925053119639e-10,2.2492147010648037e-10
7029,Normal,8.508047606061647e-09,0.9999999762380621,3.729202485806895e-09,9.332001559063785e-09,2.1926862047665925e-09
7030,Normal,2.9550341917836497e-09,0.9999999890076284,1.7259419139848015e-09,4.622498051270778e-09,1.6888975443651738e-09
7031,Normal,1.6626779146176585e-08,0.9999998333461058,1.1020812527513316e-08,1.2200266799577362e-07,1.7003634492117964e-08
7036,Normal,1.0725017111230033e-08,0.9999999404671758,7.215416794937722e-09,2.418410303924939e-08,1.7408287269432143e-08
7038,Normal,9.248624928931099e-09,0.9999999560488978,6.222151717820049e-09,2.5060649971260764e-08,3.4196755761943443e-09
7040,Normal,2.819840693387103e-09,0.9999999879094795,1.486189830180793e-09,5.691769333850887e-09,2.0927204253648395e-09
7041,Normal,6.728763800191572e-09,0.9999999639627111,4.526867963568976e-09,1.9086729663278265e-08,5.69492732527404e-09
7043,Normal,9.907313958032652e-10,0.9999999952143805,6.665288115993099e-10,2.8103034926724003e-09,3.1805564126030484e-10
7045,Normal,4.453620011266694e-09,0.9999999747083912,2.347272272166308e-09,1.0014186231523814e-08,8.476530238623421e-09
7050,Normal,8.890883810655634e-09,0.9999999552263892,3.300881394108971e-09,1.3488786095439764e-08,1.9093059485828773e-08
7052,Normal,5.52667545170121e-09,0.9999999812917592,2.0535705399970535e-09,9.20617529180432e-09,1.9218196249692096e-09
7053,Normal,1.9728741717904434e-09,0.9999999956415726,5.74290956589004e-10,1.536824282136254e-09,2.744380887841892e-10
7064,Normal,4.314035444945124e-07,0.9999994515349454,8.622285348968109e-08,2.1246179224206966e-08,9.592477404414943e-09
7065,Normal,6.377938571237751e-09,0.9999999770887357,2.5304246113958397e-09,1.1152768201275625e-08,2.8501330425218796e-09
7070,Normal,2.601000298114969e-08,0.9999998194242996,1.7293131381145427e-08,1.2342278155634369e-07,1.3849784603577446e-08
7071,Normal,2.3250381434718e-06,0.9997905102618534,0.00013244330508763665,7.397357027121735e-05,7.478246442634704e-07
7077,Normal,1.2563255627772064e-06,0.9999440900092711,9.941217494027698e-07,4.1392021240668866e-06,4.95203412928005e-05
7078,Normal,5.412074576440743e-08,0.9999998059045155,2.5156935953231626e-08,8.69546600134259e-08,2.786314290756705e-08
7084,PWF,1.3513692182836731e-09,1.655666066502601e-06,0.9998669476408425,2.736326928569241e-06,0.00012865901479324997
7087,Normal,4.0262361138086806e-07,0.30964553226186703,3.449685316436524e-07,0.6903497217860226,3.998359967427947e-06
7088,TWF,1.757011598434921e-08,0.9999698710813477,2.3995434131340727e-08,3.250625457554362e-08,3.0054846847630137e-05
7091,Normal,4.459303586616511e-09,0.9999999628847931,1.4954662722920223e-09,2.9576642740343876e-08,1.5837942445985347e-09
7092,Normal,2.8343104733991214e-06,0.9999967391465546,2.753464221600219e-08,3.901768628126501e-07,8.831466868085595e-09
7095,Normal,1.776260999165649e-08,0.9999998290959652,6.266416079589109e-09,1.0383044937668128e-07,4.304455954405641e-08
7100,Normal,6.256749904408996e-08,0.9999999040690478,1.8728894601910066e-09,3.0524082240535786e-08,9.664815738033718e-10
7101,Normal,3.181046062409516e-09,0.9999999907110545,1.209342585308425e-09,3.703876335652168e-09,1.1946806260881454e-09
7103,Normal,1.013056464183149e-08,0.9999999776533226,2.7533790985731606e-09,7.701411990931534e-09,1.7613217518694512e-09
7112,Normal,9.120095256002644e-09,0.9999999791135867,2.393222696087531e-09,6.987188232265281e-09,2.3859071026908677e-09
7122,Normal,2.9976388207648193e-05,0.9999699193122585,4.2959497524838445e-09,9.816389612341662e-08,1.83968778327388e-09
7130,Normal,1.7888602788164927e-09,0.9999999952900074,7.268534353947725e-10,1.4004595161914622e-09,7.938191484748368e-10
7133,Normal,5.546168847615796e-09,0.9999999684081095,1.8340874668077761e-09,7.585904393874531e-09,1.6625729816934064e-08
7134,Normal,3.5295513394884573e-09,0.9999999905927109,1.0274297323966482e-09,2.9233147604296467e-09,1.926993340718862e-09
7136,Normal,5.1372518578073814e-09,0.9999999894310135,1.4012253700013688e-09,3.494615517505094e-09,5.358938578417294e-10
7139,Normal,3.3856554250217285e-08,0.9999998798365048,2.4791345661450598e-09,8.247758495559503e-08,1.350221242802702e-09
7141,Normal,3.2888190798153056e-08,0.9999997680050231,1.6160223848015024e-08,4.878053605913046e-08,1.3416602619882793e-07
7143,Normal,5.548161611682883e-09,0.9999999865008558,1.6150303248502905e-09,4.0264910607136674e-09,2.3094611788326615e-09
7148,Normal,3.4236178657460604e-09,0.9999999843792764,1.6274933142118312e-09,8.669338779591932e-09,1.9002737035881197e-09
7162,Normal,1.6308744557300269e-09,0.999999995309562,7.98738661673005e-10,1.95508741580521e-09,3.057374823944095e-10
7170,Normal,8.054265580452868e-09,0.9999999617617609,6.448904662308804e-09,2.2670621150754557e-08,1.0644475154168882e-09
7172,Normal,1.64896056514494e-09,0.9999999940654201,5.823311881446416e-10,3.4307588148400403e-09,2.7252926580296834e-10
7174,Normal,8.969808514768484e-10,0.9999999976730045,3.4100605411275413e-10,7.081196240508935e-10,3.808889629512834e-10
7177,Normal,3.876300226635724e-09,0.999999988243821,1.4736576889227622e-09,5.080961528252938e-09,1.3252597089194424e-09
7178,Normal,7.741750709947721e-09,0.9999999586088896,2.6764837291493193e-09,2.99497310798074e-08,1.0231448299599023e-09
7182,Normal,6.203548361454677e-08,0.9999998326410513,3.894965962076086e-09,1.000787798711103e-07,1.3497191735534964e-09
7183,Normal,2.125989232254523e-08,0.9999998723501743,9.101048243431995e-09,8.025536539641559e-08,1.703351965775997e-08
7189,Normal,2.3256358156263816e-08,0.999999545134477,3.6545566893500457e-07,6.503453061611027e-08,1.1189652613515663e-09
7195,Normal,1.8525574877192902e-08,0.9999999206692495,8.715984667987672e-09,4.929779919379356e-08,2.7913918203871855e-09
7196,Normal,4.494793963900189e-09,0.9999999879891343,1.567482726938051e-09,5.192574872988236e-09,7.560139590101348e-10
7199,Normal,1.9448758087237022e-09,0.999999995436464,6.522312756610933e-10,1.0487124130111126e-09,9.177163387933848e-10
7200,Normal,5.59776502487307e-09,0.9999999876522031,2.1281105633801545e-09,3.31876341894074e-09,1.303157769707629e-09
7203,Normal,1.7959899509177662e-05,0.9999451189952452,2.0958682503722493e-06,3.1736292694840135e-05,3.0889443003646434e-06
7205,Normal,3.485439292869144e-09,0.9999999911315375,1.4162119832936549e-09,3.099587609879742e-09,8.67223574441938e-10
7206,Normal,2.20822183318905e-09,0.999999994482264,8.97249947325485e-10,1.9637630894969317e-09,4.4850094727670795e-10
7213,Normal,7.722358953097013e-10,0.9999999976131622,2.768306456302705e-10,8.56579297437707e-10,4.811921867387603e-10
7222,Normal,2.0150340167901314e-09,0.9999999944527822,5.868770815286046e-10,2.690295520230719e-09,2.5501136571715004e-10
7225,Normal,8.034429106680261e-09,0.9999999697614712,2.985385171217217e-09,1.7985401394465024e-08,1.2333132203248293e-09
7227,Normal,1.8865753758059775e-08,0.9999999391414932,7.232341866849518e-09,3.164832292991111e-08,3.112088134951936e-09
7231,Normal,2.0770708291747115e-09,0.9999999916267536,1.064113133251617e-09,4.621067009730697e-09,6.10995371005099e-10
7232,Normal,3.938064773524331e-09,0.9999999867140843,2.017526983789885e-09,3.735287539350753e-09,3.5950363835174495e-09
7233,Normal,1.3318624230859867e-09,0.9999999967646382,5.345432684268834e-10,1.028450394718574e-09,3.4050553493118324e-10
7238,Normal,1.6255285272303221e-09,0.9999999955616115,6.163664215996225e-10,1.0962611269545366e-09,1.1002323339611124e-09
7239,Normal,1.2111040015885238e-09,0.9999999962550712,6.678877820263904e-10,1.1467006346524468e-09,7.192361363534948e-10
7241,Normal,6.116123707683288e-07,0.9999987501290436,3.220276730278303e-08,5.926206321562896e-07,1.3435186125143532e-08
7246,Normal,1.517053486695861e-08,0.999999933139615,9.985738048782386e-09,1.636004589330175e-08,2.5344065954509463e-08
7247,Normal,2.2297770552689076e-08,0.9999998760441413,1.4678852268508241e-08,7.722530884663676e-08,9.753926921606933e-09
7249,Normal,2.57238711546423e-08,0.9999870466361629,1.6925666465697197e-08,3.385419390764261e-08,1.2876860105427278e-05
7254,Normal,1.1457879951466182e-08,0.9999993131452692,1.8269143049146895e-08,2.5061844766149896e-08,6.32065863118272e-07
7255,Normal,4.44851646621876e-08,0.9999934000004944,5.873816454079528e-08,8.080494761462141e-08,6.415971228824686e-06
7257,Normal,3.6991738019851625e-09,0.9999999907983196,1.2404329314671124e-09,3.7237764468310515e-09,5.382974594486909e-10
7258,Normal,5.031943127939386e-09,0.9999999740213974,2.0645136763150553e-09,1.7618578985984214e-08,1.2635668386713813e-09
7260,Normal,1.555270553519676e-09,0.9999999894474084,7.669373160099546e-10,7.82339142927754e-09,4.069922688862075e-10
7263,Normal,6.055630717343274e-09,0.9999999007743009,2.986157147093172e-09,8.59182845883812e-08,4.265626453165666e-09
7267,Normal,1.4623388124640038e-09,0.9999999943298086,9.204794667476306e-10,2.9441868606237215e-09,3.431860571560071e-10
7268,Normal,4.007470568958692e-09,0.9999999803416796,2.5225280734542763e-09,1.2120860170888839e-08,1.0074616133321642e-09
7271,Normal,1.0612470372933903e-08,0.9999999700663735,4.354162303884663e-09,1.2381885911489057e-08,2.585107966242718e-09
7272,Normal,6.023048247586961e-09,0.9999999775362342,1.355419251260894e-09,1.4479499411948249e-08,6.057990011078926e-10
7292,Normal,2.545079482905221e-09,0.9999999880564537,1.5246355610940358e-09,6.050259779504868e-09,1.8235714333895108e-09
7295,Normal,8.373363811214112e-09,0.9999999566799905,5.6333063299664324e-09,2.3354434890871893e-08,5.958904493106866e-09
7298,Normal,2.5147659279206154e-09,0.9999999884740024,1.6918466538068323e-09,6.686649754410976e-09,6.327352376712477e-10
7299,Normal,2.420853019784723e-09,0.9999999884897234,1.4995631366783415e-09,5.926683173730947e-09,1.6631773043843025e-09
7307,Normal,3.047582698874009e-08,0.9999998374578436,2.381133377097494e-09,1.2788282015924878e-07,1.8023760119787481e-09
7315,Normal,3.7545689476120904e-07,0.9999995489526325,2.0143351047701438e-08,5.086986940274495e-08,4.577252229407392e-09
7319,Normal,1.424515268274658e-09,0.9999999959474895,5.717296229950121e-10,1.7830557249872653e-09,2.732101645191808e-10
7320,Normal,9.701650381868778e-10,0.9999999918148358,4.970292428820896e-10,6.115913875331534e-09,6.020560176220206e-10
7321,Normal,1.9361128289494987e-09,0.999999992327875,7.779409034750173e-10,4.620229157598947e-09,3.3784250998462784e-10
7324,Normal,4.510371703510583e-09,0.9999999643313858,3.6840528465824623e-09,2.4941985658653344e-08,2.5322039951583365e-09
7325,Normal,4.401942463813935e-09,0.9999999832734018,1.6690910442603858e-09,9.064516228803614e-09,1.5910483571303948e-09
7331,Normal,5.79353690609438e-09,0.9999999682797406,2.767710298367991e-09,1.8301581366429192e-08,4.857431004280427e-09
7339,Normal,1.878664208043438e-08,0.9999964451942428,1.9338376608424906e-08,4.734537499356124e-08,3.469335363525378e-06
7342,Normal,6.536100992610657e-09,0.9999999656028759,2.7975645328473084e-09,2.188508818259083e-08,3.1783704701377953e-09
7344,Normal,1.4289544824448568e-09,0.9999999839479325,6.115085775445664e-10,1.378729429068269e-08,2.2431003609218064e-10
7346,Normal,1.7207192546709883e-08,0.9998282896436141,7.248173622690132e-08,0.00017161862229490843,2.0451619813568907e-09
7347,Normal,6.649583058835943e-09,0.9999999005504735,2.344434491975175e-09,8.776324698067604e-08,2.6922618595413043e-09
7349,Normal,9.42302534329193e-09,0.9999999643068677,3.1599948149009613e-09,2.0662790917665473e-08,2.44732120817734e-09
7351,Normal,4.013026584918343e-09,0.9999999791553396,1.4156275051424677e-09,1.4282607006193212e-08,1.1333994101513437e-09
7355,Normal,2.493997325631841e-09,0.9999999933012471,8.363131280150371e-10,1.8859406517472387e-09,1.482501414980036e-09
7358,Normal,1.6585768777258936e-09,0.9999999932483623,6.305445466882223e-10,4.248172080801842e-09,2.1434422697663633e-10
7371,Normal,1.9133946600639616e-09,0.9999999910911651,6.417372937211132e-10,5.07517222094015e-09,1.2785305302614023e-09
7372,Normal,4.614624835769904e-09,0.9999999768681122,1.7543513142401507e-09,1.61061448862165e-08,6.567667696716665e-10
7373,Normal,2.9270596639014848e-09,0.999999984646196,1.103571290051642e-09,1.0918877566938323e-08,4.04295565876592e-10
7374,Normal,6.745888618272161e-09,0.9999999696913289,2.7410055078873487e-09,1.7678627467893998e-08,3.1431495663010863e-09
7378,Normal,1.927717059270325e-07,0.9999995186528515,1.010569472932068e-08,2.733864794374873e-07,5.0832683485116385e-09
7382,Normal,2.438422519248452e-09,0.9999999914474734,1.1154966944950213e-09,4.581004797661044e-09,4.1760230956946576e-10
7385,Normal,1.1737282541596412e-09,0.9999999961348496,4.817605418283672e-10,2.030304720706824e-09,1.7935664192108643e-10
7387,Normal,2.9249236452840185e-09,0.9999999905472065,1.2658738341799684e-09,4.455719660718737e-09,8.062762784834429e-10
7395,Normal,8.333641085452563e-09,0.9999999638275578,4.001229266677671e-09,1.5183634138435976e-08,8.653937649706667e-09
7396,Normal,1.1423703667592137e-08,0.9999999634497283,4.296873972590612e-09,1.6810712155454724e-08,4.018981928503195e-09
7397,Normal,5.547056389336655e-09,0.9999999771938556,3.0865516251774108e-09,1.1712651356372622e-08,2.459885090246504e-09
7405,Normal,1.4938322572732158e-08,0.9999998929303971,9.712162087358252e-09,6.59237541594459e-08,1.649536421579452e-08
7406,Normal,5.026809706643086e-09,0.999999970651654,2.5603176432786353e-09,1.7917226659297223e-08,3.843991797887889e-09
7407,Normal,9.317660702732393e-09,0.9999999365572747,6.3856221940309195e-09,4.3344173797154836e-08,4.3952685717798634e-09
7411,Normal,2.596322915250677e-09,0.9999999328435699,1.9350850792668175e-09,5.882163255954905e-08,3.8033896534997825e-09
7413,Normal,4.997378006388759e-10,0.9999999946458731,3.724634720082336e-10,4.021196839666369e-09,4.607287385294116e-10
7416,Normal,1.4582827881509782e-09,0.999999985147636,1.2028721274506732e-09,1.174761360257033e-08,4.4359540188769536e-10
7418,Normal,2.2929069673889234e-09,0.9999999848233425,1.521926780007176e-09,1.0651841493745865e-08,7.099822946592524e-10
7421,Normal,2.804449565638421e-09,0.999999958012924,2.4963815913840897e-09,8.616026284450124e-09,2.807021847573145e-08
7422,Normal,1.9320033660465832e-08,0.9999959664104676,1.586476052887543e-08,5.542235546618248e-09,3.992862502608621e-06
7427,TWF,2.3700871679100083e-09,0.9999887108353844,6.732837114937012e-10,1.2849858109211886e-08,1.1273271386514312e-05
7435,Normal,1.4106831278187754e-09,0.9999999888074939,8.942660144239097e-10,7.41780676141117e-09,1.4697502456914806e-09
7437,Normal,6.499307466273252e-10,0.9999999846843814,4.120067554339089e-10,1.4053013713004405e-08,2.0066745758659548e-10
7438,Normal,8.005280865788684e-10,0.9999999866255371,5.306893280696763e-10,1.0303902449897066e-08,1.7393430268959367e-09
7444,Normal,1.9104552024796386e-10,0.9999999960858259,9.758327812645059e-11,3.5094884863573445e-09,1.1605673717849999e-10
7455,Normal,3.498900631668855e-10,0.999999990973823,2.0578062176909855e-10,8.132474963321e-09,3.3803120275333725e-10
7456,Normal,3.166470777348002e-10,0.999999989763417,1.6335159521798094e-10,9.634129392657054e-09,1.22454856633336e-10
7457,Normal,1.16895421731598e-09,0.999999979076762,6.163590620551333e-10,1.8742971889661973e-08,3.9495278790965983e-10
7460,Normal,2.334203682646813e-10,0.9999999922333384,1.4797065586445438e-10,7.286804231644463e-09,9.846630133660865e-11
7464,Normal,3.581851425180181e-10,0.9999999912572141,1.9544272959528347e-10,7.729121857653625e-09,4.600361659250212e-10
7466,Normal,2.9123010404472884e-09,0.9999999473736078,1.9070759455800985e-09,4.694992942833284e-08,8.57085587131679e-10
7467,Normal,3.841753251783984e-09,0.9999999528578241,2.097294892888893e-09,3.735408019850985e-08,3.8490476313640275e-09
7468,Normal,5.919133771830476e-09,0.9999999273812942,3.231375203939641e-09,5.946840443211452e-08,3.999792337767394e-09
7472,Normal,3.996419577630532e-08,0.9999999321134687,1.2926415572446383e-08,1.0429564256871309e-08,4.566355904990885e-09
7479,Normal,1.1097838348013115e-09,0.999999984553612,7.291593245842315e-10,1.3309808991164123e-08,2.9763561348482957e-10
7481,Normal,4.24533192953476e-10,0.9999999913528846,2.14916702182951e-10,7.830545624685797e-09,1.771195614696976e-10
7484,Normal,4.295698881508366e-10,0.9999999895365749,2.9946759973152024e-10,8.938567021407875e-09,7.958204666899821e-10
7490,Normal,1.3291544505994231e-09,0.999999969379306,7.46609285125685e-10,2.7194020081269246e-08,1.3509102363474228e-09
7496,Normal,4.133659445897239e-09,0.999999902705046,3.1002200555234835e-09,8.79978092019873e-08,2.0632654056867437e-09
7497,Normal,8.442163539696556e-10,0.9999999826292375,5.874304663641787e-10,1.5723788295394906e-08,2.1532725830392477e-10
7501,Normal,2.4227771684898505e-09,0.9999999813909185,7.875508141103092e-09,7.69204317629496e-09,6.187530596393069e-10
7505,Normal,9.072753987271066e-10,0.9999999928165957,8.944393575717075e-10,2.804044816766749e-09,2.57764476452141e-09
7509,Normal,2.8372401123613776e-09,0.9999986418399823,8.156950457827989e-09,1.0841815108087576e-08,1.3363240120463815e-06
7512,Normal,1.365724943474634e-09,0.999999993309775,8.833779744375878e-10,3.733652158191992e-09,7.074699615828116e-10
7513,Normal,1.3255548100082689e-09,0.9999999515433847,6.909095629531928e-10,4.476665069304371e-08,1.6735002999721306e-09
7515,Normal,8.352266361687367e-10,0.9999999960391548,5.402740752867346e-10,1.9166569169893705e-09,6.686878230925512e-10
7516,Normal,2.4378329754582137e-08,0.9999998086771913,6.600284662357154e-08,8.615146653831483e-08,1.4790165737810841e-08
7520,Normal,7.277490928966637e-10,0.9999999941329891,4.6134495204581836e-10,3.4453366142320645e-09,1.232580064661318e-09
7524,Normal,2.466589943521035e-09,0.9999999947798721,8.628466062451266e-10,6.732280231483083e-10,1.217463161499334e-09
7526,Normal,3.264326904276389e-09,0.999999932340032,1.7061580291117982e-09,6.170503765157283e-08,9.84445662649001e-10
7530,Normal,4.684062699361265e-10,0.9999999881486824,2.7552270030862225e-10,1.0905389279087029e-08,2.0199940465974764e-10
7537,PWF,6.912398167785495e-08,0.5991464735746612,4.5851094088267876e-08,0.4008532223365882,1.8911367479380708e-07
7542,Normal,5.693942031290102e-09,0.9999998180450902,2.908386924434276e-09,1.7153047031173087e-07,1.8221104025436248e-09
7549,Normal,4.632776205938924e-10,0.9999999933760659,3.138849108003036e-10,5.729262339759819e-09,1.1750921870672235e-10
7555,Normal,4.038651950203439e-08,0.9999999332741867,1.081580321661037e-08,1.0464844375592932e-08,5.0586462560422456e-09
7556,Normal,5.972869367916958e-08,0.9999997159352122,1.8091896771621495e-07,3.558421369682407e-08,7.832912756900935e-09
7560,Normal,1.0172834006977407e-08,0.9999999789123426,6.219637932878753e-09,2.8800881232173993e-09,1.8150974406806524e-09
7561,Normal,1.4440675738851887e-07,0.9999997904137139,2.595392131791083e-08,2.7585584350938558e-08,1.1640023244674302e-08
7564,Normal,6.090003314682333e-09,0.9999995463822587,3.224060787452456e-09,4.368125502701208e-07,7.491126678392578e-09
7566,Normal,3.7437307829224875e-08,0.9999953812718136,1.9819413836558438e-08,4.525387587120045e-06,3.6083877562982994e-08
7568,Normal,8.896718714833363e-09,0.9999561398985948,4.713987343404415e-09,4.3828497129675216e-05,1.7993569459339585e-08
7569,Normal,4.054572843914686e-10,0.9999999768639997,2.664640049160624e-10,2.2286838803687827e-08,1.7724043821335612e-10
7570,PWF,5.7600747914897025e-08,0.9993161488813411,2.487877605248089e-06,0.000680162935542228,1.1427047635819876e-06
7575,Normal,3.3558182086952134e-09,0.9999995576116508,2.446483717089925e-09,4.3092038320257943e-07,5.6656640367183055e-09
7579,Normal,5.479326422235869e-09,0.9999996031054713,4.083365831530354e-09,3.813496030451122e-07,5.982233531847859e-09
7586,Normal,1.1778553185591416e-08,0.9999998464194915,2.0376820316309227e-08,1.1806479216799953e-07,3.3603427666357826e-09
7592,OSF,9.452185878162268e-06,0.9381642742068713,0.060678523408369774,1.3137780875223959e-05,0.0011346124180054524
7599,Normal,2.354874061689903e-09,0.9999994445052504,1.5611081682128733e-09,5.510480834715042e-07,5.306838961769477e-10
7610,Normal,2.1905961477400452e-09,0.9999999193098822,1.4522018488097512e-09,7.637952703040572e-08,6.677929765371278e-10
7612,Normal,5.272559975392964e-10,0.9999999813360528,3.342401733421752e-10,1.7580127798244405e-08,2.2232326560209449e-10
7616,Normal,1.0350331162977595e-09,0.9999999744832908,5.842260731425329e-10,1.7941778577942566e-08,5.955671683441263e-09
7617,Normal,8.675817787462958e-10,0.9999999565522463,4.4314862018624847e-10,4.176627519118796e-08,3.70748182702241e-10
7622,Normal,1.1055672271546046e-09,0.9999999477333382,7.008456955418045e-10,4.9427216917744197e-08,1.033032140301516e-09
7626,Normal,1.3000435527541345e-09,0.9999999378421568,8.323356687879594e-10,5.870120732259447e-08,1.3242566918191917e-09
7629,Normal,4.3015183444940177e-10,0.9999999783208395,2.9434283450254646e-10,2.075879451298578e-08,1.958712192552887e-10
7633,Normal,1.476766105443117e-09,0.9999999780325606,1.0005515189122531e-09,1.8408610999847774e-08,1.0815108513318842e-09
7640,Normal,1.448966054701165e-09,0.999999980339889,8.387200413152682e-10,1.663054761225735e-08,7.418772920995219e-10
7646,Normal,7.104726405425249e-10,0.9999999900559801,4.4637849951126933e-10,8.148036997320934e-09,6.391319156746562e-10
7649,Normal,2.7991789880985625e-09,0.9999999232492917,1.758680796263386e-09,6.84101196374818e-08,3.782728924395062e-09
7650,Normal,9.57916911997259e-10,0.99999998027488,4.849371808201892e-10,1.728511948739678e-08,9.971464694818942e-10
7651,Normal,1.8402430069916758e-07,0.9999978133078932,1.8919819321120141e-06,7.39074496186728e-08,3.677842454652372e-08
7663,Normal,1.7650455402832364e-09,0.9999999495563195,1.0451832280710159e-09,4.460899916237107e-08,3.024452452793438e-09
7665,Normal,2.5662732742338544e-09,0.9999999224358069,1.5363781306603515e-09,7.249859638335755e-08,9.629451940872937e-10
7668,Normal,1.155932318796542e-09,0.9999999940233677,9.487589437457352e-10,3.550606866960245e-09,3.2133434251562237e-10
7671,Normal,2.9276377366446083e-09,0.999999979691534,2.380800439686231e-09,1.0950728991928684e-08,4.049299031829913e-09
7672,Normal,6.563106827357695e-09,0.9999999035460143,4.772352515733806e-09,8.290198317169931e-08,2.216543104912853e-09
7675,Normal,2.305087589955951e-09,0.9999976970580864,1.0598706327906255e-08,6.982156567367731e-09,2.2830559630520547e-06
7679,Normal,2.982415097968159e-08,0.9996349046412393,7.462761221054088e-05,9.43151615672158e-08,0.00029034360723775
7680,Normal,1.0588553018163428e-08,0.9999459859766628,2.352344319621488e-08,3.2705139766271647e-08,5.394720620125076e-05
7682,Normal,3.2141261286694393e-09,0.999999910280632,4.244521137107756e-09,1.0377232257487984e-08,7.188348815586573e-08
7683,Normal,2.721131161458117e-08,0.999998042005004,2.461158907367931e-08,1.0165732706239673e-07,1.8045147682849197e-06
7687,Normal,4.855889361767122e-07,0.9909885909217865,4.4044909919931285e-07,2.188040327158159e-06,0.009008294999850988
7688,TWF,2.5548246821426065e-07,0.9918502456869832,2.786465013801199e-07,3.2816372901447838e-06,0.008145938546757043
7692,Normal,1.4263802289860416e-08,0.9999996900775286,8.01857615386536e-09,2.841950794060639e-07,3.445013356060268e-09
7693,Normal,1.1178319406036806e-09,0.9999999414738098,5.709722211861582e-10,5.4761549804152714e-08,2.075836256840836e-09
7695,Normal,2.8573214056662338e-09,0.9999998078207587,1.4740296862013744e-09,1.8248886361635204e-07,5.359026591989763e-09
7697,Normal,5.285230770559799e-09,0.9999998315599563,1.6130135807692917e-07,5.974611201927826e-10,1.255993954929002e-09
7698,Normal,2.644068443192241e-09,0.9999999586029859,1.2731609649628882e-09,3.6993798963552946e-08,4.859859233969915e-10
7704,Normal,1.066355360858245e-09,0.9999999692161429,5.501194116881089e-10,2.8019171803517585e-08,1.1482103186960133e-09
7706,Normal,1.590431667258977e-09,0.9999999968963362,6.466616187362868e-10,5.246893237916891e-10,3.418812908305035e-10
7707,Normal,7.236631811301211e-10,0.9999999741078895,4.587468819001669e-10,2.412884027436396e-08,5.808602304396826e-10
7709,Normal,8.778244407031426e-10,0.9999999656970727,5.564731661908783e-10,3.216433378912312e-08,7.042958288703332e-10
7710,Normal,1.3930021427408657e-09,0.9999999647356167,8.193820974172632e-10,3.2374226801940727e-08,6.777723095362354e-10
7713,Normal,1.835267990188234e-09,0.9999999126214921,1.1634205858285743e-09,8.205036005516524e-08,2.329459294205918e-09
7717,Normal,7.04548815320506e-09,0.9999999812218113,2.3632246779984957e-09,8.027076302348138e-09,1.342399430302554e-09
7718,Normal,2.9157734253237535e-09,0.9999999895982773,1.9105806459438847e-09,4.900435295925677e-09,6.749334101593642e-10
7721,Normal,5.759650211752243e-10,0.9999999932592953,3.144313155141542e-10,5.632247266108836e-09,2.180608849285202e-10
7722,Normal,4.161008636862191e-10,0.9999999962383173,2.510601352209615e-10,2.9986420195364726e-09,9.587976788167806e-11
7724,Normal,6.173589507066124e-10,0.9999999899064193,4.1827830244334755e-10,7.69576917146343e-09,1.3621741115428188e-09
7725,Normal,9.842562784349098e-10,0.9999999908752034,4.94732963789047e-10,6.6409460774059345e-09,1.004861186850616e-09
7726,Normal,1.5264564019612723e-09,0.9999999787943716,9.617194486018837e-10,1.769452858865377e-08,1.0229238956655912e-09
7727,Normal,3.901555653149876e-09,0.9999998815040454,2.0026330187996947e-09,1.1111422073238741e-07,1.4775452991916478e-09
7728,Normal,9.725965212176108e-10,0.9999999866385871,5.024906287590227e-10,1.1072407519151603e-08,8.139182788982232e-10
7734,Normal,1.1604941869211939e-09,0.9999999833664588,7.799686675714485e-10,1.4374525761357215e-08,3.1855256273403834e-10
7740,Normal,6.51350833293471e-10,0.9999999845891403,4.634074901806498e-10,1.3832030012693817e-08,4.6407145734982987e-10
7741,Normal,1.4446123015319103e-09,0.999999979533297,9.009641813186399e-10,1.7717610888117617e-08,4.0351575417685534e-10
7753,Normal,3.373054355335602e-09,0.9999998993919484,2.0172524429764435e-09,9.056144907310324e-08,4.656295821162209e-09
7755,Normal,2.0195089755738626e-09,0.999999988225534,1.3349183672851167e-09,7.595032151930379e-09,8.250065247248317e-10
7759,Normal,4.458764988071159e-09,0.9999999731178136,4.408494756727781e-09,1.3780751098455971e-08,4.2341755930956365e-09
7761,Normal,5.410141631046681e-09,0.999995774873119,3.2312692109731053e-09,2.0270708886307985e-08,4.196214761149342e-06
7763,Normal,1.641631539877233e-08,0.9999999350814057,8.38469912637771e-09,3.534471740694919e-08,4.772862422429632e-09
7764,PWF,1.2080689131861661e-06,0.9878407179883927,2.1854186129086395e-05,0.012123260698373278,1.2959058191820885e-05
7766,Normal,1.7726309641273105e-08,0.9999999355601173,1.3307275636126423e-08,2.865075134726366e-08,4.755546143318178e-09
7768,Normal,1.1401924737199377e-08,0.9999999548454863,4.947980928909462e-09,2.6879158590918023e-08,1.925449581522657e-09
7770,Normal,6.6137700383459806e-09,0.9999998396637884,4.192628135882628e-09,1.4300508404294363e-07,6.52472938238994e-09
7776,Normal,3.3145950546832553e-09,0.9999999148163327,2.1011995882639437e-09,7.716761223976083e-08,2.600260668502128e-09
7785,Normal,1.2791314345885493e-07,0.9986562783666947,9.292447647792978e-07,0.0013426295733180481,3.490207891108363e-08
7786,Normal,1.351544223294475e-09,0.999999973378692,7.235534687788875e-10,2.4269900585995736e-08,2.7630983092394665e-10
7798,Normal,5.885017156533467e-10,0.9999999887532586,3.987275151392664e-10,9.672047105441253e-09,5.874651917031802e-10
7806,Normal,4.08140825471459e-10,0.999999994336463,2.5460729878209006e-10,4.627790766546526e-09,3.7299803566547155e-10
7807,Normal,4.122109188940784e-09,0.9999999935736634,1.2959444614843955e-09,5.839153657665367e-10,4.243673172041558e-10
7810,Normal,4.0022961530535694e-10,0.9999999947429303,2.026132007228109e-10,4.429211189014705e-09,2.2501564013980666e-10
7811,Normal,1.8416152775735008e-09,0.9999998947852022,1.1577421046209591e-09,9.763263359749779e-08,4.582806700988419e-09
7814,Normal,1.3947208755887135e-09,0.9999999869068132,8.130951328405199e-10,9.821832851878892e-09,1.0635381195370958e-09
7816,Normal,8.332797294666435e-10,0.9999999837538043,4.4114003033076494e-10,1.425385613562565e-08,7.179199877319428e-10
7818,Normal,1.71623907201136e-09,0.9999999672851705,9.085804402353247e-10,2.787562892338712e-08,2.2143810329127265e-09
7819,Normal,1.4007074715108709e-08,0.9999904664280045,9.204854162797283e-09,9.473935187452994e-06,3.642487910599476e-08
7828,Normal,1.653063729383026e-09,0.9999999452558167,1.0235713804881378e-09,5.1587967001054805e-08,4.795809777239252e-10
7829,Normal,4.845003921472773e-09,0.9999998194916558,2.9092999459850513e-09,1.675765848743625e-07,5.177455347691908e-09
7830,Normal,1.5522840055819399e-09,0.999999966206004,1.15678859655661e-09,2.9428617897680063e-08,1.6563054695191092e-09
7834,Normal,4.5729313862102236e-10,0.9999999973868334,3.7190981399028825e-10,1.3912209947624075e-09,3.927426661729655e-10
7836,Normal,1.9472778398218065e-09,0.9999999879312186,1.5835565579751213e-09,5.924189681178304e-09,2.6137570914394224e-09
7839,Normal,2.4299060890384885e-08,0.9999993376397349,6.209013856714281e-07,1.1750143744013153e-08,5.4096748005996595e-09
7841,Normal,1.4806634236075727e-09,0.9999999920175634,1.2992143819783271e-09,4.48374002275429e-09,7.188189958856656e-10
7844,Normal,4.7971211127572067e-08,0.9999730447813084,2.815804487231295e-08,1.5232288550136125e-07,2.6726766550059252e-05
7849,Normal,6.4930960337146036e-09,0.9999682031975186,1.8435353380704781e-09,2.114307633948559e-08,3.176732277355654e-05
7853,Normal,1.7439028920848233e-08,0.9999998753586312,1.1164950385728057e-08,3.960839709633643e-08,5.6428992118709675e-08
7857,Normal,8.739812408747534e-10,0.9999999949799516,5.03465446004618e-10,3.450304670811e-09,1.9229680252702443e-10
7859,Normal,1.5146671620235996e-09,0.9999997273547632,4.379024168405966e-09,2.6556940501501337e-07,1.1821404163292903e-09
7860,Normal,3.6698373983617918e-09,0.9999998163426285,1.6145003930124192e-09,1.7770068248815157e-07,6.723514633291187e-10
7862,Normal,1.4256087180223874e-09,0.9999999281688599,9.513491261405404e-10,6.909782947847148e-08,3.5635294281439134e-10
7868,Normal,7.293010165780975e-10,0.9999999825637368,4.515888267002386e-10,1.5959800397392973e-08,2.955731047358392e-10
7874,Normal,3.816006366041327e-09,0.9999997693432366,5.860536429998511e-09,2.1940018255751922e-07,1.5800379046541228e-09
7878,Normal,1.9574258720542324e-08,0.9999995934085751,1.7343913972250958e-08,3.665737841550615e-07,3.0994679890142193e-09
7882,Normal,1.249814777462819e-08,0.9999958418680726,2.068929560319261e-08,4.1204087062269155e-06,4.535777900687052e-09
7886,Normal,2.4715081489303137e-09,0.9999999542536001,1.8799681597904774e-09,4.006874343673875e-08,1.3261801096198585e-09
7895,Normal,2.7261129290942023e-09,0.9999999164791232,2.1290251818143624e-09,7.726532022859707e-08,1.400418510580945e-09
7899,Normal,4.3248426243722565e-09,0.9999998646970641,1.1645125170534422e-08,9.081830391373518e-08,2.8514664405949347e-08
7903,Normal,2.8366315112075256e-09,0.9999999528346935,1.6196089285165785e-09,1.9163220549466092e-08,2.3545845491998195e-08
7907,Normal,9.522328731057051e-08,0.9999997891461927,5.6684238011407426e-08,4.896282857490341e-08,9.983453367989639e-09
7920,Normal,3.956731834289282e-09,0.9999998526907287,2.804681111216295e-09,1.3927779629693996e-07,1.270061819936116e-09
7921,Normal,9.5392615847068e-09,0.9999997435269277,6.479598573564172e-09,2.3766730657925696e-07,2.786905460778854e-09
7922,Normal,2.115409772583995e-09,0.9999999590274492,1.4126599551090125e-09,2.254430120078639e-08,1.4900179863557824e-08
7926,Normal,2.0931332548686395e-09,0.9999999850213781,1.398395601700382e-09,9.78295546281788e-09,1.7041377100131995e-09
7928,Normal,2.5575890823237684e-09,0.9999999875241788,2.5191162248007987e-09,6.746687371758314e-09,6.524286576155052e-10
7930,Normal,4.564564773354454e-09,0.9999672544823066,2.6982474499298504e-09,1.692373881122722e-08,3.272133114245354e-05
7931,Normal,3.4717099690980835e-09,0.9999997877775841,1.6588403626620236e-08,1.6527167187119134e-08,1.7563513508022202e-07
7932,Normal,3.351507496465798e-08,0.9447647769227131,2.6097996385339016e-08,1.041229676741429e-07,0.05523505934124797
7937,Normal,4.9770971362879427e-08,0.9987764649577301,7.234437002665494e-05,1.615644871721185e-07,0.0011509793367847142
7942,Normal,2.2701611691152025e-09,0.9999999185263677,1.1711281591860534e-09,7.588195798498062e-08,2.1503847403401923e-09
7952,Normal,9.341121041974158e-10,0.9999998090833244,4.871222833640783e-10,1.8907542055338124e-07,4.2002071111958397e-10
7953,Normal,1.1663997016616575e-09,0.9999997652549777,5.992696958906603e-10,2.326063173115047e-07,3.7303565475384766e-10
7954,Normal,2.2654543861152767e-09,0.9999996995712547,1.4037570410020768e-09,2.960152377802951e-07,7.442959911697275e-10
7956,Normal,5.827137692759745e-09,0.9999999876348783,1.209178458248652e-09,4.575151708505162e-09,7.53653713684328e-10
7963,Normal,5.438377611726765e-08,0.9999994956825412,2.130015620315857e-08,2.735838294312042e-07,1.5504969709111368e-07
7965,Normal,1.633838233425191e-09,0.9999998691447396,7.976551318362355e-10,1.2808688924990576e-07,3.368778661886946e-10
7971,Normal,5.526198500456378e-09,0.9999999845866068,1.4572799644581017e-09,7.552263094138153e-09,8.77651550043237e-10
7977,Normal,2.385797423297325e-08,0.999999241942592,1.061608186101353e-08,5.776052169827477e-07,1.4597813489666261e-07
7978,Normal,7.524853246604544e-07,0.996057143855468,3.3628751950694753e-06,0.003938667337104825,7.34469072171049e-08
7981,Normal,1.6114000908512024e-09,0.9999999529620509,1.1853312965656215e-09,4.369912458710658e-08,5.420931786406217e-10
7990,Normal,7.14338759912178e-10,0.999999987826876,1.1180646290742525e-09,1.0168657742274713e-08,1.7206253815573787e-10
7993,Normal,2.45608663739904e-09,0.9999999360915205,1.4041485729326957e-09,5.895411129808971e-08,1.0941330348410153e-09
7994,Normal,7.819753550124571e-10,0.9999999750700157,6.323317670755444e-10,2.3308453009199716e-08,2.0722422855700812e-10
7995,Normal,1.8700227366354866e-09,0.9999999570600612,1.3466349907276317e-09,3.927199200069417e-08,4.512891518632131e-10
8000,Normal,6.070645732211897e-10,0.9999999843836269,2.700315698058758e-10,1.4554636010804618e-08,1.846409495653393e-10
8001,Normal,4.0942441845047147e-08,0.9999825554023608,1.5937981560120836e-08,1.738094907743845e-05,6.768138456863392e-09
8003,Normal,3.953371077816539e-09,0.9999998941159384,1.7585527027672814e-09,9.8655831415478e-08,1.516306456361701e-09
8004,Normal,4.904709779581254e-07,0.9707210792443094,6.31691421733018e-06,0.029147674673384867,0.00012443869711055813
8014,Normal,8.215479196110542e-09,0.99999993345373,6.631015991565096e-09,4.878514146543757e-08,2.914633312645833e-09
8019,Normal,2.706392120339516e-07,0.9999845745860975,2.668351184327382e-07,1.0557970311505294e-06,1.3832142541186442e-05
8020,Normal,3.592486172683262e-09,0.9999995925278334,2.7559847547947504e-09,1.04541868148029e-08,3.906695088032101e-07
8022,Normal,2.175056986212617e-08,0.9988919840505542,1.0324123005340759e-07,7.733639062547157e-08,0.0011078136212553874
8025,Normal,7.50016957453139e-09,0.9999965919746292,4.7291319472502304e-08,2.5833867072966696e-08,3.3274000145897983e-06
8026,Normal,5.140895521900295e-08,0.9999982660767337,4.5304520778870036e-07,2.211382757428456e-07,1.0083308274402103e-06
8028,Normal,7.106091272824542e-08,0.9999511651168173,2.8817473525205684e-06,2.2114478281244056e-07,4.5660930134627875e-05
8031,Normal,2.7602700814978317e-09,0.9999998501692362,1.8419778783114094e-09,1.4460199742800596e-07,6.265184131099593e-10
8039,Normal,4.883720991856012e-09,0.9999993234897329,3.1588908592977346e-09,6.44739674535179e-07,2.3727980778528118e-08
8042,Normal,6.113707586225669e-09,0.9999998176631565,3.2103567354700707e-09,1.7165657345269575e-07,1.3562058246140062e-09
8046,Normal,6.783813751749191e-09,0.9999999804188237,3.8452526636642786e-09,7.520140032876367e-09,1.431969633680025e-09
8047,Normal,1.6571250856288144e-09,0.9999999273044613,9.946471138553656e-10,6.913517197908122e-08,9.085947747401967e-10
8048,Normal,1.0444700058742564e-09,0.9999999445724628,6.175340902992139e-10,5.336134468003268e-08,4.0418868209185947e-10
8049,Normal,1.4404277420264554e-09,0.9999999759359987,8.173530311458341e-10,2.0871507659573632e-08,9.347128420876893e-10
8051,Normal,3.1194405629176854e-09,0.9999999353682656,1.9179506060667314e-09,5.8769441982029856e-08,8.249014509583564e-10
8053,Normal,1.4611843088688842e-09,0.9999999700537328,8.291406522565077e-10,2.1171666107493105e-08,6.484276161642996e-09
8056,Normal,5.534296135077778e-10,0.9999999888066641,2.826838118383942e-10,1.0166775795639166e-08,1.904468038788867e-10
8057,Normal,5.3541204073277e-10,0.9999999852994981,3.394110928430308e-10,1.3698558990527181e-08,1.271197478722749e-10
8060,Normal,4.582105991379808e-10,0.9999999845873306,2.904707358990645e-10,1.4304217525216393e-08,3.5977040224564793e-10
8063,Normal,1.0504786891603068e-08,0.9999999646412353,7.482124812811524e-09,1.398181807866768e-08,3.390034734660143e-09
8065,Normal,4.473558664751829e-10,0.9999999771829907,3.092862824626867e-10,2.181268792110586e-08,2.47679231998642e-10
8067,Normal,1.3758704085226942e-09,0.9999999730464385,9.513611331748056e-10,2.3074957245090538e-08,1.5513725271165885e-09
8076,Normal,5.55462671522536e-10,0.9999999987495019,2.7958178985155804e-10,2.9927485653791333e-10,1.1617903537235353e-10
8077,Normal,2.98379730032904e-08,0.9999999522801714,8.648471030881434e-09,6.400718855388939e-09,2.8326657971536754e-09
8078,Normal,4.234954902213981e-09,0.9999999422172734,2.7150914765740147e-09,4.955891270658084e-08,1.273767497316932e-09
8086,Normal,2.9211767582609525e-09,0.9999999943438054,1.475575464281555e-09,7.081549694634252e-10,5.512874158724765e-10
8087,Normal,1.0933452256787404e-09,0.9999999766699118,6.373989929264937e-10,2.1030284484854416e-08,5.690594515625304e-10
8094,Normal,8.709236739584211e-10,0.9999999777137412,6.071510077505971e-10,1.8122332606621186e-08,2.6858515842070375e-09
8095,Normal,5.36626124444419e-10,0.9999999896226629,3.0143197429310714e-10,8.919462849882818e-09,6.198162762155489e-10
8098,Normal,1.8525286179607798e-08,0.9999997545519558,1.2758515831205005e-08,2.0360634384230992e-07,1.0557898559586733e-08
8100,Normal,6.701103450932087e-10,0.9999999842262146,4.973652235384651e-10,1.4117415944704414e-08,4.888938138471386e-10
8101,Normal,7.166029635399431e-09,0.9999998301733108,5.31872336353683e-09,1.5096771216975802e-07,6.374223790021358e-09
8102,Normal,2.2608126694234494e-08,0.9999998607147246,1.695388401104364e-08,7.016315717183974e-08,2.9560107671455573e-08
8106,Normal,4.47322843905243e-09,0.9999999619445986,1.4059442933600934e-08,1.8326293056458712e-08,1.1964368989510195e-09
8107,Normal,1.3314668320497828e-09,0.9999999911129837,8.403290942413826e-10,5.878855173642949e-09,8.363652562516896e-10
8112,TWF,2.673897768055837e-09,0.9999998811418985,7.696693385760533e-09,1.0211887150009232e-08,9.827562305604284e-08
8114,Normal,1.3793267703271821e-09,0.9999999892623733,8.194153696477636e-10,3.145200091149348e-09,5.393684339312602e-09
8117,Normal,3.2963365448822124e-09,0.9999999747315893,2.1323313603565517e-09,1.414205399738231e-08,5.697688732558907e-09
8120,Normal,1.346429464959701e-07,0.9999994011643072,1.0161939994894362e-07,3.3592436860435607e-07,2.664897779094263e-08
8122,Normal,8.092311081525553e-10,0.9999999804841458,5.12990060923822e-10,1.7497344774898965e-08,6.962881822154181e-10
8128,Normal,4.190119740252258e-10,0.9999999869846767,2.2381688794624985e-10,1.2011591680134435e-08,3.6090264315906003e-10
8129,Normal,2.991126468363058e-10,0.9999999923128086,1.8961457400525794e-10,6.963913031732638e-09,2.3455134165885323e-10
8135,Normal,1.78494916857757e-09,0.9999999741619732,1.1832870548251621e-09,2.1406083427050047e-08,1.4637071109375774e-09
8139,Normal,1.529547122547618e-08,0.9999994500747278,7.779835799001302e-09,5.247792713511974e-07,2.0706937868429173e-09
8142,Normal,7.456711796467635e-09,0.9999999687351325,4.063506929733626e-09,1.79982763151623e-08,1.7463722566699404e-09
8145,Normal,5.081520540960704e-10,0.999999990451575,2.900841945810321e-10,8.600517514120698e-09,1.4967144484764945e-10
8150,Normal,2.475701510502945e-09,0.9999999776071816,1.447413176181672e-09,1.7792329044652964e-08,6.773745859171464e-10
8152,Normal,4.414465007741434e-09,0.9999999685312112,2.9018765110304444e-09,2.0770855080099123e-08,3.3815922812585685e-09
8155,Normal,8.60535957944015e-09,0.9999999447705764,1.2411506475306328e-08,3.2018574139643156e-08,2.193983211046889e-09
8156,Normal,8.290062578735203e-09,0.9999999295652585,3.098005232708276e-08,3.0566960224476707e-08,5.976665965894659e-10
8159,Normal,8.817873835105442e-09,0.9999999492175856,3.970235839952689e-09,2.3321817192607106e-08,1.4672487458893394e-08
8161,Normal,1.3654969294576998e-09,0.9999999749845425,7.228966753727823e-10,2.195062048516597e-08,9.764432431231159e-10
8167,Normal,1.3411001117061274e-09,0.999999962413107,8.811400121228195e-10,3.477855299515643e-08,5.860999267731637e-10
8174,Normal,7.240714912240281e-10,0.9999999856637032,4.0672346695027847e-10,1.1988381412049339e-08,1.217120392007725e-09
8176,Normal,2.655088286432281e-09,0.9999999509406075,1.5943101172969396e-09,4.330682386113766e-08,1.5031703850299055e-09
8178,Normal,1.864683877772763e-09,0.9999999635172749,1.2374889429411175e-09,3.284096974240243e-08,5.3958251077576e-10
8182,Normal,1.518557058305922e-08,0.9999998133867225,1.2533149434561821e-08,1.3052353745726343e-07,2.8371019979475316e-08
8183,Normal,2.737899331743178e-09,0.9999999772651925,1.8171507342040803e-09,1.5528832880489788e-08,2.650924352286475e-09
8190,Normal,1.1248050183561081e-06,0.9218092660645308,1.0013001597014251e-06,8.012944425722538e-06,0.07818059488586529
8191,Normal,2.127285498458055e-08,0.9999924979449921,8.94980100255056e-09,3.695963676684232e-08,7.4348727150558355e-06
8192,Normal,6.24755563164457e-08,0.994978228591311,2.5304053386727566e-08,1.0193431557684218e-07,0.0050215816947637385
8194,Normal,4.040371530364924e-06,0.9901140963205841,5.484424734032315e-06,7.5808271182471725e-06,0.009868798056033126
8198,Normal,6.21467910131509e-08,0.9999500419909341,8.06600065636129e-10,9.576738248841735e-08,4.97992882924713e-05
8205,Normal,4.5317855463893905e-09,0.9999999403431696,3.0038264466354475e-09,3.715811558849417e-08,1.49631028583534e-08
8212,Normal,7.024563422810204e-09,0.9999999736694749,4.4216579738251665e-09,9.50500524372682e-09,5.3792984126107065e-09
8217,Normal,1.675175638663925e-05,0.9481007943287659,3.874069719940535e-05,0.05182871803541054,1.4995182237315751e-05
8220,Normal,4.748612504069974e-09,0.9999999797933943,1.948295721213003e-09,1.042628044829232e-08,3.0834170610513484e-09
8221,Normal,1.994814488564426e-09,0.9999999919814032,6.68959233627828e-10,4.450276064122476e-09,9.045469197690521e-10
8223,Normal,5.7094307904752246e-09,0.9999999694592674,3.5938364777644618e-09,1.923230127506463e-08,2.0051640656556146e-09
8224,Normal,2.2682929871226907e-08,0.9999997200112885,1.689166866067418e-08,2.3710942024691918e-07,3.3046927817423832e-09
8231,Normal,1.561762995563808e-08,0.9999999433750789,9.831313897515884e-09,1.8649909379795242e-08,1.2526067813185728e-08
8234,Normal,1.4930913645733351e-09,0.99999999472088,7.869315709579334e-10,2.6198750296280833e-09,3.792220335299275e-10
8235,Normal,9.011763753846803e-09,0.9999999688545814,6.06279979483033e-09,1.2738770081006013e-08,3.3320848481828416e-09
8236,Normal,3.829979081058101e-09,0.999999987770351,1.8492960992687645e-09,5.684922907931339e-09,8.654508068498085e-10
8239,Normal,4.0007915936178254e-09,0.9999999859260578,1.6742325644204686e-09,5.892722161850764e-09,2.5061958994796097e-09
8240,Normal,2.3922235595063626e-07,0.9999990159180906,2.138742567277841e-08,7.189601367934424e-07,4.511990982135089e-09
8242,Normal,2.4774179530468603e-09,0.9999999683273592,8.880493037006743e-10,2.2280770798537044e-08,6.026402799844634e-09
8245,Normal,4.11177430994364e-09,0.9999999778780411,1.6876910071937111e-09,1.5486707957633293e-08,8.357854532699251e-10
8247,Normal,4.918673632906812e-09,0.9999999758816075,1.8276526922326312e-09,1.6342771738854018e-08,1.0292945581294087e-09
8257,Normal,1.6971256413401675e-08,0.9999998931144095,9.176666751885784e-09,7.807017742529169e-08,2.6674899900231313e-09
8260,Normal,3.4839012710596837e-09,0.9999999858217214,1.7987642025688921e-09,7.409497384575975e-09,1.4861157389539537e-09
8263,Normal,4.184039108855594e-07,0.9999484482256715,2.583400025164672e-07,9.51021764063993e-07,4.9924008651062e-05
8265,Normal,5.38610561522956e-09,0.9999999793669212,2.3908114762947126e-09,1.155924291070458e-08,1.2969188096738995e-09
8271,Normal,7.246741874845414e-09,0.9999999642264263,3.867124838760544e-09,2.1891979799949474e-08,2.76772716204274e-09
8275,Normal,1.2102446513646817e-08,0.9999998167011445,1.1537185378075357e-08,1.555967616443817e-07,4.0624619929743765e-09
8277,Normal,1.1072324724344408e-08,0.9999868454989365,1.2955994315369475e-05,1.686264525222624e-07,1.880797090504134e-08
8278,Normal,3.4723555916162084e-07,0.9992563062726679,0.0007377497567557658,3.5197231960303304e-06,2.077011821290175e-06
8279,Normal,1.615334407518163e-07,0.9991955976016954,6.389082592280068e-05,1.853419841033055e-06,0.0007384966190998734
8283,Normal,2.0443170438145122e-09,0.9999996626318596,2.082331629992448e-11,3.036864300170876e-08,3.049343570721189e-07
8287,Normal,1.800233146894251e-09,0.9999999800373665,8.877320399205666e-10,1.67107239956185e-08,5.639443248050667e-10
8291,Normal,9.645191982266363e-10,0.9999999896559523,4.756244281944359e-10,8.534575701552833e-09,3.693285092711788e-10
8293,Normal,7.222772446647433e-09,0.9999999350158422,3.561689698986358e-09,5.221104602129781e-08,1.9886497492343617e-09
8294,Normal,5.37570444057733e-09,0.9999999756734131,1.7278705987977996e-09,1.6306078881615832e-08,9.169327931584942e-10
8296,Normal,2.1581035329408934e-08,0.9999999107042992,8.854418296129665e-09,5.392236402287928e-08,4.937883380641747e-09
8301,Normal,1.9707400057902247e-09,0.9999999825701017,7.492191268055491e-10,1.4253268593349843e-08,4.566706450247928e-10
8319,Normal,1.5090370046592783e-09,0.9999999970686082,5.408791706353876e-10,4.929835193766827e-10,3.8849208235576073e-10
8323,Normal,2.95714409191111e-09,0.9999999958423673,5.415807575541793e-10,4.0189019451163353e-10,2.570175470252325e-10
8331,Normal,6.438021630911418e-09,0.9999999820250357,2.3922033549181515e-09,6.914319513516628e-09,2.2304201031406392e-09
8332,Normal,5.215603510861393e-09,0.9999999874566422,1.5464635479736628e-09,4.941960038303272e-09,8.39330553141204e-10
8334,Normal,4.637539638572149e-09,0.9999999857726309,1.3743722839724415e-09,7.552039296343173e-09,6.634177050030688e-10
8340,Normal,1.4668699578152966e-09,0.9999999744226551,5.887286264232738e-10,2.3209811840805336e-08,3.119344963070309e-10
8344,Normal,3.1792024212821634e-09,0.9999999784055402,1.0529811798154046e-09,1.6904749228318407e-08,4.5752685140660243e-10
8345,Normal,1.6413912124638599e-09,0.9999999631764258,9.051965488829961e-10,3.3940374567051347e-08,3.3661175805710807e-10
8350,Normal,2.718096021198278e-09,0.9999999862510245,1.204472248640976e-09,8.202131489767941e-09,1.6242757722497705e-09
8352,Normal,3.933504696336988e-09,0.9999999794917502,1.742205234417032e-09,1.2066979879345555e-08,2.7655599960061368e-09
8353,Normal,3.823487994356168e-09,0.9999999796286856,2.465572223010438e-09,1.1516519448563457e-08,2.5657349821849408e-09
8355,Normal,5.949963217332271e-09,0.9999999014013423,8.497371002752248e-08,6.293770933471594e-09,1.3812135497835005e-09
8361,Normal,1.425966766611787e-09,0.9999999962698194,5.421042628706099e-10,9.551922322438967e-10,8.069174690914933e-10
8362,Normal,8.455385070354171e-10,0.9999999981669769,2.982667800163462e-10,5.798999826713006e-10,1.0931788557680168e-10
8364,Normal,8.445519398520669e-10,0.999999998148579,3.210927383618958e-10,5.657609416446455e-10,1.200152919276765e-10
8367,Normal,5.335215164231057e-09,0.9999999834393576,1.7892105474725637e-09,5.62046100434804e-09,3.815755677759828e-09
8375,Normal,9.134986773854354e-06,0.9999879224609233,1.4128889798839392e-06,1.443328672330374e-06,8.633465050398507e-08
8379,Normal,1.7379189013187332e-05,0.9999497957372977,3.33326075866108e-06,1.4645687843026907e-05,1.484612508749136e-05
8387,Normal,9.136164190590537e-10,0.9999999979898573,3.0638933334198377e-10,2.384623004301034e-10,5.516745058370914e-10
8388,Normal,8.247397712845359e-08,0.9999999062115948,5.608627440121248e-09,1.8620726339308976e-09,3.843728068751077e-09
8390,Normal,3.9704255499120775e-09,0.9999999928532313,1.5094425214952485e-09,1.102734570929113e-09,5.641660280183096e-10
8395,Normal,1.0523589720094128e-09,0.9999999978281013,3.771940840924228e-10,3.0335914529630203e-10,4.389866246456613e-10
8402,Normal,1.6458151984856872e-09,0.9999999968484123,3.979461934115874e-10,3.628149612756706e-10,7.450112929777938e-10
8403,Normal,6.297737353013473e-08,0.9999999205960614,6.082288664197501e-09,9.387091959243418e-09,9.571846870730805e-10
8409,Normal,1.1440715506265178e-09,0.9999999974606155,3.33031840596262e-10,8.275190275922612e-10,2.347621047079909e-10
8412,Normal,1.0362446607007181e-08,0.9999999690730034,3.850418802481337e-09,1.3124416586927634e-08,3.589714837215008e-09
8413,Normal,5.819227715428483e-09,0.9999999909374783,9.808253338081864e-10,1.8394652332497146e-09,4.2300347079726205e-10
8415,Normal,1.0842161277785753e-08,0.9999999581656132,4.668886554941691e-09,2.068261327625126e-08,5.640725619075295e-09
8419,Normal,6.365074454372953e-07,0.9998168185029627,3.261296204196215e-07,9.948709976585658e-05,8.273176020549528e-05
8423,Normal,2.0184350672956387e-05,0.999888318521915,7.222183136955467e-06,7.953647392437861e-05,4.738470351007581e-06
8425,Normal,6.005415255529465e-09,0.9999999698240838,3.378858823718759e-09,1.9322049579725266e-08,1.4695924916561934e-09
8426,Normal,6.540568342240254e-08,0.9999996629844013,4.3471823879051534e-08,1.186842561684811e-07,1.0945383507065678e-07
8427,Normal,9.140469268001493e-10,0.9999999960191379,6.074705190396266e-10,2.1269045574885533e-09,3.324400297302605e-10
8429,Normal,2.9553203248137303e-09,0.9999999469990838,1.1205731850464714e-09,4.779424982671187e-08,1.130773000846949e-09
8430,Normal,3.838763049036336e-09,0.9999999348070672,2.116962784822649e-09,5.7779852015955544e-08,1.4573550387670367e-09
8431,Normal,3.475189482354418e-08,0.9901445589187341,0.009843664088945915,1.1728373530246276e-05,1.3866895079534886e-08
8434,Normal,5.497962365515612e-09,0.9999989551728395,2.4505580349299344e-09,1.0357509151381856e-06,1.1277250336503005e-09
8437,Normal,4.76917000570797e-07,0.9997796867963147,0.00021924932806563868,2.655667973175448e-07,3.213918216393361e-07
8442,Normal,1.8277015151312945e-09,0.9999999953686116,6.948295217162949e-10,1.7660474412272032e-09,3.4280972282222834e-10
8443,Normal,2.246991382482177e-09,0.9999999947472606,8.542300112445271e-10,1.7289311517297448e-09,4.2258663697401337e-10
8451,Normal,2.03565335755278e-09,0.9999999946715512,7.738984793471879e-10,2.082616801597281e-09,4.3628019094084535e-10
8457,Normal,1.2671268362667996e-09,0.9999999972423337,4.817254731879314e-10,7.150364662016879e-10,2.9377745024347705e-10
8458,Normal,1.708731960447629e-09,0.9999999959829453,5.785140617598898e-10,1.1716489958094001e-09,5.581596164816544e-10
8461,Normal,8.295968690595698e-09,0.9999999854022583,3.994571361857927e-09,1.881171151815713e-09,4.260304396900765e-10
8462,Normal,9.125108764798488e-10,0.9999999982489634,3.2189605141462224e-10,3.9865311068616365e-10,1.1797660160075092e-10
8469,Normal,9.029873008821685e-10,0.999999998037675,3.0282397822012864e-10,2.5649037096102635e-10,5.000234228037368e-10
8470,Normal,1.7038098329131495e-07,0.9567065639540207,3.1034179889762064e-07,0.04327182840367584,2.1126919521391505e-05
8471,Normal,3.0789997354397643e-09,0.99999999247299,1.0861419982104613e-09,1.5082791475758672e-09,1.853589157713817e-09
8472,Normal,6.125573625146068e-08,0.9999999324617436,2.538906522090074e-09,1.2501452833079084e-09,2.493468278656798e-09
8475,Normal,1.0438631941871315e-09,0.9999999980824494,3.7414952127130203e-10,3.0091054916458167e-10,1.9862702929325455e-10
8478,Normal,6.222304616870681e-10,0.9999999988077177,2.2302394876788257e-10,2.2947831124507465e-10,1.1754953243401514e-10
8480,Normal,6.652983662449811e-10,0.9999999987328809,2.703255306342603e-10,2.198749347481101e-10,1.1162023036037616e-10
8488,Normal,2.6063235496956902e-09,0.9999999938055557,8.625947194393277e-10,2.354604393689416e-09,3.7092154171516265e-10
8490,Normal,2.466984291515126e-09,0.9999999936200437,1.2603434486640982e-09,2.145517442565746e-09,5.071110924243034e-10
8492,Normal,1.5120589573056124e-09,0.9999999964069279,5.618422425195343e-10,1.3103575643668617e-09,2.0881319124642244e-10
8494,Normal,2.1244426593457324e-09,0.9999999941911608,6.18411731559549e-10,1.5366323663533417e-09,1.5293523106636578e-09
8506,Normal,2.8301099987897937e-09,0.9999999859468116,1.449906041680811e-09,9.055638782791693e-09,7.175335216938584e-10
8508,Normal,2.361272639028989e-09,0.9999999879227582,1.275159147173093e-09,7.96423548305573e-09,4.765745552065409e-10
8512,Normal,3.057812808098201e-09,0.9999999845129925,1.5647008630430505e-09,1.0291040991546809e-08,5.734528890825661e-10
8515,Normal,2.1223627292250716e-09,0.9999999876460551,2.4576436675083163e-09,7.096605327596201e-09,6.773330180959143e-10
8516,Normal,1.664256063045614e-09,0.9999999916321304,9.497724315137895e-10,5.246141763104465e-09,5.076993483871976e-10
8517,Normal,3.6541271662106755e-08,0.9999997886324836,2.3563801227326412e-08,1.2685992823439492e-07,2.4402515299047273e-08
8519,Normal,1.7816987126178474e-08,0.9999999150452016,7.18977144717212e-09,4.7421303536660956e-08,1.2526736325687443e-08
8537,Normal,9.40502372564031e-10,0.9999999978818166,3.1540860087114895e-10,6.198434471103014e-10,2.424289148255714e-10
8540,Normal,1.4519741469814138e-09,0.9999999974274163,5.519991471982339e-10,3.6230704094170435e-10,2.063033460389093e-10
8546,Normal,4.4705534990840264e-09,0.9999999911461496,1.6995754529335733e-09,1.160856770484972e-09,1.5228648402153444e-09
8551,Normal,1.7924032224539e-09,0.9999999966944988,6.322919899240455e-10,5.038673730216743e-10,3.7693850177098416e-10
8552,Normal,2.549656795659906e-09,0.9999999958780836,6.00364311894767e-10,6.82196520703827e-10,2.8969880630469497e-10
8554,Normal,7.671376796353345e-10,0.9999999985995738,1.8910333788158752e-10,2.390609060333933e-10,2.0512421365325587e-10
8561,Normal,1.608465195057774e-09,0.9999999946419156,5.820202385368241e-10,2.813239561261823e-09,3.543593935594525e-10
8563,Normal,5.613690800869289e-08,0.9999999302028679,6.795636893028189e-09,5.3536373668002026e-09,1.5109496909576432e-09
8565,Normal,3.2532372423926306e-09,0.9999999902872593,8.019255891898531e-10,4.997433275186051e-09,6.601445213175909e-10
8570,Normal,3.624883674141719e-09,0.9999999895494361,1.3469113250255465e-09,4.5622315926323246e-09,9.165372084995702e-10
8571,Normal,3.1964298717494634e-09,0.9999999913334815,9.304438589570244e-10,1.7890851621414375e-09,2.7505594491464066e-09
8573,Normal,3.871725190873886e-09,0.9999999876557933,1.1270160856075974e-09,4.187522273174828e-09,3.1579431298304268e-09
8580,Normal,3.6346445626322238e-09,0.9999999804998622,1.2261388062456523e-09,1.237524253694124e-08,2.264112061710204e-09
8583,PWF,4.44353871518711e-07,0.039857272356937874,4.336114476250325e-07,0.9598911311294064,0.0002507185483366127
8587,Normal,1.2600716307534236e-08,0.9999999208086783,5.057206323506554e-09,4.699090924605563e-08,1.4542489931901303e-08
8590,Normal,4.542577851868847e-09,0.9999999292189291,1.932034600769768e-09,6.312186146184916e-08,1.1845968983499493e-09
8595,Normal,8.305318701106144e-09,0.9999997613093697,1.5815638409614533e-07,6.599791222479062e-08,6.231015245521372e-09
8600,Normal,7.441511866448435e-08,0.9999994070304487,4.808227800915293e-08,3.6534885657279937e-07,1.0512329803226729e-07
8604,Normal,1.2270247883364056e-07,0.9999594794896098,1.6979973456913746e-07,1.0787682851444098e-06,3.9149239891577456e-05
8605,Normal,1.0250981918127166e-10,0.0003955640749900241,0.9996044330770433,6.107611638171982e-10,2.1346956173891665e-09
8607,Normal,1.2651708937830187e-08,0.9999870201732028,8.132097550593876e-11,7.534332720878322e-08,1.2891750439928414e-05
8611,Normal,4.2267862993319e-09,0.9999999796720571,1.6067819049873884e-09,1.2544156151529979e-08,1.950218486194888e-09
8612,Normal,2.659756762656824e-09,0.9999999893816433,9.382484953224652e-10,5.4480944996276196e-09,1.5722566740582982e-09
8616,Normal,9.733036715357596e-10,0.9999999971589555,3.3028120560002654e-10,1.2460342348607192e-09,2.914254715167728e-10
8618,Normal,2.565299666887185e-09,0.9999999934433741,9.753089844349254e-10,2.104570547680525e-09,9.114467060387519e-10
8619,Normal,7.821892387719878e-09,0.999999978345792,2.9736567380459887e-09,6.416671275992773e-09,4.441987544370681e-09
8620,Normal,3.6992043320323508e-09,0.999999993087515,8.531693975017515e-10,1.2554388323090196e-09,1.1046724631793693e-09
8621,Normal,1.7888568568432451e-09,0.999999995375501,6.310336888439824e-10,1.890699647793775e-09,3.1390897232546047e-10
8622,Normal,1.3482140752551653e-09,0.9999999974175915,2.1911240509634345e-10,8.277130145403885e-10,1.8736909134015657e-10
8628,Normal,1.2964009637640987e-08,0.999999983349479,1.4812499371069256e-09,7.560743905595776e-10,1.4491869978978486e-09
8634,Normal,7.110694572399691e-08,0.9999999116073528,8.609923496453636e-09,4.0444154323586436e-09,4.631362506883798e-09
8635,Normal,2.8981207514303873e-09,0.9999999943314193,9.811771096121582e-10,1.2310516635699928e-09,5.582309106504984e-10
8637,Normal,1.1541314577165236e-09,0.9999999972152684,4.387671130941534e-10,8.761621608403855e-10,3.1567080915597483e-10
8638,Normal,3.0765837261988913e-09,0.9999999902570335,1.085289731458252e-09,2.5849316131083053e-09,2.9961618166240567e-09
8653,Normal,1.0030879377820798e-08,0.9999999749851476,2.4253540689342496e-09,5.4460309207148545e-09,7.112588048462361e-09
8656,Normal,5.854221484580857e-08,0.9999997757593658,6.484111468757228e-08,1.0013923748376623e-07,7.180672094741927e-10
8661,Normal,5.604761999674564e-09,0.9999999908782512,9.130939746862192e-10,1.7801486661479934e-09,8.237441600026864e-10
8664,Normal,1.0197528712599223e-08,0.9999999644936527,3.789133285436518e-09,1.4125747406864506e-08,7.393937873864999e-09
8674,Normal,1.7716605246991642e-09,0.9999999935544464,9.076485050182985e-10,3.1688429882333716e-09,5.9740169903913e-10
8675,Normal,6.8116984111885226e-09,0.9999999670088067,2.733828846031712e-09,1.2178815393640169e-08,1.1266850770800928e-08
8680,Normal,6.678721415042737e-08,0.9999524444431241,7.89113714536274e-08,4.739568271397182e-05,1.4175576562128892e-08
8681,Normal,3.032765298072035e-09,0.9999999647456953,1.6724817515375792e-09,2.9659877123651087e-08,8.891805916715603e-10
8683,Normal,5.819500011777414e-09,0.9999999568315697,9.757107661085186e-09,2.5836829660905898e-08,1.7549930828880372e-09
8684,Normal,2.279838053660527e-09,0.9999999797552133,1.8764074404727163e-09,1.5139487422877447e-08,9.490538537147915e-10
8687,Normal,9.171434444933137e-09,0.9999998757413432,2.5973383785177466e-08,8.616092588654156e-08,2.9529126324798732e-09
8691,TWF,8.193880138743563e-08,0.9999950423644536,4.48066486863682e-08,8.394394243749648e-08,4.746946153804364e-06
8692,Normal,2.134307486816069e-09,0.9999999904540106,8.11341206338702e-10,5.237022172453827e-09,1.3633187381036212e-09
8699,Normal,2.824138819020745e-09,0.9999999949473835,6.514123136851058e-10,9.89080198700616e-10,5.879851021336181e-10
8701,Normal,1.9732497537398845e-09,0.9999999956569685,4.5510301903793236e-10,1.6569958560149194e-09,2.576826884865193e-10
8704,Normal,5.1265336329244515e-09,0.9999999903460121,1.7817504979570359e-09,2.3724288326734153e-09,3.7327493855466036e-10
8709,Normal,5.110907327963826e-09,0.9999999940074966,3.1635257115870754e-10,3.4460870410820255e-10,2.2063480960576703e-10
8713,Normal,1.086965851395841e-09,0.9999999977809417,4.1323302098280037e-10,4.456198223111867e-10,2.7323956358394316e-10
8714,Normal,4.22916095927503e-09,0.9999997087895296,1.6079419704413654e-09,1.5329397995210655e-09,2.838404278661213e-07
8715,Normal,2.4529610980123802e-09,0.9999999957149257,5.657499467996665e-10,6.555179154677392e-10,6.108454569114269e-10
8719,Normal,1.9739728022957765e-09,0.9999999955720347,7.504481438082499e-10,1.371253573638187e-09,3.322908003468674e-10
8720,Normal,1.0530691924468448e-09,0.999999998034711,3.7147920496321886e-10,3.6315052970139567e-10,1.7758999374188016e-10
8721,Normal,2.056457313755317e-09,0.99999999488641,7.818064018580826e-10,9.617356254707041e-10,1.31359085196071e-09
8729,Normal,3.4566579366865943e-09,0.9999999908189198,8.52081031637581e-10,1.2299182150584532e-09,3.6424229512140046e-09
8732,Normal,2.8769210344811586e-09,0.9999999946348002,6.994571319033428e-10,1.1056120762002758e-09,6.832094537566871e-10
8736,Normal,3.076800589466817e-08,0.9999999637680446,2.456499361781363e-09,1.5807766037436273e-09,1.4266736298905756e-09
8737,Normal,2.6533096015108504e-09,0.999999989764894,1.05749197236611e-09,5.962078133485762e-09,5.622263332405007e-10
8744,Normal,9.269418145237941e-09,0.9999999875808915,5.922018798389433e-10,1.3586959887379643e-09,1.1987924569816963e-09
8745,Normal,6.832374783617568e-09,0.9999999804735561,1.9888294386974855e-09,8.28063322111794e-09,2.424606389928368e-09
8747,Normal,3.168734021931911e-09,0.9999999907412657,1.1774218600700982e-09,4.390302333141092e-09,5.222762226721749e-10
8751,Normal,1.7386277990419922e-08,0.9999999094599912,7.48693099282074e-09,5.943099366263091e-08,6.2358062852676766e-09
8752,Normal,5.7576806874183704e-09,0.9999999792648342,2.3108087299866135e-09,1.0294317824564334e-08,2.3723585332451546e-09
8755,Normal,7.895764620852139e-09,0.9999999692529921,4.045108933444686e-09,1.4122550639688194e-08,4.683583647768706e-09
8757,Normal,1.4476489760956584e-08,0.9999997849069399,7.416499209078458e-09,1.8616677039496534e-07,7.033300818930814e-09
8758,Normal,1.3704526582941385e-09,0.9999999820178874,7.400866052363719e-10,1.5446029048358925e-08,4.255442203665402e-10
8765,Normal,2.1703292513552e-09,0.9999999485167046,1.267781693189784e-09,4.723182463409618e-08,8.133596888608434e-10
8766,Normal,3.825081110122142e-09,0.9999999335588996,6.247387131077816e-09,5.3447686371632644e-08,2.9209460442041174e-09
8773,Normal,1.8914828081389947e-09,0.9999999912905023,7.190327437999712e-10,5.61349541897533e-09,4.85486753792933e-10
8777,Normal,8.974129714059e-09,0.9999999888619501,6.308651272080227e-10,1.2139762069388466e-09,3.1907878345398477e-10
8778,Normal,9.34007638529135e-10,0.9999999982803192,2.1541571178581944e-10,3.169752708575914e-10,2.5328233061314827e-10
8780,Normal,4.7526770565555566e-08,0.999999941543812,4.4474892897244445e-09,5.324543062661881e-09,1.1573849978413176e-09
8793,Normal,1.1071132031428151e-09,0.9999999977535929,3.993332445188067e-10,3.9849982602454003e-10,3.414606154091087e-10
8797,Normal,8.667229435587013e-09,0.9999999800365322,3.2950331947191724e-09,5.440076487932246e-09,2.5611285463077856e-09
8800,Normal,8.624495352348864e-09,0.9999999643627461,3.042360318429542e-09,7.246980519016399e-09,1.6723417872357384e-08
8801,Normal,2.0910436032420907e-09,0.9999999943540774,7.374946950878908e-10,1.7570601283054259e-09,1.060324369931045e-09
8807,Normal,9.597862475038312e-10,0.9999999975060716,3.899823701206065e-10,8.618746141592329e-10,2.8228529090671607e-10
8812,Normal,1.9526212195344523e-09,0.9999999952643142,7.933936980614575e-10,1.4497734502174374e-09,5.398974393903801e-10
8815,Normal,6.207489818320428e-09,0.9999999819167226,2.216165080985629e-09,8.630382195629662e-09,1.0292403831923738e-09
8817,Normal,2.0380693846358203e-09,0.9999999963612236,4.928302519387457e-10,6.630063964742079e-10,4.448703909001738e-10
8818,Normal,1.3382886399684396e-07,0.9999998539738755,2.3766799570256863e-09,7.659758696161405e-09,2.1608219435519313e-09
8835,Normal,5.815553340957647e-09,0.9999999167416098,2.9144089232135266e-09,7.052407163326836e-08,4.004356290667211e-09
8838,Normal,2.30900005752874e-09,0.9999999491426684,8.754937122740626e-10,4.666236608293119e-08,1.0104718223340286e-09
8839,Normal,3.8788810318362185e-09,0.9999999765063873,1.486562730597678e-09,1.7573053279038863e-08,5.551155083604233e-10
8840,Normal,1.3176933357960305e-08,0.9999999166034333,2.0783411374525457e-09,5.3830154461004235e-08,1.431113776901569e-08
8851,Normal,7.375248197515551e-10,0.9999999978116152,2.8038237024165387e-10,1.0410540124694988e-09,1.2942366275471854e-10
8853,Normal,7.930904954838825e-10,0.9999999976150864,3.0151038024214235e-10,1.1196747305119817e-09,1.70638025040902e-10
8855,Normal,9.308431259961365e-09,0.9999999703036713,2.1468589448025883e-09,1.4888753847003914e-08,3.352284905154617e-09
8857,Normal,0.0003337149492906704,0.992836936206511,1.2876258112221038e-05,0.006692297741947857,0.00012417484413836677
8858,Normal,3.757186556804238e-09,0.9999999868178906,1.4283738708425138e-09,4.6879852573159185e-09,3.3085639099708194e-09
8860,Normal,1.435195349879574e-09,0.9999999918789136,5.062774899922677e-10,5.994077229766173e-09,1.8553638120554175e-10
8865,Normal,7.4081898003178e-10,0.999999998613434,1.7085970262706744e-10,3.2709340670545904e-10,1.4779372056950433e-10
8866,Normal,4.422347764225285e-09,0.9999999925927407,1.935923409576846e-09,8.735843736638769e-10,1.7540366792054882e-10
8869,Normal,1.4881676051254726e-09,0.999999996491433,7.778721630665821e-10,9.151453408148811e-10,3.273818824128433e-10
8870,Normal,1.7290021320725195e-09,0.9999999959123576,6.573172837767999e-10,1.038510761740552e-09,6.628122293452388e-10
8874,Normal,1.2056362870496116e-09,0.9999999976244065,2.780630352644639e-10,3.769425730944697e-10,5.149516405451797e-10
8877,Normal,1.2777115246796249e-09,0.9999999979286125,2.9469134290251547e-10,2.2411006129893518e-10,2.7487445773001453e-10
8880,Normal,1.7828619278214911e-09,0.9999999966201145,7.244166988948951e-10,6.01882126310844e-10,2.707246975836137e-10
8887,Normal,6.53379545290214e-10,0.9999999979669143,2.6548273084890027e-10,1.0156626605527734e-09,9.856070115192728e-11
8892,Normal,1.1683236449804864e-09,0.9999999962030479,3.4008578596209165e-10,1.1688993100412112e-09,1.1196431667454191e-09
8895,Normal,1.9530256282660446e-09,0.9999999938034143,5.685040105242874e-10,2.3315656580097246e-09,1.343490438093484e-09
8898,Normal,4.688700290926337e-09,0.9999999855509372,1.3648284389921532e-09,6.254339226120108e-09,2.141195017611582e-09
8899,Normal,3.803768411859814e-09,0.9999999881614564,1.4133825696535528e-09,5.269031675963222e-09,1.3523611328299008e-09
8906,Normal,8.028071035888942e-09,0.9999999626311472,8.536453116960632e-09,1.9216300829844823e-08,1.5880278185601114e-09
8907,Normal,1.6794712186308573e-09,0.9999999751654458,8.604170779578755e-10,2.1819280222105375e-08,4.75385791018471e-10
8908,Normal,1.930830411734256e-09,0.9999999902969087,7.749380291031584e-10,6.4961720423193486e-09,5.011508633789088e-10
8910,Normal,2.2298386986868365e-09,0.9999999886929382,1.2041808160367022e-09,7.33984511446944e-09,5.331972853999893e-10
8911,Normal,8.121443756386597e-09,0.9999999249642778,4.385834982035366e-09,2.6733022933235426e-08,3.5795420564460836e-08
8920,Normal,5.882227539211624e-09,0.9999998945731632,3.4354935327052614e-09,9.386769295089758e-08,2.2414225478219097e-09
8922,Normal,1.0318310015771142e-09,0.9999999932812751,6.025739422466145e-10,4.708074645457732e-09,3.762451785407759e-10
8923,Normal,3.649625635874537e-09,0.9999999765546005,2.1953543317885956e-09,1.6580690089230764e-08,1.0197295517471633e-09
8930,Normal,2.279224815845367e-09,0.9999999160162891,1.463137233491184e-11,1.3567768111476347e-08,6.812208655102179e-08
8931,Normal,2.3543367725649724e-09,0.9999999892182884,8.949837120376648e-10,6.987143309262327e-09,5.452480767966355e-10
8933,Normal,1.9527258059144316e-09,0.9999999949301115,6.88831121869327e-10,1.846463826172611e-09,5.81867650445304e-10
8935,Normal,1.0193668672450097e-09,0.9999999974381328,3.875342865867932e-10,9.40853679635075e-10,2.1411255072173332e-10
8937,Normal,1.3525864918343688e-09,0.9999999965564508,4.771359027042427e-10,1.1094218842694774e-09,5.044050379924742e-10
8938,Normal,8.058169938272029e-08,0.9999999090771414,4.409747356301815e-09,3.919142142260632e-09,2.0122697336026503e-09
8939,Normal,1.3449083925781091e-08,0.9999999711107337,3.101846121797329e-09,8.561750122814444e-09,3.776586221686246e-09
8960,Normal,4.4266679373502385e-09,0.9999999595790606,2.2206834712442986e-09,3.2503274133783975e-08,1.2703138213929171e-09
8963,Normal,4.60644749248129e-09,0.9999999285756889,1.8717012688798396e-09,6.349513180340551e-08,1.451030467809828e-09
8965,Normal,6.04697901184754e-09,0.999999969712523,1.4906137243753794e-09,2.1905922647558484e-08,8.439615582955632e-10
8974,Normal,2.4174344674845167e-08,0.9999999320119122,8.268477873386998e-09,3.1131324177367415e-08,4.413941315125322e-09
8986,Normal,7.512831811460021e-10,0.999999997387294,2.7915758051979236e-10,1.4584554690058412e-09,1.238097127582405e-10
8988,Normal,2.8839596995615156e-09,0.9999999848292722,1.0716055307109602e-09,1.0623103520090121e-08,5.92059032051247e-10
8993,Normal,4.269795129596444e-09,0.9999999654758222,1.713678211640332e-09,2.7119127896041728e-08,1.4215765506364738e-09
8996,Normal,3.9670413448468484e-09,0.9999999530788306,1.8858246590497577e-09,4.016678972643297e-08,9.015134772637372e-10
8999,Normal,5.954952747834303e-09,0.9999999612270998,3.047248345764613e-09,2.8313993479187783e-08,1.4567057903525922e-09
9003,Normal,1.8448619457521498e-08,0.999999785796802,1.017388655987525e-08,1.486972654350328e-07,3.6883426075644446e-08
9004,Normal,7.89946923852828e-09,0.9999999616414453,2.2051494239279303e-09,2.7523849791775833e-08,7.300862319573225e-10
9006,Normal,1.6856115684903844e-07,0.9915064653818764,0.008455521667060603,3.779811185440238e-05,4.627805180842159e-08
9007,Normal,9.991213300174952e-09,0.9999998262631846,5.1903617494610505e-09,1.5320277566318863e-07,5.3524649602209214e-09
9018,Normal,1.5892265938638605e-07,0.9997980182142235,0.00019778242676512934,3.085928520813595e-06,9.545078311172017e-07
9019,TWF,4.9405470661316115e-09,0.9999997892447856,9.358816180163018e-09,1.9045250226125372e-07,6.003348675153046e-09
9021,Normal,3.334066402675313e-09,0.999999989426907,1.2674989969059e-09,4.560733254794416e-09,1.410794331998821e-09
9025,Normal,2.286079389262309e-09,0.9999999950477958,6.518051384271404e-10,1.158565129139068e-09,8.55754584576635e-10
9044,Normal,5.9223112288122965e-08,0.9999998968574242,7.1393362922014065e-09,4.447461806211693e-09,3.2332665384284195e-08
9047,Normal,1.4252334520099336e-09,0.9999999964350472,5.418323913700653e-10,1.0819719201977981e-09,5.159150244460725e-10
9051,Normal,1.6514687516548223e-09,0.9999999964945787,3.8088826358128965e-10,7.423892476202069e-10,7.306749749351634e-10
9052,Normal,3.1676150789240716e-09,0.9999999919201851,1.2042354274480685e-09,2.4046930083383e-09,1.3032715194870623e-09
9062,Normal,1.8603459523946253e-09,0.999999996300184,4.4985831110522477e-10,7.791118963002298e-10,6.104999017766572e-10
9063,Normal,4.316770734748929e-09,0.9999999855570638,1.5344090413014106e-09,7.023217381809142e-09,1.568539008407469e-09
9065,Normal,3.340339620233337e-09,0.9999999913826328,1.2411828415696216e-09,2.942174688362521e-09,1.0936701123965191e-09
9075,Normal,8.608054303568155e-09,0.9999999236788903,2.90395478648412e-09,5.9478398640155466e-08,5.3307018466794695e-09
9076,Normal,9.15947608172291e-09,0.9999999099653395,4.6925318095257e-09,5.761614586890152e-08,1.856650692735112e-08
9077,Normal,3.9005862062340915e-09,0.999999961279451,1.8542340400022073e-09,3.207931763310595e-08,8.864111386265543e-10
9082,Normal,1.3036881030331841e-08,0.999999846673739,7.040314396124631e-09,1.0642278271896685e-07,2.6826282807081247e-08
9086,Normal,8.931971835745627e-08,0.999999822394277,2.822235381589174e-09,8.358784235369462e-08,1.8759268020671144e-09
9090,Normal,2.0589123318027466e-07,0.9999888228180317,1.2045936315682593e-07,7.686731373578093e-06,3.1640999983976906e-06
9091,Normal,8.010804935948105e-09,0.999999868839886,1.1640087240960637e-08,1.0827607593024649e-07,3.233145890949179e-09
9092,Normal,4.389189365510046e-09,0.9999999378302761,6.379049586265897e-09,4.9580858647689064e-08,1.820626441716376e-09
9094,Normal,4.9051557221093965e-08,0.9999993134911368,1.7790714019884266e-08,5.960905766435232e-07,2.357601545382882e-08
9099,Normal,4.250640394272612e-09,0.9999999835980473,1.5317321796322492e-09,9.886537488334921e-09,7.330424962144506e-10
9102,Normal,1.5235213185704284e-09,0.9999999972560067,3.513785644106854e-10,5.237022318649925e-10,3.4539126807949833e-10
9103,Normal,1.796945543678927e-09,0.9999999952373597,6.831475807988517e-10,1.4740383597677971e-09,8.085087857749338e-10
9104,Normal,8.077925845734329e-09,0.9999999797642982,3.0709976263876926e-09,7.456945491273768e-09,1.6298326217643527e-09
9106,Normal,7.255231882913855e-09,0.9999999852816108,1.6733197557510947e-09,3.964306814209026e-09,1.8255308349298531e-09
9108,Normal,9.776223156837236e-10,0.9999999977088909,2.2547491097150256e-10,6.913371675036705e-10,3.966744544778695e-10
9109,Normal,1.538341433690615e-09,0.9999999969142745,3.5479684759393517e-10,9.235246370659181e-10,2.690625966355757e-10
9111,Normal,1.7050122054116823e-09,0.9999999970376701,4.0164091064291496e-10,6.187626450056434e-10,2.369141803669207e-10
9114,Normal,1.1059307856178036e-09,0.9999999974726921,4.2044262362239346e-10,6.018211235701492e-10,3.9911362906625445e-10
9120,Normal,3.079846562649388e-09,0.9999999936952348,7.103235251269748e-10,1.384491816838721e-09,1.1301030163732323e-09
9131,Normal,2.403516458144669e-09,0.9999999936153579,9.766022207499102e-10,2.1583308362115893e-09,8.461926212271122e-10
9136,Normal,2.2456952818667195e-09,0.999999994695586,5.087156878540924e-10,2.1032130360895604e-09,4.4679018379983544e-10
9137,Normal,2.003717119128791e-09,0.9999999936706667,8.141537590493932e-10,2.6396398763413347e-09,8.718223180870568e-10
9138,Normal,2.9617328658731314e-09,0.9999999890487413,1.2034163104147129e-09,3.9017039066711305e-09,2.884405748658092e-09
9139,Normal,2.890076973722494e-09,0.9999999911739542,1.174302949760348e-09,2.5979297277343736e-09,2.1637363363955295e-09
9142,Normal,8.301819153426195e-10,0.9999999973947644,3.308738303959857e-10,1.2727644822448794e-09,1.7141525291495757e-10
9148,Normal,6.076738397327299e-09,0.9999999770999585,2.257956847637763e-09,1.2147463440808881e-08,2.4178828741363345e-09
9151,Normal,2.6159862454114582e-08,0.9999999494921995,1.116393933239177e-08,1.0819677281633472e-08,2.364321317765602e-09
9154,Normal,8.210891887752488e-09,0.99999996966325,3.050955425608561e-09,1.1375084362264879e-08,7.69981837813952e-09
9155,Normal,1.954687477927992e-09,0.9999999942347673,7.263116234441551e-10,2.7079561230686042e-09,3.7627737914313547e-10
9157,Normal,1.156187179250139e-07,0.9999998680065249,1.9785266188717244e-09,1.2481355930779975e-08,1.914874591377934e-09
9160,Normal,5.333513288413722e-09,0.9999999745294177,2.1405718270028275e-09,9.535929803605855e-09,8.460567353013309e-09
9163,Normal,2.2053111157261428e-09,0.9999999921011441,9.329732494668237e-10,4.156270427164732e-09,6.043012040405657e-10
9165,Normal,2.084225807582686e-07,0.9999853801439501,1.1502728200512174e-07,1.3868199408927838e-05,4.282067782857366e-07
9167,Normal,9.67487266870531e-09,0.9999999719700609,2.467918183249827e-09,1.37233183370848e-08,2.163829834454097e-09
9168,Normal,8.037039477608416e-09,0.9999998905775362,3.0473908729316796e-09,8.177672261840915e-08,1.6561310679543364e-08
9171,Normal,2.118745121269805e-08,0.9999991469374502,1.7495922545389286e-08,8.052015016207047e-07,9.177674646696438e-09
9184,Normal,3.2384099430998895e-09,0.9999999787750993,1.2311510715158046e-09,1.4417612977518521e-08,2.3377267248366386e-09
9188,Normal,9.4556537311754e-09,0.9999999566838188,1.345999105852998e-09,3.1532570783824725e-08,9.819578594224606e-10
9189,Normal,1.2852843981063874e-09,0.9999999944333351,4.886284601808395e-10,3.610148065050683e-09,1.826039670223508e-10
9198,Normal,3.0700415368756566e-09,0.9999999946126377,7.224603760291219e-10,1.2460585776832474e-09,3.4880186641680427e-10
9201,Normal,2.2575109372096618e-09,0.9999999958484869,5.206633440777913e-10,1.006991989626309e-09,3.66347040864521e-10
9205,Normal,1.4144579584864676e-09,0.9999999963270658,5.377365626347318e-10,9.79592012724689e-10,7.411478811618065e-10
9207,Normal,1.0550910337754642e-09,0.9999999977468759,2.4334258783696185e-10,7.601767072851324e-10,1.9451358168683934e-10
9211,Normal,4.2946945500985855e-08,0.9986007319787185,1.0592688504292756e-08,0.0013991678890493144,4.659259807478897e-08
9213,Normal,4.6471527175692336e-09,0.9999999876152766,4.661902658778443e-09,2.328185707231968e-09,7.474822956530097e-10
9215,Normal,5.109050508308922e-09,0.9999999869427634,2.0759215539696043e-09,3.230993337525476e-09,2.6412710690766195e-09
9217,Normal,2.1557462535517367e-09,0.9999999963898556,5.313937613596398e-10,6.099050228441608e-10,3.130993038175623e-10
9225,Normal,1.5039937148468574e-09,0.9999999960779116,5.18451306853091e-10,1.576253512726781e-09,3.233897758092122e-10
9228,Normal,2.044408828446653e-09,0.99999999178367,7.048739942309688e-10,5.208732158917751e-09,2.5831523600656963e-10
9229,Normal,3.638493223498467e-09,0.9999999825430622,1.059142210646596e-09,1.1934419242233939e-08,8.248831366579922e-10
9232,Normal,7.087236738083897e-09,0.9999999369054959,2.633435001296101e-09,5.0114800419319834e-08,3.25903167457793e-09
9233,Normal,3.364887762604494e-08,0.9999999191766497,9.112343813816172e-09,3.5823492842346685e-08,2.2386360654560815e-09
9243,Normal,4.812600613791144e-08,0.9999978268304885,9.549996367227581e-08,2.0193116509329255e-06,1.0231890763078812e-08
9245,Normal,2.99875009026519e-08,0.9999985889322047,1.6195479597668086e-08,1.354040569902528e-06,1.0844244894526666e-08
9251,Normal,4.732632369460548e-09,0.9999999346108736,2.044616914462138e-09,5.5965324641381986e-08,2.64655232530927e-09
9255,Normal,6.249809663610643e-09,0.9999999569311916,5.172568581581769e-09,3.022409720883734e-08,1.4223328620590702e-09
9256,Normal,6.599540538814009e-09,0.9999999565757199,5.462018506372087e-09,2.95679107612687e-08,1.7948099403748686e-09
9257,Normal,1.5847503656843678e-08,0.9999998809901933,1.3118582257121137e-08,8.64569167406987e-08,3.5868042856053126e-09
9258,Normal,9.98406070180557e-07,0.9997964451146059,0.00016734262518365833,4.471650943567136e-06,3.074220319688016e-05
9264,Normal,4.904259504147835e-09,0.99999998362912,1.8644595494737016e-09,8.908818253242081e-09,6.933428122342853e-10
9268,Normal,1.3619952935907895e-07,0.9999997545159686,4.077998525706835e-08,6.479414373024764e-08,3.7103732780726555e-09
9272,Normal,1.2009288601509488e-08,0.9999998833692102,4.5656805103341014e-09,1.7905046857902715e-08,8.215077382546928e-08
9276,Normal,2.283028227074204e-09,0.9999999942398996,8.679413441120724e-10,2.1890637839028186e-09,4.2006717260115803e-10
9280,Normal,2.429873508547044e-09,0.9999999950668523,5.604257111104463e-10,1.1579055027467504e-09,7.849430940043714e-10
9287,Normal,1.4751260013720495e-09,0.9999999970646918,5.608002984587462e-10,6.678896532713919e-10,2.314922467188146e-10
9290,Normal,6.940802458471466e-09,0.9999999905408247,1.0916018635145896e-09,9.088236175683844e-10,5.179471832319445e-10
9292,Normal,1.8356123817113374e-07,0.9999997600809338,3.938814256778678e-08,1.3162486811214928e-08,3.807198498336325e-09
9296,Normal,2.0065789154673113e-09,0.9999999950258505,4.945863178643106e-10,2.0672046301213745e-09,4.057796683299196e-10
9298,Normal,3.907168530240002e-09,0.9999999920006767,9.631383342077892e-10,2.6649146388599557e-09,4.641018109256985e-10
9300,Normal,6.66888802564113e-08,0.999999928905493,1.7585910123362366e-09,1.929292691336029e-09,7.177431736407804e-10
9304,Normal,1.7872538954780077e-09,0.9999999924672941,6.640976079242817e-10,4.529674336509953e-09,5.516800171938112e-10
9305,Normal,1.487566506849978e-09,0.9999999920037358,5.527422975076433e-10,5.748966352450024e-09,2.0698908014968843e-10
9313,Normal,3.356312124416226e-09,0.999999987511394,1.1322612277045422e-09,7.40260097202144e-09,5.974319298545873e-10
9315,Normal,2.4414889415002e-09,0.9999999873012527,9.798918964997792e-10,7.809619435792027e-09,1.4677468659226333e-09
9318,Normal,2.518772765991432e-09,0.999999986218105,1.2904035011337746e-09,8.006677439672467e-09,1.9660412005312654e-09
9319,Normal,1.6423068734863494e-09,0.9999999929907317,8.958933144052183e-10,4.045913771146277e-09,4.251542373781062e-10
9329,Normal,1.1515992406144201e-08,0.9999997773411368,5.821552250654327e-09,1.8946760713684504e-07,1.585371138333666e-08
9330,Normal,3.001340564256934e-08,0.9999985719773299,1.7958696151437968e-08,1.3008644212925513e-06,7.918614719614016e-08
9333,Normal,9.608098407611488e-08,0.9999993673220641,3.87804164621489e-08,3.34403257110376e-07,1.6341327819522536e-07
9335,Normal,1.919703969443809e-08,0.9999992353216426,1.2304799688582169e-08,4.107144708836132e-08,6.921050708218628e-07
9336,Normal,1.1938440048548943e-08,0.9999989466194223,6.082084903493187e-07,1.3417598026311845e-07,2.990576668654824e-07
9337,Normal,5.996808457544197e-08,0.9999947528459591,4.362273783937187e-08,2.382874531604501e-07,4.9052757654983505e-06
9340,Normal,2.2294108634698383e-08,0.999999569024501,3.5552736164097476e-08,4.309332123632033e-08,3.300353328732527e-07
9341,Normal,3.722457731360875e-09,0.9999999908828062,8.584934109612205e-10,3.78320053572014e-09,7.530420848683842e-10
9342,Normal,2.9588937162810692e-08,0.9999999585311664,1.79806453951535e-09,9.015692233659778e-09,1.066139513837349e-09
9344,Normal,2.7628648767585856e-09,0.9999999897182431,6.510672634283414e-10,6.514517186738347e-09,3.533078514385555e-10
9345,Normal,3.3516790741805244e-09,0.9999999879359333,1.274212368249515e-09,6.912194813686687e-09,5.259806405966776e-10
9355,Normal,1.581895974810928e-09,0.9999999967671283,3.6484817397792925e-10,1.0294364666009783e-09,2.566910537199032e-10
9358,Normal,3.5098861700309095e-09,0.99999999316127,8.095203390111769e-10,9.678015886139093e-10,1.5515218823180644e-09
9360,Normal,2.5589871952825625e-09,0.9999999951540086,5.898882304578406e-10,1.0575974423811615e-09,6.395186975265937e-10
9361,Normal,1.2651845533745422e-09,0.999999997302027,4.809877862148358e-10,7.71685278216165e-10,1.8011532147664603e-10
9362,Normal,1.3171385456889723e-09,0.9999999971720379,5.00738342923063e-10,8.033716949826427e-10,2.0671348281507165e-10
9365,Normal,3.0221740128800903e-09,0.9999999914759853,1.1489428417681281e-09,3.760630082153415e-09,5.92267706792301e-10
9368,Normal,2.4047629994684707e-09,0.9999999934434716,8.483475960674578e-10,2.9925365717072126e-09,3.1088117388210963e-10
9369,Normal,2.846505851170849e-09,0.9999999924573403,1.082160316426897e-09,2.391621231995555e-09,1.2223721404574729e-09
9370,Normal,3.7697195901230035e-09,0.9999999695776536,8.694341360267198e-10,1.6946150502815286e-09,2.4088577644764943e-08
9372,Normal,1.076311484096009e-08,0.9999999800891732,6.739413578833885e-09,1.8324261733507605e-09,5.758722516514411e-10
9374,Normal,1.508164508948959e-09,0.9999999964644388,5.686196967032213e-10,9.9866025420752e-10,4.601168410142141e-10
9375,Normal,4.415432300071959e-09,0.9999999907130074,1.088412381483219e-09,3.1418853496363896e-09,6.412625333773446e-10
9384,Normal,2.190775091791938e-09,0.9999999941310069,6.377094948884332e-10,1.3732203472745245e-09,1.6672880149928578e-09
9386,Normal,8.350365886814325e-09,0.9999990505794601,2.4310368223854956e-09,1.2933958015907984e-08,9.257051792232998e-07
9387,Normal,1.4837073055948368e-08,0.9999994417706578,4.319356769559311e-09,5.139369864551914e-07,2.5135925964419998e-08
9388,Normal,1.756034742918717e-08,0.9999999308439184,4.631461188069119e-09,4.0718421072336904e-08,6.245851809220698e-09
9390,Normal,1.2397117245087903e-07,0.9999996653032571,1.3955264242886652e-07,6.921987438626823e-08,1.9530534508578085e-09
9393,Normal,1.6162757662842165e-09,0.9999999931439119,1.092654194908811e-09,3.4038860851313213e-09,7.432720425714742e-10
9396,Normal,2.9672495908083375e-09,0.9999999863643247,1.5201646541173545e-09,8.209185416463959e-09,9.39075791254202e-10
9397,Normal,3.4656891640963736e-09,0.9999999800286039,1.7751910683577123e-09,1.2857354806851381e-08,1.8731610965831093e-09
9398,Normal,9.660732778929742e-09,0.9999999726558234,9.849797341187631e-10,1.5647262942806746e-08,1.0512012248141299e-09
9404,Normal,3.396191044566328e-09,0.9999999757566155,1.872898049696797e-09,1.652841692374668e-08,2.445878459490165e-09
9409,Normal,6.26108911082833e-09,0.9999999761554182,2.8623040661003927e-09,1.2282609940863336e-08,2.438578583252981e-09
9422,Normal,1.0154174981913258e-08,0.9999999709015674,1.645417784254453e-09,1.6142784685989734e-08,1.1560551813116138e-09
9423,Normal,5.890083205700188e-09,0.9999999758344996,2.2392378928697126e-09,1.4741385455047207e-08,1.294793889747578e-09
9424,Normal,3.73387811855973e-09,0.99999998530126,1.4195115889610072e-09,8.654943745726136e-09,8.904066282753598e-10
9425,Normal,1.8744091025478566e-09,0.999999994643864,4.323065298073874e-10,2.7452427080027726e-09,3.0417758637160165e-10
9426,Normal,1.8408384662806372e-09,0.9999999954337779,4.2453188635534014e-10,1.974629380681515e-09,3.262223551940324e-10
9433,Normal,1.5780698991415252e-09,0.9999999965888751,5.9993715477392e-10,1.0099422641735024e-09,2.2317552909816496e-10
9440,Normal,6.253740980726957e-09,0.9999999898861777,1.21442049959104e-09,2.0598381964263577e-09,5.858224227755524e-10
9445,Normal,7.320261083351341e-09,0.9999999681909711,2.783377800867447e-09,1.3059387498139179e-08,8.646002253306494e-09
9449,Normal,4.062211273700059e-09,0.9999999905870162,1.6505653638293003e-09,2.38731924861419e-09,1.3128880677511475e-09
9450,Normal,1.3451954406833998e-08,0.9999999587862741,3.3159710946176044e-09,2.0942495229742284e-08,3.503305010209688e-09
9453,Normal,8.504429218833002e-09,0.9999999812878001,1.4399269077599824e-09,7.734927597963686e-09,1.032916182734651e-09
9456,Normal,2.4173967343066305e-08,0.9999997018487886,8.982605107765236e-09,2.6811659167359032e-08,2.3818297981711785e-07
9460,Normal,9.041591332401008e-10,0.9999999951408676,3.3596229337469043e-10,3.494274200366119e-09,1.2473676052145475e-10
9462,Normal,3.059603064107584e-09,0.9999999930225885,8.905488901160058e-10,2.2966050550992497e-09,7.306543898394443e-10
9465,Normal,4.429249371913645e-09,0.9999999891066081,1.2086780485905444e-09,4.793501209755312e-09,4.619633575771181e-10
9473,Normal,1.974803713021675e-08,0.9999999659995455,1.79000563792159e-09,1.1601048074805744e-08,8.613633917688138e-10
9474,Normal,2.2462676923022403e-09,0.9999999891866506,1.0678136959788205e-09,6.984412607866764e-09,5.148556420469763e-10
9475,Normal,1.4725195860311378e-09,0.9999999927364258,5.909630480033472e-10,4.607714101405999e-09,5.923771587316606e-10
9479,Normal,1.1780360946889508e-06,0.9998502379634907,6.49727007365084e-07,1.978016031942806e-05,0.00012815411308793
9481,Normal,1.4274599057012157e-09,0.9999999782788243,5.412527392978717e-10,1.9392728816540294e-08,3.59734270119011e-10
9489,Normal,2.6742004691598395e-08,0.9999988318930404,7.343842927038842e-09,9.400238004109657e-08,1.0400187319741341e-06
9491,Normal,2.655409505181417e-08,0.9999854641379977,2.2214465957496984e-08,2.102841079098989e-08,1.446606503028016e-05
9492,Normal,1.4011029374627738e-08,0.999999045917069,3.988689287235343e-09,1.0973138504252881e-08,9.251100735697715e-07
9498,Normal,3.0957935774501346e-09,0.9999999913829719,1.0381347771941062e-09,3.7677040445907626e-09,7.153957792833686e-10
9502,Normal,3.793676326987156e-09,0.9999999815477972,1.4452730871092166e-09,1.1268226331887083e-08,1.9450270831270133e-09
9509,Normal,3.722642421554171e-09,0.9999999909067706,1.5273531574336117e-09,3.2746091354339477e-09,5.686246787775674e-10
9510,Normal,4.5619927927215575e-09,0.9999999885107057,1.4663234579664899e-09,4.6835581758031925e-09,7.774199243053162e-10
9516,Normal,2.6036144104762698e-09,0.999999978123778,9.898186295336075e-10,1.7163383450071e-08,1.119405400070704e-09
9520,Normal,7.768891659895018e-09,0.9999999473743334,2.953510969773773e-09,3.824483289645423e-08,3.658431154450323e-09
9521,Normal,2.1696660507468576e-07,0.9999990939160427,4.914771143108012e-08,6.325914197805456e-07,7.378221077543364e-09
9529,Normal,1.2784851728702655e-07,0.9999998540630228,9.629646734869394e-09,7.254719292415569e-09,1.2040936867960921e-09
9530,Normal,4.572675916843051e-09,0.9999999832879051,2.884753700120058e-09,7.026884449746004e-09,2.2277808466559604e-09
9531,Normal,5.783277828120155e-09,0.9999999853993033,1.9596728571346356e-09,5.819754799490238e-09,1.037991342740027e-09
9534,Normal,1.7294280589602502e-09,0.9999999932676127,1.1634968499939545e-09,3.0070306213548896e-09,8.324315887178562e-10
9543,Normal,1.4084952873439144e-08,0.9999999080349653,7.12125310005048e-09,4.431114710891535e-08,2.6447681597171748e-08
9556,Normal,2.276469101448812e-09,0.999999990931067,1.1594775302244749e-09,4.471277944095457e-09,1.1617085407646307e-09
9558,Normal,6.28026678271265e-09,0.999999966028422,3.1987447208588025e-09,2.2795415566362823e-08,1.6971507300520222e-09
9565,Normal,6.288241920670008e-09,0.9999998531908398,4.686103950720151e-09,1.2408656694891924e-07,1.1748247205549689e-08
9566,Normal,3.050934868532938e-09,0.9999999220082786,1.831972149229233e-09,7.081843333195734e-08,2.2903810908432993e-09
9568,Normal,1.1464893471668227e-09,0.9999999933435681,7.608580440778539e-10,4.458638588160068e-09,2.904459901491238e-10
9571,Normal,4.411333669327015e-08,0.999999846612126,3.377974417380354e-08,6.624237236666879e-08,9.25242072405891e-09
9575,Normal,2.559741250169668e-08,0.9999999144208458,1.5902190687722733e-08,2.360643257622698e-08,2.0473118481970884e-08
9584,Normal,4.029038191399911e-07,0.9999929156244511,6.0998493078392435e-06,5.607489785474483e-07,2.0873443194778472e-08
9588,Normal,5.19708898212659e-09,0.9999999814766817,2.562789273402553e-09,8.19679992742284e-09,2.566640149855531e-09
9589,Normal,2.897445227934484e-09,0.9999999920658119,9.313112171973994e-10,2.5994815829834835e-09,1.505950150104939e-09
9596,Normal,1.366597105303359e-09,0.9999999915207914,4.231545814327597e-10,6.505689625260464e-09,1.8376718004338787e-10
9599,Normal,3.914334315249146e-09,0.9999999680703954,1.4881182343076268e-09,2.5803914448796972e-08,7.232377587545877e-10
9600,Normal,3.488421792961347e-09,0.9999999807462515,1.230568932240196e-09,1.367562735721507e-08,8.591306219003407e-10
9607,Normal,4.552017960397157e-09,0.9999999506292205,1.541114130765106e-09,4.260571551606291e-08,6.719320736770894e-10
9608,Normal,2.919162643813504e-09,0.9999999823634341,1.1097823561583131e-09,1.3100287792684662e-08,5.073331704839097e-10
9611,Normal,8.32707289521595e-09,0.9999999458785764,3.3834760640048146e-09,3.993984251115973e-08,2.471032144320539e-09
9613,Normal,7.998822467266182e-10,0.9999999928513321,2.8669928982151913e-10,5.790563457694653e-09,2.715227917886935e-10
9617,Normal,1.2259005167963588e-09,0.9999999917644912,4.981108136827528e-10,6.326549909492425e-09,1.8494770405413774e-10
9618,Normal,7.711751666568773e-09,0.999999890189417,3.1334572788927186e-09,9.317626853075002e-08,5.789105356855787e-09
9621,Normal,4.1491502049612725e-09,0.999999991342697,1.5345506672098455e-09,1.290080755555508e-09,1.6835214857135087e-09
9624,Normal,1.47584926794068e-07,0.999999668830184,9.367819117596883e-09,1.6780062727582586e-07,6.416442718628307e-09
9626,Normal,4.404182323544971e-09,0.9999999706704747,1.2813866178688485e-09,2.1371624419794432e-08,2.2723319464381888e-09
9633,Normal,6.283388442745808e-08,0.9999998869072225,1.7582901767865795e-08,2.7446567944603432e-08,5.229423306758718e-09
9635,Normal,6.567779179547847e-09,0.999999952785303,5.911634591591491e-09,3.358990029101609e-08,1.1453828708784238e-09
9638,Normal,4.769510934598095e-09,0.9999999843935801,2.2672939278509218e-09,6.840555463885188e-09,1.7290595528466299e-09
9643,Normal,2.1710103866766314e-08,0.9999999321831762,1.196868337044319e-08,2.837534911174421e-08,5.762687576134498e-09
9645,Normal,1.831645392469275e-09,0.9999999931230512,1.010098550515972e-09,3.3348564108804317e-09,7.003484888365668e-10
9649,Normal,9.2473433856555e-09,0.9999999433425922,5.3036471517123415e-09,3.885377165115283e-08,3.2526455471239238e-09
9653,Normal,1.6155797217744792e-08,0.9999999550610565,8.632539495332416e-09,1.0160037320042662e-08,9.990569384115457e-09
9657,Normal,1.1574848745165863e-09,0.9999999828775522,1.1833229656690678e-09,1.3864759256947545e-08,9.168805267698676e-10
9667,Normal,4.1723734453961324e-07,0.9982189995381802,6.9050892841653344e-09,6.102403546020126e-07,0.0017799660790315617
9671,Normal,4.734827458625757e-06,0.704665882080476,7.483404387478927e-05,0.00010198564450158854,0.29515256340368906
9672,Normal,2.60857142281247e-06,0.9989719295532135,0.0002040541865993583,4.774617731312588e-05,0.0007736615114513558
9678,Normal,5.36019605377391e-09,0.999999966769908,2.037829415048974e-09,1.994463418100091e-08,5.8874322524528805e-09
9682,Normal,1.8514432670742819e-09,0.9999999909270966,6.20897170711985e-10,6.2587966616080056e-09,3.4176634515918543e-10
9688,Normal,9.108524205516179e-10,0.999999995532425,3.0546218025102496e-10,2.9522257209761387e-09,2.99034540006934e-10
9689,Normal,2.138531281195608e-09,0.9999999843221605,6.478150655573498e-10,1.2211718145519799e-08,6.797749994228973e-10
9690,Normal,1.0206979415245449e-07,0.999998889120934,4.963743568953401e-08,9.572107206229744e-07,1.961115366108746e-09
9691,Normal,1.071718360504894e-09,0.999999997460066,3.5941021544210553e-10,3.5238703848481135e-10,7.564184438808587e-10
9694,Normal,1.5875240209737035e-09,0.9999999969856941,6.035305552424063e-10,3.810415744246519e-10,4.422094927944307e-10
9695,Normal,7.099248549812494e-09,0.9999999860499371,2.698930926034504e-09,1.780043081769627e-09,2.3718405769192147e-09
9696,Normal,4.269648061768807e-09,0.9999999923578279,1.6231968693702362e-09,1.0790917651238006e-09,6.702353302894482e-10
9697,Normal,1.4143360624550511e-08,0.9999999736861538,4.788316032211441e-09,4.541557937403161e-09,2.8406116558745783e-09
9700,Normal,2.1554185480146593e-09,0.9999999951316716,8.194286398506884e-10,6.194440985917942e-10,1.274037018869338e-09
9707,Normal,9.34731822372796e-10,0.9999999928858874,3.350329836289316e-10,5.137991043803515e-09,7.06356835376807e-10
9710,Normal,1.4836589602362127e-09,0.9999999962315533,5.317837330195812e-10,5.042481183701868e-10,1.248755846374125e-09
9716,Normal,2.610762729837681e-07,0.9999993102380121,2.39611454247793e-07,1.851701658794842e-07,3.904094854950017e-09
9717,Normal,1.0067768534533059e-08,0.9999999823593656,3.0195867053936362e-09,3.05669001385495e-09,1.496589186812839e-09
9719,Normal,5.878253308071512e-09,0.9999999865802909,2.1842078344549875e-09,2.6651492522968264e-09,2.6920988024847913e-09
9724,Normal,1.867447635764374e-09,0.9999999951465393,6.938953251684739e-10,2.0056023179256277e-09,2.8651534280751514e-10
9727,Normal,9.60965646604584e-09,0.999999963328867,3.5707013358436832e-09,1.8307237988206426e-08,5.18353708905993e-09
9728,Normal,1.0816995655636147e-08,0.9999999584811943,3.729492612117207e-09,2.060733537474454e-08,6.364982029023976e-09
9735,Normal,1.804863674530796e-09,0.9999999017916282,7.243816829345332e-10,9.536480337336158e-08,3.143232451249006e-10
9742,Normal,4.651237952348039e-09,0.9999996687159386,2.5650247057325272e-09,3.231075482736278e-07,9.6025065878913e-10
9743,Normal,1.9587778963838624e-09,0.9999998135776546,1.0802083864348505e-09,1.8298228194028498e-07,4.0107725858832537e-10
9744,Normal,4.8113383843307635e-09,0.9999995415809201,2.6533089369435875e-09,4.494586539786014e-07,1.495778451388661e-09
9747,Normal,8.092183968499945e-09,0.9999999402078239,4.6171175861687414e-09,4.263023929473092e-08,4.4526354039459475e-09
9756,Normal,1.3113945627086289e-08,0.9999997989101204,1.6157781068464705e-08,9.247102056401781e-09,1.6257105080718855e-07
9760,Normal,1.9617317704450325e-09,0.9999999942306814,7.457378240846676e-10,2.784793251669439e-09,2.7705546948595823e-10
9765,PWF,1.0867352655113945e-06,0.0071823342674088115,1.3116904838824805e-07,0.9928106007791564,5.847049120952836e-06
9768,Normal,3.14933960330979e-09,0.9999999910624132,1.1972890694223052e-09,3.5381091029986774e-09,1.0528488240910703e-09
9773,Normal,1.5030641037690154e-09,0.99999999682824,5.714220912195035e-10,5.950435722538272e-10,5.02230312198653e-10
9776,Normal,4.777986486870448e-10,0.9999999990134769,1.602338939897499e-10,1.475786300473493e-10,2.0091191941802716e-10
9780,Normal,5.731964060135954e-09,0.9999999852219539,2.179129208012313e-09,1.8070306777458593e-09,5.059922018421766e-09
9781,Normal,3.268409026213582e-09,0.9999999927933938,1.0955402431883225e-09,9.720014555328281e-10,1.8706554901332317e-09
9782,Normal,3.2900284128947844e-08,0.9999999301501046,1.1138595357161193e-08,1.0557546844352209e-08,1.5253469220160488e-08
9783,Normal,6.71353186405977e-09,0.9999999827909195,3.3780295735913636e-09,3.802637671409612e-09,3.314881426793556e-09
9785,Normal,1.2231457562713918e-09,0.9999999977472362,4.265504058430931e-10,3.972646164528115e-10,2.058028260680904e-10
9788,Normal,1.1228866674159892e-09,0.9999999979687875,3.82985826537117e-10,3.6389386864889213e-10,1.6144624150077428e-10
9789,Normal,9.386311031329396e-10,0.9999999982761141,3.364309220178557e-10,2.705752854002244e-10,1.7824860992597748e-10
9791,Normal,1.3629400370238854e-09,0.9999999973478002,5.537938590609016e-10,5.471380574655296e-10,1.8832781686037373e-10
9792,Normal,4.3467000176732435e-09,0.9999999921228241,1.0714836514127373e-09,9.272048959642658e-10,1.5317872414419039e-09
9793,Normal,1.5208860013212228e-09,0.9999999975437397,3.749056153388475e-10,3.4170667791963947e-10,2.1876200342793918e-10
9796,Normal,8.316066433163947e-10,0.9999999984305081,3.314415611560134e-10,2.696649685139779e-10,1.3677891694379528e-10
9797,Normal,2.0578447025815453e-09,0.9999999964139348,4.975720459464359e-10,7.512943646523262e-10,2.793541626747947e-10
9799,Normal,1.7514310833731508e-09,0.9999999959003347,6.038618981062363e-10,1.52305972821596e-09,2.2131279951640752e-10
9802,Normal,2.0527181725266888e-09,0.9999999953489795,5.975400813419953e-10,1.484771140783299e-09,5.159910662868859e-10
9804,Normal,7.439412600548198e-09,0.999999978707556,2.76428992781409e-09,9.422247593510878e-09,1.6664937910116649e-09
9805,Normal,5.41112406149255e-09,0.9999999496732831,1.8656517810535594e-09,4.236619072955247e-08,6.837503512919678e-10
9807,Normal,3.653455112908703e-07,0.9596329911051655,6.595303602682018e-07,0.04036594248306985,4.153589296985207e-08
9823,OSF,1.0075990638402389e-05,0.9482029240922102,0.051706314877062384,8.014314803894637e-05,5.418920499454747e-07
9825,Normal,2.558730521320525e-09,0.9999999875568956,1.6499946930261576e-09,7.707012512113995e-09,5.27366504224297e-10
9826,Normal,3.298140486897852e-09,0.9999999832874863,2.7296426777217837e-09,9.93414259549337e-09,7.5058773992745e-10
9827,Normal,1.8903953075342456e-08,0.9999642505479549,3.57031218264201e-05,2.10698029470289e-08,6.356462694649941e-09
9835,Normal,2.7459454534652467e-09,0.9999999864525977,6.332855224669305e-10,9.548199564016096e-09,6.199718304647568e-10
9836,Normal,1.4259667662944803e-09,0.999999996047299,5.421042627499806e-10,9.55193120659287e-10,1.029436972773174e-09
9843,Normal,3.838369706836118e-09,0.999999988133545,1.2990882465392626e-09,5.779178563352547e-09,9.498183763627116e-10
9844,Normal,2.3209344951609214e-09,0.9999999882175873,2.191269030062683e-09,6.92453188357186e-09,3.4567701955607057e-10
9847,Normal,6.63071165518601e-08,0.9999999070563883,9.494197514550855e-09,1.6151013041744792e-08,9.91284713525715e-10
9854,Normal,1.9233479599359154e-09,0.9999999965682289,7.31202023023124e-10,4.815000271865217e-10,2.9572116912901565e-10
9863,Normal,1.3171782045812832e-09,0.9999999968601072,4.721505088135492e-10,4.3935838160796057e-10,9.112058480253988e-10
9864,Normal,2.8626471977723115e-08,0.9999997691892548,1.8760767431502246e-07,1.0480574887781664e-08,4.096024194965729e-09
9865,Normal,4.612096903400354e-10,0.9999999990829043,1.6530997980654366e-10,1.2866047831445243e-10,1.6191553661165287e-10
9867,Normal,1.8143356213510605e-09,0.999999996374116,7.372049361229973e-10,7.105761677929322e-10,3.6376722848334614e-10
9872,Normal,7.727116763857626e-10,0.9999999974438054,2.770044561381675e-10,1.9589804860694176e-10,1.3105805584512501e-09
9876,Normal,3.271376212215651e-08,0.999999960706293,2.1555120752772072e-09,3.533724628611151e-09,8.907079991128915e-10
9877,Normal,5.325091689645902e-09,0.9999999823502547,1.595234991977084e-09,1.0037829888605533e-08,6.915887716138987e-10
9878,Normal,3.014484623876314e-07,0.9999804695244257,3.9324129199602765e-08,1.9187242810701563e-05,2.460171906268644e-09
9882,Normal,7.483687286497788e-09,0.9999999785810567,2.780745834708226e-09,8.037345632646276e-09,3.117164424565895e-09
9884,Normal,1.583343802662869e-09,0.9999999967807984,4.6090066572351006e-10,8.368105158156027e-10,3.381464962277194e-10
9888,Normal,2.4064823723769463e-09,0.9999999594046837,1.248295925587507e-09,3.635799474075775e-08,5.825434182600352e-10
9889,Normal,1.3695951995609609e-09,0.9999999752556286,5.49687377737518e-10,2.2349320842678503e-08,4.757678380851662e-10
9890,Normal,6.633292648664121e-10,0.9999999945843896,2.6622700109969655e-10,4.359080520640484e-09,1.2697356615449553e-10
9891,Normal,1.6921783573335229e-09,0.9999999705795166,8.669269385187278e-10,2.643384156385459e-08,4.2753642022628434e-10
9892,Normal,1.8074436092465075e-08,0.9999998966810393,4.825977561232431e-09,7.934106572651381e-08,1.0774812330043206e-09
9895,Normal,2.407108621554264e-09,0.9999999482705144,1.327474137399905e-09,4.734024786662994e-08,6.546549202721204e-10
9897,Normal,1.3569684698608768e-09,0.9999999776349938,5.145242302727419e-10,2.0132469797216923e-08,3.610435349086169e-10
9900,Normal,1.3404550732838573e-09,0.9999999930377286,7.392205613872892e-10,4.5775349138874025e-09,3.0506083687735653e-10
9901,Normal,1.3512289340024686e-09,0.9999999955272396,5.837451744103876e-10,2.2843744040262576e-09,2.5341166263020543e-10
9902,Normal,2.4780028534257896e-09,0.9999999888299663,1.084778783885638e-09,7.153870965196214e-09,4.533810095781928e-10
9906,Normal,4.636530918836097e-09,0.9999999651911492,2.405169037192572e-09,1.2685408891336357e-08,1.5081741778658164e-08
9915,Normal,1.3524457702291964e-09,0.9999999938488326,5.141604474819253e-10,3.5653975732086243e-09,7.191637206536799e-10
9918,Normal,9.76042624205959e-09,0.9999999603290213,2.2511448737287124e-09,2.209074426504671e-08,5.568663128852515e-09
9919,Normal,5.386157819934714e-08,0.9999998732721657,2.3963476426745906e-08,4.671560480135514e-08,2.1871749768533134e-09
9920,Normal,5.277819966937604e-08,0.9999994635346943,2.606173603935135e-08,4.557707823837287e-07,1.8545874349113254e-09
9923,Normal,2.1241579902380487e-09,0.9999999955113477,4.899151610335186e-10,1.4802783075481863e-09,3.9430076119905713e-10
9924,Normal,3.106084112092412e-09,0.9999999912856866,7.163870698804495e-10,4.3882845293830575e-09,5.035576460145828e-10
9928,Normal,5.446411711464322e-09,0.999999981564076,2.0705703515926675e-09,8.830665003819886e-09,2.0882771685436573e-09
9931,Normal,5.273413870648462e-09,0.999999985750335,1.860261152037876e-09,6.00717373992277e-09,1.108816141931608e-09
9934,Normal,1.8180206485477613e-09,0.9999999943139686,6.911590912649725e-10,2.8915529672172885e-09,2.852986093957026e-10
9936,Normal,3.110613107961458e-09,0.9999999894910833,1.1201246273979586e-09,5.867318376487417e-09,4.1086064531225137e-10
9937,Normal,4.842593656384312e-09,0.9999999887249383,1.116894245890082e-09,1.6655808304641473e-09,3.6499929028229158e-09
9939,Normal,1.653921143168062e-08,0.9999998380229411,6.7202511188898685e-09,1.2182818779189964e-07,1.6889408535056903e-08
9942,Normal,4.205203651345011e-09,0.9999998594050656,1.5216471606763572e-09,1.3420446938476994e-07,6.636141718013984e-10
9943,Normal,6.653216891506711e-08,0.9999996017194589,1.3024462679864324e-08,3.166061736156976e-07,2.1177361278402894e-09
9944,Normal,6.173019219637733e-09,0.9999995803664974,1.5216802845276015e-09,4.1047219222180797e-07,1.4666106801475697e-09
9957,Normal,5.010356506176803e-09,0.9999999395913447,1.4584831982853114e-09,5.245230842938205e-08,1.4875071180461667e-09
9959,Normal,2.6398998764565746e-08,0.9999995940392923,7.684582145443734e-09,3.318125186506495e-07,4.006460831657686e-08
9965,Normal,1.3547319437734909e-08,0.9999999006334573,5.8337889997711035e-09,7.601806927133239e-08,3.9673649036327255e-09
9967,Normal,4.980037411717935e-09,0.9999999580869074,2.551345050591451e-09,3.324585628468071e-08,1.1358538268384134e-09
9970,Normal,5.542560033528742e-09,0.999999830587918,2.8405849230428514e-09,1.600620840994125e-07,9.668530412998925e-10
9972,Normal,1.9057999895506092e-09,0.9999999940832938,7.648934055891698e-10,2.695407172227541e-09,5.506054522891107e-10
9973,Normal,1.954475257650151e-08,0.9999998872962543,9.399407518500081e-09,8.016571862922003e-08,3.5938669574630563e-09
9978,Normal,1.0720947008892683e-08,0.9999999501172789,5.26509732361442e-09,3.1309224787761093e-08,2.587451849909058e-09
9991,Normal,3.934316132377269e-09,0.9999999823282987,1.4956937263762813e-09,1.043108039392934e-08,1.8106110448496397e-09
9992,Normal,3.5996410823602375e-09,0.9999999885085186,8.302208311693369e-10,6.039918344099833e-09,1.0217013156777042e-09
9995,Normal,1.3515798810873644e-09,0.9999999942539541,5.138318980628685e-10,3.5834528192460148e-09,2.9718106295432133e-10
9996,Normal,1.9164447053771917e-09,0.9999999943162388,4.420084038123995e-10,2.7893432933239845e-09,5.359647736326741e-10
