UID,y_true,p_HDF,p_Normal,p_OSF,p_PWF,p_TWF
1,Normal,3.387117346723719e-17,0.9999999999999722,5.19860499553947e-29,2.7141706907323082e-17,2.771780225205846e-14
4,Normal,1.0278612494625843e-13,0.9999999999998972,1.459775331592426e-30,7.72590666374253e-25,5.623533007694806e-17
7,Normal,3.524674182784721e-16,0.9999999999999899,6.165068680700295e-26,4.9450339805914914e-17,9.815083011332963e-15
17,Normal,8.198940356312069e-13,0.9999999999991698,1.0508137508230406e-29,9.959296277250265e-25,1.0417129277245448e-14
28,Normal,6.441971780445238e-23,0.9999999985193577,2.3253005580436678e-26,6.099009112485258e-19,1.4806423753492052e-09
32,Normal,2.4155542308777293e-20,0.9999999978877363,1.9371769520517955e-23,1.8092925963506223e-18,2.1122637599689626e-09
34,Normal,7.810626267614694e-18,0.9999999987065584,4.6656278700349e-22,7.059284238993645e-19,1.293441538325697e-09
38,Normal,8.790057372510731e-13,0.9999999998665253,5.783830434076898e-22,4.880846907854234e-24,1.325957300986811e-10
45,Normal,1.9989626471682636e-12,0.9999998928165482,7.401178114652536e-17,2.2544244581788338e-15,1.071814504731262e-07
48,Normal,1.8513788164130142e-11,0.999999985298381,5.1640430040853036e-15,3.974020377175997e-18,1.4683100117865598e-08
52,Normal,2.716030293273565e-09,0.9999994403553094,8.056266519081096e-08,1.0342290051361015e-09,4.753317661048551e-07
58,Normal,9.883985710609123e-14,0.9999950788415504,1.9608945795708812e-13,3.368931309179157e-17,4.921158154775146e-06
59,Normal,4.472956291668301e-16,0.9997876815650459,2.0537057122094937e-15,2.780772416496869e-16,0.00021231843495131666
60,Normal,1.641885073030798e-09,0.9999408603961608,4.133198133472082e-05,1.0335871832196214e-09,1.7804947032230215e-05
63,Normal,6.580874454132901e-19,0.9987048877514513,2.1117796460943755e-15,1.125374673018214e-14,0.0012951122485354049
67,Normal,5.421776269158777e-16,0.9968445451122939,1.1141209398046778e-13,4.8926041890390805e-15,0.0031554548875892137
69,Normal,7.23025987665575e-13,0.990991975158723,2.6407837715854233e-11,9.989696069086856e-19,0.009008024814146148
76,Normal,3.1694577746475343e-09,0.9763108542836596,0.0005689112638795523,5.2566885671504154e-14,0.023120231282950512
79,Normal,1.0465065806600591e-09,0.999999998953405,2.326465228529723e-24,8.775294717476355e-14,8.253577055688091e-16
82,Normal,3.950063829806023e-11,0.9999999999604972,7.69905287773765e-25,3.4420501244066113e-16,1.8330947629563745e-15
83,Normal,2.107893290899675e-12,0.9999999999978917,1.5888369383551542e-28,9.705913482267349e-23,4.559075445179786e-16
86,Normal,1.9927410528318706e-21,0.999999999969722,1.1835339518788495e-26,1.0091308372006233e-17,3.027806764533999e-11
89,Normal,1.7275742305514217e-11,0.9999999999826658,2.073476525663603e-27,1.2157549796418269e-20,5.851808985272233e-14
91,Normal,4.913321658390127e-21,0.9999999999966431,3.1989917701311637e-27,5.240348942130867e-21,3.3569328517874843e-12
92,Normal,4.229733218164489e-22,0.9999999999876994,1.0106016563907347e-26,1.0653256037917556e-18,1.230070431855826e-11
94,Normal,2.0352392424040655e-11,0.9999999999796179,4.150718065255993e-25,1.0802532254766213e-20,2.977937356022832e-14
106,Normal,6.076720913955589e-17,0.9999999999893403,1.2744786281915032e-25,2.707089699735381e-23,1.0659579654701842e-11
111,Normal,3.780467139658463e-22,0.9999999978859704,1.7589876729975602e-24,1.0429131131964826e-17,2.114029625941515e-09
112,Normal,4.692597053641127e-15,0.9999999992371368,1.1025524371210145e-22,3.4372820658156436e-17,7.628585714164352e-10
117,Normal,1.0220228252235922e-15,0.9999999994694269,2.6079414490314807e-22,9.551214703657791e-22,5.30572129846705e-10
118,Normal,1.1101948535854604e-16,0.9999999987773562,4.847258360576204e-22,6.755154080509711e-21,1.2226436270790198e-09
123,Normal,3.392075353264377e-08,0.9999999658865811,1.3296628633633237e-15,8.821206920498939e-18,1.9266400467319075e-10
124,Normal,2.259923600059793e-14,0.9999999960402097,2.4124913925333483e-17,9.289202555688703e-16,3.959766763542785e-09
127,Normal,1.5964619391805942e-06,0.9999551360916619,4.5137527114889254e-08,4.306065592238634e-05,1.6165294942825917e-07
139,Normal,1.3097972106761519e-11,0.9999461293963028,7.494534759868854e-13,1.4203552048017903e-11,5.387057564634116e-05
140,Normal,1.0230219245425695e-07,0.9999993204367125,1.8855682483471988e-07,4.5424703089466884e-13,3.8870381603763574e-07
142,Normal,3.413592323279708e-14,0.999979587742167,1.268994816394009e-14,2.316899758226603e-18,2.0412257786280712e-05
146,Normal,2.0873633642965818e-13,0.9996060377652559,2.4376349660075814e-13,1.4436956801254256e-19,0.00039396223429154627
150,Normal,2.1154636205263217e-12,0.9993041841999615,3.8845487731886497e-10,6.434078070280236e-17,0.0006958154094682396
151,Normal,4.081050419479384e-11,0.9992195808473554,1.1649993522144607e-08,9.840194235616433e-17,0.0007804074618404017
153,Normal,1.852674011810381e-13,0.9933335936777403,1.6987270067320316e-09,4.33175346544891e-11,0.006666404580029772
155,Normal,3.267197045772219e-13,0.9862782589991841,2.258908186124722e-09,3.4098519678233317e-16,0.013721738741580721
156,Normal,4.169601797916992e-23,0.9732852867972761,3.034262103245973e-16,7.076239050312988e-10,0.02671471249509961
160,Normal,7.820182036228099e-12,0.9284790836247995,0.024095600457026314,1.0632384802887965e-09,0.047425314847115596
162,OSF,7.387588814550661e-13,0.0032973500740279592,0.9958460481069619,4.795899674158695e-09,0.0008565970223717708
167,Normal,5.3345328935559854e-20,0.9999999999999641,5.185151822952514e-31,4.9857427185789244e-23,3.590341723576155e-14
168,Normal,3.533979122257713e-15,0.9999999999999762,1.3404885044352709e-29,1.1414493147826693e-20,2.0306335268835514e-14
171,Normal,1.7601459838256482e-16,0.9999999999995122,5.66779386094969e-27,4.0810031184978176e-20,4.877002998436013e-13
175,Normal,4.560283090472725e-08,0.99999995269592,2.8788419933973724e-19,1.7011694822506761e-09,7.958406134578514e-14
178,Normal,2.0103668243904925e-25,0.9999999998944672,7.490297721139487e-27,5.891529835943946e-15,1.0552687719815574e-10
179,Normal,2.4112497896961445e-11,0.9999999999756589,4.191243671563435e-21,1.0282612671646595e-13,1.2579887093285333e-13
181,Normal,2.1439054132086984e-12,0.9999999999948914,1.3091736575410901e-20,2.246797867640221e-12,7.178896576049595e-13
182,Normal,4.837758470718705e-24,0.9999999997295183,1.3800244359844664e-27,1.663019531876623e-18,2.7048179617000956e-10
184,Normal,4.5908141612017596e-15,0.9999999999998521,3.7624561140393666e-25,2.3675943222692884e-21,1.4335477354601868e-13
190,Normal,9.407224551253337e-15,0.9999999998459002,6.000928674093864e-22,2.886345949492761e-16,1.5409005294763885e-10
191,Normal,9.81015195104735e-13,0.9999999999830398,1.6772044152476934e-18,1.84869787929439e-12,1.413050628843716e-11
192,Normal,3.15107921371826e-19,0.9999999999404408,5.72440877756512e-23,3.248602622765969e-18,5.955920734377067e-11
195,PWF,7.582142836985048e-37,0.00461546802208062,4.2215890068345385e-25,0.9953840839992019,4.479787175406845e-07
201,Normal,1.728917990722557e-17,0.9999999987177863,2.2116696012654525e-21,1.919694837487134e-19,1.2822136964835152e-09
204,Normal,1.0676283891104132e-14,0.999999999456747,3.28917390201781e-21,3.3551330608237972e-22,5.432423511356135e-10
208,PWF,5.649023160340175e-10,0.38770353354559267,7.562184573601013e-10,0.6121861560326052,0.00011030910068122718
212,Normal,1.9805145470786597e-16,0.9999999560449032,1.6493154354889416e-19,2.053024130476996e-20,4.395509656470178e-08
214,Normal,6.068234869322341e-12,0.9999999896483204,6.351030173237202e-16,4.024981258879181e-20,1.0345610623227738e-08
219,Normal,1.6996086025451582e-13,0.9999995607655019,9.180603670026883e-17,3.512836255479937e-22,4.392343279692478e-07
227,Normal,3.4836499619544385e-10,0.9999977889132489,2.0646076023999517e-09,1.3033818825540418e-16,2.2086737783862526e-06
232,Normal,1.5918043072628674e-11,0.9999155668782691,3.410380700148167e-10,6.826671824969246e-18,8.443276477482651e-05
244,Normal,4.8007235849782836e-12,0.9812503945469024,5.031197813780223e-05,1.718960832337722e-13,0.018699293469987277
252,Normal,1.1822731848076583e-14,0.9999999999999862,7.341629240947407e-30,7.356787775423495e-21,2.032678533292235e-15
253,Normal,1.76270760766062e-18,0.9999999999999961,3.1597674987905265e-28,5.2382430503808965e-20,3.924904392915612e-15
254,Normal,2.620782581106458e-11,0.9999999999737922,2.934686525389697e-27,1.5291019145636856e-19,3.6398328537413205e-17
255,Normal,3.398323774040988e-16,0.9999999999999992,1.4861703712411108e-29,9.225674711677457e-23,4.4156143040380933e-16
256,Normal,3.530539756296169e-15,0.999999999999996,1.3402846596800872e-28,1.5005319795039448e-21,4.450339767115503e-16
257,Normal,4.628977444859423e-08,0.9593680130879086,3.2213519983573023e-18,0.040631940620291254,2.0256898499652826e-12
259,Normal,3.063448264768531e-15,0.9999999999999964,1.2964190814026863e-29,5.733606575935396e-24,5.535453520296016e-16
261,Normal,6.957470867773806e-14,0.9999999999820112,4.483173253636252e-24,1.3958517492774059e-11,3.960714370966142e-12
263,Normal,3.383784980375733e-21,0.9999999999948244,1.4725377894126213e-27,8.30784046383907e-21,5.17567182570285e-12
271,Normal,1.348399936535382e-17,0.9999999999963645,5.318106910257439e-27,3.8193913054922873e-20,3.6355992817021978e-12
272,Normal,6.610785313779312e-13,0.9999999999977712,1.0971824211453234e-25,4.1234064604754753e-22,1.567707155064173e-12
276,Normal,6.308702741778856e-10,0.9999999980934342,7.16298190244828e-17,1.265852258094093e-09,9.843144306626918e-12
277,Normal,2.738137106007892e-20,0.9999999979787383,1.0690233743623543e-23,1.4463342938074883e-18,2.021261757304415e-09
281,Normal,1.3834267816823023e-12,0.9999999999189473,2.768339977636478e-22,2.3824959887966546e-19,7.966923708008752e-11
283,Normal,4.5102779436549756e-10,0.9999999993330843,5.646097108930813e-19,1.3511895232829948e-15,2.1588666429768814e-10
287,Normal,1.3366567801751587e-17,0.9999999997606138,3.276059847455319e-23,1.1972802933658102e-21,2.393862173429966e-10
292,Normal,4.670523700545141e-15,0.9999999999153759,2.347571691167273e-20,6.070039228914222e-20,8.461946536548422e-11
296,Normal,1.0305686153952884e-18,0.9999990127155689,4.235871305769969e-19,5.330470106251977e-16,9.87284430487476e-07
297,Normal,2.794512211257129e-13,0.9999999994581815,3.210193526364286e-17,2.3381931069659066e-19,5.415390019943204e-10
299,Normal,3.1792706548211513e-28,0.9999964467163995,2.032151337441218e-23,3.80248997121734e-10,3.552903351478177e-06
300,Normal,2.0149202172817373e-16,0.9999995148969218,7.490553167726776e-19,2.5316674793336333e-19,4.851030779436257e-07
301,Normal,3.4213792064130355e-18,0.9999999571379298,2.8235615343329206e-17,2.662517990314016e-16,4.2862070091980055e-08
305,Normal,4.3125383765289766e-20,0.9999985426567779,7.895192116977731e-19,4.484180984004222e-18,1.4573432221631348e-06
309,Normal,2.6175251751564697e-12,0.9999999367386576,1.7622463903729915e-13,1.2013743685388776e-20,6.325854859406452e-08
313,Normal,1.987187731147507e-14,0.9999704749031887,1.8350950210843103e-14,2.0674408278869088e-21,2.952509677316534e-05
316,Normal,8.188652517626276e-17,0.9999290294068996,1.6116598924711235e-10,6.189467131286313e-11,7.097037003956375e-05
317,Normal,2.395540348286703e-18,0.9997280930710291,1.1939481522880296e-12,5.692431946652794e-13,0.00027190692720784347
326,Normal,3.732985413086101e-18,0.9888168976387519,9.261778341816119e-12,8.374511171533046e-16,0.011183102351985276
327,Normal,1.985695836962496e-14,0.9960714646207383,3.453519936936742e-07,3.4641687199542174e-14,0.00392819002721352
328,OSF,4.1441516913383385e-14,0.0034999426829413383,0.9962524107671137,1.5801560147882768e-07,0.0002474885343020669
329,Normal,4.0848272381759343e-19,0.974086611448348,1.3140605528853686e-12,1.749778867019644e-12,0.0259133885485882
335,Normal,5.234548296390795e-16,0.999999999999996,2.0998694960243943e-29,4.2846051605399653e-19,3.4050050634004573e-15
336,Normal,1.5427003633964785e-23,0.9999999999999795,2.921613171437046e-30,3.522579982208806e-22,2.0593260312111328e-14
337,Normal,4.233951969479192e-27,0.9999999999321432,1.895461850277668e-28,2.377658253048681e-14,6.783312503225277e-11
341,Normal,1.2760728220879073e-16,0.9999999999999996,1.3955155270422839e-29,2.1307890479025904e-23,3.0528511517488885e-16
345,Normal,2.442554286804169e-33,0.9992282589662403,9.111849449579355e-27,0.0007716935167969734,4.751696268344929e-08
347,Normal,5.25545672980068e-16,0.999999999999909,1.8446279390764455e-27,2.86956093495639e-19,9.046024444233686e-14
350,Normal,4.4642330667118975e-19,0.9999999999998979,2.276625703035742e-27,4.281249318569198e-22,1.022162279437787e-13
353,Normal,1.2656063336638963e-16,0.9999999999945384,7.915203034481711e-25,3.1001015923336757e-16,5.46125783503768e-12
354,Normal,1.7393348636777608e-23,0.9999999999903004,4.9094608952066857e-29,7.433217504586356e-22,9.699643164219632e-12
357,Normal,5.3343507734437287e-14,0.999999999997558,8.734172367568478e-24,9.146154411035199e-18,2.388761042018315e-12
363,Normal,5.484068905139594e-22,0.9999999997496337,2.289996893025289e-26,2.9319987348496965e-21,2.5036628683884606e-10
372,Normal,5.727085150968045e-19,0.9999999994489426,1.2817220750669647e-20,4.507589257000441e-18,5.510575203089361e-10
379,Normal,8.55713110970548e-22,0.9999999777790185,3.3820621105605696e-21,1.1409068752523436e-17,2.2220981471494962e-08
380,Normal,5.401641829065424e-22,0.9999999712920297,7.412461760612952e-22,2.112208136399897e-19,2.8707970307787502e-08
381,PWF,7.462649498722507e-35,0.003664845435119562,8.840795968041523e-23,0.9963337543383078,1.4002265725366267e-06
382,Normal,7.428286185451158e-18,0.9999999927554007,5.026325720692491e-18,1.862482855422075e-18,7.2445992659958005e-09
383,Normal,2.5027410733062657e-14,0.9999999995461529,1.4147986331541402e-16,2.367484890605057e-20,4.53821959300193e-10
384,Normal,8.307323435784677e-22,0.9999859569366977,3.695700235964553e-19,2.9585999492126877e-13,1.4043063006504185e-05
390,Normal,3.181104512847606e-14,0.9999804184093197,2.2625611402588626e-11,4.795427566079563e-09,1.9576772595192568e-05
391,Normal,2.6577447638021045e-15,0.9999999054733443,7.407435464352033e-13,6.015156137277492e-16,9.452591180405688e-08
394,Normal,1.138660871032171e-13,0.999997680303705,2.6562479009016225e-12,2.0721095965390256e-14,2.319693504101225e-06
395,Normal,6.411205183309436e-17,0.999998897096676,2.626589407051384e-14,1.259245085660602e-17,1.1029032976743488e-06
400,Normal,2.7795514579063693e-14,0.999992157102997,7.152787384034442e-08,7.018942078548738e-14,7.771369031175974e-06
402,Normal,2.6441373979978125e-19,0.9997021630978828,1.4075746639731845e-13,1.1280422066041084e-14,0.00029783690196506687
403,Normal,5.4560575925047205e-19,0.9998214868195471,6.271996502432228e-13,2.7319539499518813e-15,0.00017851317982301498
406,Normal,2.976457724707702e-13,0.7711182074147998,0.22798363056649795,2.0359983061401175e-06,0.0008961260200982886
407,Normal,2.8357512761217738e-14,0.995565236844111,0.003830918522140865,5.579353899548791e-09,0.0006038390543659383
412,Normal,8.704226797894972e-14,0.9960418940926749,4.792929027745046e-06,8.325579826625532e-15,0.0039533129782020875
413,Normal,2.235134345757335e-13,0.9955097355776529,0.0005304524585539334,4.376063750981963e-13,0.003959811963131979
416,Normal,7.713570334975758e-15,0.9891879552618512,2.8273102175762485e-05,3.362495167829678e-12,0.010783771632602747
417,Normal,9.859070502808902e-15,0.9778834519084995,1.1655827935387076e-07,2.0321247536923946e-16,0.022116431533211186
423,Normal,2.031609919174497e-12,0.9999999999964724,2.6812356897440137e-24,1.4954344987225122e-12,5.134889354173702e-16
424,Normal,2.5803401757883683e-16,0.9999999999999993,1.3384970617155102e-27,4.507879291799767e-19,4.694788033445767e-16
428,Normal,6.685894419859516e-18,0.9999999999999799,1.674870969950532e-29,1.1580962199359252e-20,2.009216561162992e-14
431,Normal,3.4869688816399363e-19,0.9999999999999696,4.8725610650468314e-27,2.880334591440942e-20,3.052560218271478e-14
433,Normal,6.653686744537882e-17,0.9999999999999746,5.6447195454672324e-30,8.460833476109125e-24,2.5367552936511006e-14
436,Normal,7.085082612635161e-17,0.9999999999999867,1.3122684070823767e-26,4.5702254057244585e-21,1.3101306286804093e-14
438,Normal,3.0503947020064762e-18,0.9999999999999527,1.3756180096069254e-26,2.1828197826995726e-21,4.734327268673176e-14
440,Normal,1.7488633473334312e-18,0.9999999999993261,1.1389480542558387e-28,2.33358923675035e-24,6.739249409271955e-13
443,PWF,1.644998649608614e-12,0.32121770580420356,1.7733880979571686e-14,0.6787822931867218,1.0074119781642493e-09
447,Normal,1.3512120315745176e-16,0.9999999999998227,2.661534773934506e-26,1.044972241030239e-24,1.7723675131838777e-13
451,Normal,6.522271130466063e-16,0.9999999999952607,1.3948257767137166e-26,4.578978682585132e-24,4.738639107284202e-12
452,Normal,8.304161853243752e-18,0.9999999999057081,5.022522446647847e-25,2.2109939166801956e-18,9.429195486091515e-11
455,Normal,2.2596368369106884e-16,0.9999999999851318,6.716473663070446e-20,1.9361042646094897e-17,1.4868020693281737e-11
459,Normal,1.9729955372559353e-17,0.9999999999540123,7.785240414692263e-21,3.839177201561796e-20,4.5987657644376404e-11
461,Normal,3.164928624791683e-18,0.9999999988636417,4.758942122047976e-24,4.368204835917848e-22,1.1363582900411626e-09
467,Normal,1.2928507504568951e-18,0.9999999971894312,4.0943863215308136e-18,7.832242717246163e-18,2.810568830250817e-09
477,Normal,4.683292388307806e-18,0.9999994069624032,2.4432707368332574e-15,7.40915800432659e-18,5.930375943122714e-07
478,Normal,1.3487918061653978e-18,0.9999944921405403,7.864661333622285e-18,1.1557017823501218e-19,5.507859459714615e-06
481,Normal,2.5252586249775016e-18,0.9999915578937986,4.816257970317017e-16,1.9659400593083103e-20,8.44210620098346e-06
482,Normal,5.890714490930429e-19,0.9999551865565853,1.9979630506924326e-15,1.9568194231165229e-16,4.481344341253274e-05
483,Normal,1.3580369902187272e-17,0.9999909873748104,1.7613451688333413e-13,4.698848381136529e-18,9.012625013489092e-06
484,Normal,1.1252783317216197e-14,0.9998715728065196,0.0001075107376113098,2.2075367310343324e-09,2.091424832112651e-05
485,Normal,8.562058878346176e-18,0.9999671073655011,3.4356012003672555e-14,2.7896668394616155e-19,3.2892634464555854e-05
486,Normal,6.800429548241821e-20,0.9992430223457437,2.7807436164668845e-15,2.326258353033461e-15,0.0007569776542511745
489,Normal,6.228817909217844e-17,0.999802809189822,2.5002264396327294e-08,9.817646321130198e-12,0.00019716579809588426
493,Normal,1.876740188171909e-14,0.9994328729539615,2.87013164487801e-08,1.634398611916943e-17,0.0005670983447032159
496,Normal,5.026060558525331e-18,0.983032553252572,9.68529523192431e-09,5.901994254772502e-11,0.01696743700311289
502,Normal,2.02050685422267e-16,0.975852500632724,8.269717720976946e-07,9.86209442507238e-12,0.02414667238564172
508,Normal,1.0713035047604167e-19,0.9999999999999742,6.84546764664565e-32,1.3367019916205812e-18,2.574667050428804e-14
509,Normal,2.533752695356746e-25,0.9999999999991673,8.25404198441639e-29,1.3628042107078341e-17,8.327749108672608e-13
511,Normal,2.8398970410967394e-19,0.9999999999999943,1.1075168727803062e-28,1.7666429580186967e-21,5.686680875224384e-15
512,Normal,1.2814844745646505e-17,0.9999999999999992,7.696016168328104e-30,1.1716272579354752e-23,7.974459265244693e-16
516,Normal,9.286140277221068e-23,0.9999999999998301,6.479067223605263e-29,2.181320363880012e-22,1.6984265229885473e-13
518,Normal,2.133975763467769e-17,0.9999998398351243,2.600234721099525e-24,1.6013869713719693e-07,2.6178532848172194e-11
522,Normal,3.0481904138498114e-18,0.999999999999982,2.598993889580478e-29,5.973543404937034e-26,1.8026550525986327e-14
523,Normal,3.6600230794888266e-20,0.9999999999999543,1.0491029652808396e-30,9.218498100608655e-23,4.583091202396916e-14
534,Normal,2.530647465660027e-21,0.9999999999825079,5.656176613152649e-26,6.429393101065063e-22,1.749215272709654e-11
535,Normal,2.3309160355654007e-20,0.999999999985713,3.2718726384174974e-25,1.1219746076505565e-21,1.428708144536135e-11
536,Normal,5.011905967945789e-19,0.9999999999204429,2.225536390080368e-25,3.5750891733059563e-16,7.955679234068792e-11
538,Normal,6.281882034820366e-22,0.9999999998829109,5.8432269138385305e-27,9.624703604381922e-20,1.1708913624938257e-10
539,Normal,3.1661752338170533e-20,0.9999999999629638,1.7246933745889048e-27,4.901069147184255e-25,3.703622062348246e-11
551,Normal,5.495212419308453e-21,0.9999999895548207,8.229516714533017e-22,4.6238619534177745e-20,1.0445179324209227e-08
552,Normal,3.575177820758337e-16,0.9999999999524822,2.1545120303981432e-16,1.297394198248906e-17,4.7517175255771786e-11
557,Normal,2.597918237305515e-16,0.9999999975730222,7.596676958644952e-15,4.718037507969836e-18,2.4269700743420183e-09
558,Normal,1.3136609461555387e-18,0.9999998651105926,5.270860023568723e-18,2.838616085278433e-17,1.348894075136683e-07
559,Normal,2.1012218921396962e-19,0.9999997809522317,3.0626557651894374e-17,1.347900791042504e-17,2.1904776826590963e-07
566,Normal,1.4152440932465953e-20,0.99999354726001,4.754786247303086e-19,1.8645598740039483e-19,6.4527399899989764e-06
571,Normal,4.2045536897261564e-16,0.9999828247582097,1.1841899041268429e-11,2.2999306963753942e-17,1.7175229948090033e-05
578,Normal,1.362069496783333e-16,0.9981078015428988,1.0428293817727085e-08,3.4676707050634044e-14,0.0018921880287726574
579,Normal,8.49957178418394e-16,0.9979885588993033,1.3644661972216405e-09,5.714628366468959e-17,0.0020114397362296027
581,Normal,3.590114120343031e-21,0.9746559351556335,1.6387526699121452e-14,2.0034549501423803e-13,0.025344064844149704
583,Normal,3.2059685439839146e-13,0.9926721585951822,0.0011571012432524104,2.9128591734487285e-14,0.006170740161215733
587,OSF,2.3498322300537216e-15,0.11447035303621518,0.8757073793747823,5.60330201168093e-07,0.009821707258799078
588,Normal,3.0618786674383757e-19,0.9332639210405218,2.319764871141164e-11,4.793045832010405e-15,0.06673607893627582
590,Normal,1.4158721930855716e-14,0.8940347167914027,0.00023521317405384828,7.957156567066537e-14,0.10573007003444965
591,Normal,2.485104437417112e-15,0.8834662465392408,7.815249899607632e-06,2.188809406720341e-15,0.11652593821085502
597,Normal,1.5798154963630858e-22,0.9999999999999989,2.4820483989640913e-34,4.837682192780095e-25,1.1151104665656988e-15
607,Normal,5.448387088364182e-16,0.9999999999974865,5.353922574936742e-23,2.28370163582587e-12,2.292323800401811e-13
608,Normal,2.594144674983542e-22,0.9999999999998315,6.69103897092703e-32,1.0680134608600846e-25,1.6854005235330538e-13
609,Normal,4.296174662107918e-16,0.9999999999999887,1.8568612805717955e-25,8.833645255609332e-19,1.0852791190156478e-14
611,Normal,2.8378896099432715e-18,0.9999999999998775,1.0239457832543525e-28,7.958767772498276e-26,1.2245563385364712e-13
613,Normal,1.1543373488439334e-18,0.9999999999995892,5.184299387214948e-28,5.752817491368104e-25,4.107467144863557e-13
615,Normal,1.8631676611217724e-19,0.9999999999997322,2.4299514841864105e-29,1.7693609475455375e-21,2.678273399233799e-13
621,Normal,5.561842339959603e-18,0.9999999999954969,3.810814948815107e-26,2.4175281972846523e-19,4.503113027741447e-12
624,Normal,8.729579998253637e-23,0.9999999878295142,3.1212479756647616e-23,2.310268466282621e-14,1.2170462771562767e-08
628,Normal,2.2545525555410377e-16,0.9999999999837548,1.523268923803722e-22,3.178048777022672e-22,1.6244968645541943e-11
632,Normal,2.9769219481100097e-17,0.999999999406444,1.2965381084372525e-21,4.9783548387792286e-21,5.935560311387798e-10
636,Normal,1.5925984707389158e-21,0.9999998180588314,2.1381025780860697e-21,2.878291466328202e-16,1.8194116824692816e-07
639,Normal,2.3465322070647082e-17,0.9999999964410985,2.7295490055478966e-20,1.4853885897878021e-21,3.5589014753428898e-09
646,Normal,3.484055679624737e-16,0.9999999964501483,1.0384172944783855e-17,1.4951801808447231e-22,3.5498513582553607e-09
652,Normal,1.0359503087085182e-16,0.9999994077446286,1.8187364993120134e-15,5.938149432169863e-20,5.922553695371423e-07
658,Normal,2.9310407427515867e-13,0.9920084288711092,0.007395842357872186,0.00013414174550406826,0.00046158702522148333
659,Normal,6.086689109671758e-17,0.9999796534900551,3.6381247193427413e-13,1.8334559679129837e-17,2.0346509580918225e-05
660,Normal,7.012301158445988e-15,0.9999816300831952,1.6663051259946547e-07,1.4269790664358676e-12,1.8203284858202962e-05
661,Normal,6.696320150075166e-20,0.9994745711909644,2.5136649693486303e-16,5.596487671378918e-17,0.0005254288090352202
665,Normal,3.026634834809086e-14,0.999914568469535,1.6726428917465176e-07,1.7473029654755627e-15,8.526426614371013e-05
669,Normal,1.171603524046632e-19,0.9926917686369161,1.5083612500563312e-13,2.799725893599661e-17,0.007308231362933077
672,Normal,2.6160590305377905e-16,0.9933366306645289,1.6772801856557562e-09,9.007139994649891e-17,0.006663367658190477
673,Normal,9.23138205238024e-15,0.9917091917556229,1.94163196801929e-09,5.154034167800844e-16,0.008290806302735342
676,Normal,1.3908525261444948e-17,0.9999999999999997,1.9916051713286345e-32,7.81202577730108e-22,3.4876925728242677e-16
677,Normal,6.69344380214e-23,0.9999999999999973,2.3435598701613838e-34,5.595830316338259e-25,2.749883452635171e-15
681,Normal,1.0944697240241641e-17,0.9999999999999988,2.1095007504478724e-32,4.661424704559182e-24,1.256469512471041e-15
688,Normal,4.163337699839145e-19,0.9999999999995812,4.837148890403334e-28,3.396973883831677e-19,4.188232026926926e-13
697,Normal,4.365909778852071e-24,0.9999999987777033,5.335137299263118e-26,1.3623493999715341e-17,1.2222967901457143e-09
701,Normal,1.2144958669960485e-21,0.9999999992717531,1.22786356621162e-24,2.1237091520864643e-19,7.282469155898275e-10
702,Normal,5.338571790913532e-17,0.9999999999948858,2.706341115515001e-23,7.19341677609028e-21,5.114217372301728e-12
709,Normal,9.067115452311678e-16,0.9999999998290372,6.925742421080014e-23,2.401341215933747e-20,1.7096194046304418e-10
712,Normal,5.495509459227585e-16,0.9999999999285156,6.400124154857685e-19,8.909587429919523e-19,7.148379529204772e-11
723,Normal,2.8132578968752085e-16,0.9999999977979064,3.163789515203592e-17,2.5994767631232948e-20,2.202093268775954e-09
725,Normal,5.49288960515275e-16,0.999999997083161,3.100413409268322e-17,1.1297331147871863e-21,2.9168384921577653e-09
728,Normal,1.74260618255328e-18,0.9999977383339768,3.0230247630681236e-19,1.0797646338456262e-20,2.2616660232686263e-06
729,Normal,6.67618437271919e-16,0.9999971007038317,1.7032358003024557e-13,9.489649639460829e-14,2.899295902407802e-06
730,Normal,2.2043014463231514e-18,0.9999992807175094,3.4612369231514516e-15,3.884665027996907e-17,7.19282487134994e-07
732,Normal,1.5131498881058258e-15,0.9999030760543622,2.524990076715864e-10,1.261312089937401e-09,9.69224318251598e-05
740,Normal,7.464617679691207e-16,0.9999742260857637,1.0671881977155824e-11,1.7868225004591028e-20,2.577390356365095e-05
741,Normal,4.8829486440670975e-17,0.9992160954443762,7.087349421406069e-10,1.612229473020124e-13,0.0007839038467276608
742,Normal,3.477804536841476e-17,0.9998793387371088,5.915635641209862e-11,3.166142232323519e-17,0.00012066120373486996
759,Normal,1.2956228620781736e-15,0.8641320953299819,0.003128808932016811,4.7735181009449175e-12,0.13273909573322648
760,Normal,1.6342584612417719e-16,0.8231517618502159,5.6267437113848184e-08,2.4459701326954892e-14,0.17684818188232249
763,Normal,4.140493634575113e-14,0.9999999959555055,2.763665316018712e-26,4.044435206611053e-09,1.7827922501741827e-14
767,Normal,1.0152730274555904e-19,0.9999999999999996,2.322110323305316e-29,8.39093744866091e-21,4.775587766836421e-16
771,Normal,7.950926556142921e-14,0.9999999999321729,2.1650336050608734e-23,6.77427799837248e-11,4.73315561783359e-15
772,Normal,6.13832433238722e-16,0.9999999993557576,1.0402561486217255e-26,6.426943412000585e-10,1.5473680851175587e-12
775,Normal,1.3790987464073205e-15,0.9999999999999925,1.5106725169944037e-24,1.8566546974170034e-15,4.261410534803342e-15
776,Normal,1.2905780282052123e-16,0.9999999999999982,4.5357466687227354e-26,2.622607171733085e-18,1.6149720698357173e-15
778,Normal,1.7413967083970359e-15,0.9999999999999978,3.4636239130535117e-26,1.2961092062211555e-19,5.151762738410692e-16
779,Normal,6.429874651237825e-21,0.9999999999999811,1.5252957236380347e-29,1.808024472901181e-24,1.8880999994692185e-14
782,Normal,1.2929344326220379e-22,0.9999999999995799,5.135563215786989e-28,4.055114354000123e-22,4.2012273352979725e-13
783,Normal,7.255873398605025e-23,0.9999999999992081,6.23903435224686e-27,2.0550418654690105e-20,7.919751590618874e-13
785,Normal,5.255956608604122e-24,0.9999999999971405,4.760487274461289e-27,1.481221969948285e-20,2.85955480045074e-12
787,Normal,1.562642735663834e-23,0.9999999999931855,2.5610770750697524e-26,5.328899023650175e-20,6.814542236288255e-12
793,Normal,1.4099886316715903e-16,0.9999999999999867,3.325576732417776e-26,1.3978420470860873e-24,1.3236665172152416e-14
802,Normal,1.3697511857319885e-14,0.9999999999993607,4.3335482527290153e-19,1.1937704841450124e-18,6.256310088953274e-13
808,Normal,1.876286474494269e-24,0.999999962169508,4.3485921588836185e-23,1.4671092982020027e-17,3.783049195126213e-08
812,Normal,1.0905157100054591e-19,0.9999999951039236,4.60935290913665e-19,2.657208728385165e-18,4.896076475597797e-09
814,Normal,2.565243015464094e-18,0.9999999977029238,1.167730472138169e-18,1.8896948265003915e-19,2.297076189823399e-09
815,Normal,3.306727536488522e-15,0.999999952279368,1.119013148316114e-16,1.306162707798489e-15,4.7720627139299245e-08
817,Normal,3.8122519567139854e-16,0.9999999945764763,7.697884521888054e-14,3.968118589815661e-15,5.4234424671847504e-09
818,Normal,2.0980968771965415e-15,0.999999994623694,3.188091574833656e-12,5.0446660438675304e-14,5.373065355736591e-09
821,Normal,1.003003179447355e-18,0.9999999487450815,1.1117623098351589e-17,1.4506122350637912e-20,5.1254918541082534e-08
822,Normal,1.016269877290346e-17,0.9999999774266185,2.930971724899762e-16,3.9227034882864583e-19,2.25733811673814e-08
823,Normal,5.251922794812569e-18,0.9999940245683445,1.3185967363830966e-17,7.219630976886992e-20,5.9754316554697e-06
825,Normal,6.522093177003326e-17,0.9999999273445281,9.528230599391247e-15,5.970033253288359e-19,7.26554621032491e-08
828,Normal,4.1659479588890316e-18,0.999999693787318,7.805940999591017e-14,5.615937022540845e-17,3.0621260373808636e-07
830,Normal,1.0821016364004928e-19,0.9999972739255734,1.2697029999837084e-15,7.555962329265042e-19,2.7260744254423095e-06
831,Normal,4.767123056657599e-20,0.9999951250482711,1.275408481666491e-14,1.6845878763146766e-16,4.8749517159668e-06
833,Normal,3.4106219553496556e-18,0.9999941874546696,1.5397889537452778e-13,4.905313313900856e-18,5.812545176370466e-06
835,Normal,3.273479861530907e-15,0.9991512318420729,1.2557541440694122e-09,2.0696262957599966e-13,0.0008487669019628093
837,Normal,1.277915847382074e-15,0.9999788541078055,1.0146053184797747e-09,8.20083404534314e-18,2.114487758785254e-05
839,Normal,3.970714610885286e-16,0.9912270467594452,2.387644660504564e-11,1.5066928743870842e-17,0.008772953216678004
846,Normal,1.7150035778533933e-16,0.9942860768811348,5.612941216570227e-07,5.51792507704702e-16,0.00571336182474283
849,Normal,1.221622374349791e-16,0.9716360165587654,0.015054274457482171,3.961663806521946e-10,0.01330970858758588
863,Normal,5.862020172231898e-25,0.9999999999993996,2.36256271813948e-30,8.871267728887017e-22,6.00462855585311e-13
864,Normal,2.3821803368568906e-17,0.999999999999999,1.2401507830200194e-26,6.4956743496375015e-21,1.0208324643223513e-15
865,Normal,1.521159309638742e-28,0.9999999950981571,8.007828757185158e-26,1.2638166840488872e-10,4.775461292061386e-09
866,Normal,3.7276187971956697e-16,0.999999999999963,2.5394777477360363e-22,1.728147504981838e-14,1.9336180067021082e-14
870,Normal,1.0186224538568803e-16,0.9999999999999947,4.1157197872850794e-23,4.005586327055757e-18,5.232384855441204e-15
887,Normal,1.644873311929038e-19,0.999999999998037,6.214498095786718e-23,1.2170048732989876e-21,1.9629933306947437e-12
889,Normal,1.8591321384928758e-22,0.9999999783087854,1.9731861702318003e-22,5.753750851517173e-21,2.1691214683254893e-08
895,Normal,3.037244979747449e-18,0.9999999997701081,1.6219996521543346e-15,1.384409949446107e-14,2.2987635507351258e-10
896,Normal,1.5195206387671902e-15,0.9999998762617062,6.608587518966396e-14,4.576670681721577e-10,1.232805592056639e-07
897,Normal,1.5023905895335508e-21,0.9999999983307586,3.276446030116959e-20,8.646621796141612e-20,1.669241519425185e-09
899,Normal,3.957417444544164e-18,0.9999999958559755,2.0528670654739387e-13,4.92580521194615e-12,4.1388934147120026e-09
905,Normal,2.2244606047740663e-17,0.9997070225565051,1.0265307554081722e-11,9.7702789196737e-08,0.0002928797304403697
916,Normal,5.981180079802807e-18,0.9995770321226386,2.839607607525581e-12,1.7532903890508558e-15,0.0004229678745200443
918,Normal,3.3055629076372358e-18,0.9996321184051031,6.1138221210714e-05,1.9072470254421789e-06,0.00030483612666073903
920,Normal,2.433050799563637e-17,0.9996797752991843,0.00016904977534454863,2.562418899520098e-09,0.00015117236305226757
924,Normal,1.4111201419161435e-15,0.9853287447733711,2.636425857396837e-06,1.8276820411824208e-12,0.014668618798942441
925,Normal,3.986408976054631e-23,0.9902105048524138,7.725098665970518e-12,5.6420393298460656e-12,0.009789495134219046
928,Normal,1.104483797436291e-16,0.9999999999705864,5.2761044876216785e-28,2.9352058387347736e-11,6.141199697423862e-14
929,Normal,8.565571451257453e-30,0.9999999999999285,4.8416090083646485e-31,4.041326582043667e-17,7.147632396801877e-14
930,Normal,7.909127307844565e-16,0.9999999999991513,2.2014884571484664e-25,8.476088266722282e-13,2.2555934484758377e-16
933,Normal,4.567091266054647e-16,0.9999999999999996,1.4736399389551943e-26,7.868647333487446e-17,1.959326279904544e-17
938,Normal,3.0101771836031105e-13,0.9999995980194173,2.5363183619676974e-20,4.019802686254888e-07,1.3060395957426788e-14
954,Normal,8.71124625348214e-24,0.9999999999993638,6.059575082340133e-26,3.226277057804217e-20,6.36228528529041e-13
956,Normal,1.1596055804156061e-28,0.9999999999228928,1.688156972487058e-27,2.441919710809684e-18,7.710730391455425e-11
963,Normal,3.605772130606156e-18,0.9999999999551847,1.8557311207576578e-22,8.182917447163329e-19,4.481535766868157e-11
964,Normal,1.022284331177377e-22,0.9999999999666573,1.705282341353067e-24,7.815200176495031e-22,3.334264547954842e-11
966,Normal,2.724037402512434e-19,0.9999999999867878,2.539052994840596e-19,4.601070452087156e-15,1.3207620197207923e-11
968,Normal,4.415043315597951e-19,0.9999999992221411,5.610191356829312e-22,1.4735074658985205e-19,7.778589850142434e-10
971,Normal,3.015898674635428e-21,0.9999999998843272,2.466127670931442e-22,7.025025944116738e-21,1.1567289884475788e-10
981,Normal,1.7249620480376858e-17,0.9999999995770148,4.1749656735317765e-18,1.670644794998881e-20,4.229851820911127e-10
989,Normal,2.4562684629382408e-23,0.9999314160717897,5.3489732463483555e-19,3.549130796508642e-15,6.858392820677233e-05
991,Normal,3.581502305549246e-17,0.9999998324118454,5.730002989704147e-11,1.637517813706895e-14,1.6753083817237127e-07
993,Normal,3.465630002087536e-21,0.9999966421860442,1.831532582283049e-14,2.3293808196114444e-15,3.357813935116512e-06
995,Normal,3.8685884290821114e-14,0.9999610266183009,4.807116139520718e-07,2.5909221119374764e-08,3.84667608254704e-05
997,Normal,3.6148066696384474e-14,0.9999836614030596,3.478471695347888e-10,6.976704873765753e-16,1.6338249056401355e-05
999,Normal,1.463198756365018e-25,0.9765672734462845,4.815524947164721e-16,6.405228300453207e-08,0.023432662501432125
1000,Normal,4.039102540662674e-19,0.9998777951156362,1.9854569891474652e-13,6.00069662405558e-19,0.0001222048841652206
1005,Normal,5.815338496153259e-17,0.9801571548318785,3.6374169925444304e-10,3.8537556419308914e-16,0.019842844804379364
1006,Normal,3.7979213081565976e-16,0.9782174101074966,0.02064537537729331,1.1889708854796477e-09,0.001137213326238927
1007,Normal,4.774155539140907e-16,0.463497716484726,0.5315373184909751,1.2882684424018382e-06,0.004963676755856149
1009,Normal,7.559295027324856e-18,1.0,5.500920742556341e-31,1.6013123922400828e-22,6.379286977482723e-18
1013,Normal,3.119922694734653e-18,0.9999999999999999,6.878354378475955e-33,5.851382620822198e-26,1.5090630704281837e-16
1016,Normal,7.111775071688167e-17,1.0,7.830816691021182e-31,1.565813429266965e-24,6.32919629320284e-18
1019,Normal,3.478486728270395e-13,0.9999999998187821,1.0631469447334969e-21,1.8086564739202686e-10,4.464033542397809e-15
1022,Normal,1.0173559735161074e-17,0.9999999999999848,9.86281060175287e-29,1.6383651405951332e-21,1.5200013372634007e-14
1023,Normal,2.8935168274257485e-20,0.9999999999999984,2.366266435777219e-29,6.225136362303814e-24,1.5899069558205319e-15
1026,Normal,1.459271277620378e-19,0.9999999999999988,1.2597144335358811e-29,2.722138517749055e-25,1.267972446163008e-15
1027,Normal,8.856247073496191e-20,0.9999999999999944,1.5028982660424107e-28,8.467743257030666e-24,5.522464096181106e-15
1031,Normal,9.784099178858005e-25,0.9999999999967819,7.151833040052081e-27,1.684015257189762e-19,3.2181131254804806e-12
1034,Normal,1.2043546384537292e-22,0.9999999999956379,3.0160202402454143e-28,2.019133591217219e-20,4.362126254598701e-12
1035,Normal,1.2173586761656737e-27,0.9999999949984694,1.2583187439550022e-26,1.1585089836500233e-15,5.001529567639452e-09
1038,Normal,2.8273739377410547e-23,0.9999999999638953,3.68651435146477e-27,2.1720145629687564e-20,3.610475029619921e-11
1043,Normal,1.3190887650952704e-19,0.9999999999955551,4.65188558505336e-24,2.4668910540989088e-21,4.4449450184691816e-12
1046,Normal,4.035672621587915e-17,0.9999999785598485,8.484169423650842e-20,3.5253034197554976e-10,2.1087621195964383e-08
1047,Normal,1.3649901032058378e-16,0.9999999999996368,2.5831010310544682e-21,3.64463972125648e-21,3.630639287148568e-13
1049,Normal,4.0721292780072655e-21,0.9999999998097719,4.6608580883337837e-23,3.3982146618793824e-21,1.9022809925936307e-10
1054,Normal,2.3117799380372476e-20,0.999999985920484,1.328910208717253e-22,1.008172616548449e-21,1.4079515895952866e-08
1059,Normal,1.1191560580799263e-20,0.9999999901998172,2.501083406425443e-21,5.46386599681133e-22,9.800182674318375e-09
1061,Normal,1.2482241806482067e-16,0.9999606946332587,7.680540435336625e-14,3.028972598986331e-07,3.900246940454317e-05
1064,Normal,3.438651008485125e-20,0.999995351606847,9.186515867010805e-18,2.1684862426846297e-16,4.648393152683783e-06
1067,Normal,2.4084442222527898e-17,0.9999956498988561,5.82559591567905e-16,1.7992481294955225e-16,4.350101143082227e-06
1071,Normal,6.509161319902803e-16,0.9999811497291324,1.6058688486882035e-16,6.76723910721861e-21,1.8850270866802774e-05
1073,Normal,1.842052930507141e-14,0.9999907319764525,5.401235468332519e-13,2.1116722085757396e-16,9.268022988738644e-06
1074,Normal,2.509493181804327e-15,0.999998723665367,3.518601563600122e-10,3.44143369266748e-15,1.2759827666736793e-06
1082,Normal,9.367554730189509e-17,0.9998187438709963,5.219604105195401e-10,1.5568358903714097e-15,0.00018125560704173249
1086,OSF,4.019668569391026e-15,0.011640650296315377,0.9877846111329843,2.445278428155817e-06,0.0005722932922680784
1087,Normal,5.143287266197142e-15,0.9850927847858223,0.010181212592925981,1.1905617880180339e-09,0.004726001430684809
1095,Normal,7.545420159742234e-15,0.9999999999999925,3.6399823417553766e-30,1.1809313136562023e-23,8.182484607610137e-18
1099,Normal,1.0627041006374973e-17,0.9999999999999749,5.984721883862637e-29,4.617124252064634e-22,2.5086458115640235e-14
1101,Normal,1.340448450077815e-24,0.9999999999988688,2.9960701429016696e-30,6.478401591800914e-21,1.131238492115938e-12
1103,Normal,1.0169831524963446e-12,0.9999999999973964,4.236929695563985e-21,1.5680017138964062e-12,1.869505205906591e-14
1104,Normal,1.7391103944167346e-18,0.999999999999569,6.051844817956628e-27,1.4314824751268227e-20,4.31054523105646e-13
1107,Normal,2.214728107292891e-19,0.9999999999999465,3.097721542918378e-26,4.993266006815228e-21,5.35469260878319e-14
1108,Normal,5.763909069406215e-18,0.9999999999982531,1.7017366134781692e-25,6.10468863741653e-19,1.7469850297489897e-12
1116,Normal,3.4541593230209066e-28,0.9999998466590283,1.269224665277715e-24,4.9005845153151236e-11,1.5329196592885088e-07
1119,Normal,5.250932511512289e-18,0.9999999999996503,2.859860516519272e-24,1.9238999419608495e-22,3.4974370673145663e-13
1120,Normal,1.2535369702935767e-13,0.9999997561022695,2.3795699537084558e-14,2.437333065719775e-07,1.6427484209534932e-10
1121,Normal,1.2923469805374805e-23,0.9999999988704915,9.480880920485665e-26,3.579441844475183e-20,1.1295085312231266e-09
1122,Normal,3.444749255065603e-18,0.9999999999979134,1.0605484008284602e-23,7.336420099045433e-23,2.08650897518675e-12
1125,PWF,4.795797547990704e-15,0.015602479043093856,3.326114353679666e-13,0.9843974510795197,6.987704902828937e-08
1134,Normal,7.499860560981217e-16,0.999999991376782,5.191955221493209e-18,6.42646692601179e-17,8.623217081793138e-09
1135,Normal,7.6752215695369e-15,0.999999919057417,3.951287493697175e-15,3.9391162696656795e-13,8.09421773649608e-08
1143,Normal,1.4266852981422257e-16,0.9999999828107639,1.6106914671451231e-15,1.87763379478901e-19,1.718923431286338e-08
1145,PWF,4.1728958731763636e-17,8.987369920871274e-06,6.186519484778021e-08,0.9999909308090055,1.9955878816572274e-08
1146,Normal,1.0936294394725525e-18,0.9999992131354466,1.9549907476806485e-17,5.5169262393403075e-21,7.868645533991615e-07
1147,Normal,9.940350280445573e-18,0.9999996322671374,7.214999299037872e-14,2.921393298087628e-16,3.677327900292487e-07
1150,Normal,7.087860669614816e-16,0.9999976462943325,4.566163920186016e-15,1.7808292595024933e-21,2.3537056622223373e-06
1155,Normal,1.3833660398976415e-19,0.999949164760039,2.658550371678511e-15,3.2299350894574172e-19,5.083523995833265e-05
1159,Normal,3.592478399578686e-15,0.9997362237623395,6.455289035012693e-06,1.290796522211259e-12,0.00025732094733118464
1161,Normal,1.5056957620812146e-22,0.9818933453700512,2.6054320021057962e-15,1.9651919896499555e-12,0.01810665462798099
1166,Normal,3.2841135996447666e-15,0.9776144657781857,1.5156515934583006e-09,4.380335729335265e-19,0.022385532706159412
1169,Normal,3.598145134352159e-17,0.9870922664151198,1.7937305838924997e-07,9.938280755246491e-14,0.012907554211722435
1176,Normal,1.3153120198477163e-20,0.9999999999999959,3.599227512871773e-31,6.920863561369943e-21,4.119969943950925e-15
1177,Normal,1.68288993357767e-17,0.9999999999999998,8.326667717589367e-33,5.72710335473174e-24,2.3416108811258574e-16
1181,Normal,6.717197074713917e-22,0.9999999999999976,7.200218865285358e-34,3.1347761727704893e-25,2.545992918325964e-15
1183,Normal,2.354877558241075e-14,0.999999999999976,5.155216160051496e-26,6.166328592547623e-18,5.379614277077808e-16
1185,Normal,2.5792920861346334e-16,0.9999999999999696,9.946785876093275e-25,1.2226874505307915e-14,1.7950689967626323e-14
1186,Normal,3.2265913211494034e-16,0.9999999999999891,4.392946442488115e-25,3.773533969505096e-16,1.0215887320922545e-14
1190,Normal,1.7535877179656266e-24,0.9999999999613466,2.3451242940556393e-27,6.974995567090982e-18,3.865343024084968e-11
1196,Normal,1.1698590096214422e-15,0.9999999999996435,2.144797169906936e-25,1.593658643114629e-18,3.553259112280014e-13
1198,Normal,3.622077760733068e-16,0.9999999999981638,2.680540268981434e-24,2.3557028033533356e-17,1.8358985319749907e-12
1202,Normal,1.6557541132526757e-20,0.9999999999634313,1.5246416681192816e-21,4.002531984481039e-14,3.6528564970390334e-11
1204,Normal,8.721148008548171e-18,0.9999999999554248,6.75565573602004e-25,1.781039189186078e-17,4.4575252946365424e-11
1206,Normal,1.3971934316530575e-14,0.9999999999872744,3.633333606087819e-17,3.923117855143411e-12,8.78851115446214e-12
1212,Normal,1.3448682464195782e-17,0.9999999972585658,1.3040851736983734e-21,3.8439897232767404e-17,2.741434194236746e-09
1215,Normal,2.2005522598673372e-21,0.9999998638930466,2.773997995085351e-20,3.614933957026342e-16,1.3610695299010997e-07
1227,Normal,1.8450788729497252e-17,0.9999999676461268,6.599977877709905e-16,9.756911181418055e-19,3.235387256196549e-08
1228,Normal,7.628853044755632e-17,0.9999999797717982,8.456846077661153e-17,1.6662078303728116e-21,2.022820147880559e-08
1230,Normal,4.82456660676161e-15,0.9999999791114031,5.093076701669255e-11,1.2518503074091192e-15,2.083766004937609e-08
1231,Normal,3.4198702196204724e-23,0.9998236335581342,1.5589820791804867e-18,1.8087917944139962e-13,0.0001763664416848987
1234,Normal,3.7691667869374695e-15,0.9999267860269467,1.2536560642515293e-09,1.0625424588283124e-09,7.321165685096037e-05
1241,Normal,1.0393349556029947e-18,0.9990703701701225,3.887697330175615e-12,6.5080315795583e-17,0.0009296298259896572
1242,Normal,8.097633496917875e-19,0.9972744860337863,3.104124402960298e-13,5.64939228203069e-16,0.0027255139659026944
1247,Normal,1.5421532459783456e-19,0.9774108411220478,3.2656904902797254e-12,1.5914269532673919e-13,0.022589158874527365
1248,Normal,1.1930736003600367e-15,0.9892602026104259,5.9167574532655064e-05,4.7307895652129004e-12,0.010680629810309431
1256,Normal,2.2999163871551227e-18,0.9999999999999611,7.740116366550784e-31,2.461816212936133e-16,3.863183098024087e-14
1259,Normal,1.3793375219791465e-14,0.9999999999999336,5.208744271855149e-25,4.959956976899807e-14,3.0221989180924676e-15
1260,Normal,4.482659090456961e-17,1.0,9.65062763427672e-34,2.656018647765314e-25,4.0026594759601785e-17
1261,Normal,4.228660907563585e-18,0.999999999999998,8.118413635673005e-31,5.1157028744344857e-26,1.9785258817237394e-15
1269,Normal,3.214165293407131e-16,0.9999999999997989,8.094137058529425e-24,2.583452507732127e-16,2.0056146437653848e-13
1271,Normal,3.945809347648024e-14,0.9958521374610383,4.1713779970964346e-20,0.004147861429138898,1.1097834321927456e-09
1272,Normal,1.6524823999166298e-20,0.9999999999995586,2.6993100686603057e-30,1.8965913693331598e-23,4.414791542442064e-13
1277,Normal,5.306308941323286e-21,0.9999999984584265,3.632870237078977e-24,5.292451879859042e-17,1.541573578772078e-09
1279,Normal,3.473805792254987e-13,0.9999999999873718,7.033268592593843e-18,1.745309782389056e-12,1.0535607809950491e-11
1282,Normal,2.4105113168665545e-15,0.9999999489866896,3.182953440561258e-20,1.947351329860692e-10,5.081857284451389e-08
1285,PWF,4.5195523962636406e-26,0.9999976170872139,1.604579965029533e-22,8.270231271186993e-10,2.382085763027265e-06
1290,Normal,7.1547272297036005e-19,0.999999982445512,1.3475711673767964e-22,3.0031626150346016e-20,1.7554488081470414e-08
1293,Normal,1.7499897198212582e-21,0.9999968803379569,5.5557730407635475e-21,3.7906225584267934e-14,3.1196620053228577e-06
1295,Normal,1.7894012548991336e-14,0.9999999939509425,6.14355059530027e-19,1.4299426572984267e-21,6.049039642616132e-09
1296,Normal,3.641397393510791e-12,0.9999999558188901,7.120360931765211e-11,4.1669951355947e-10,4.3689565200678854e-08
1304,Normal,1.3205477744394638e-15,0.9999990723029019,4.940259788361151e-13,3.1653925613632916e-13,9.276962862529907e-07
1305,Normal,1.0019723450725076e-22,0.9987056099261017,6.00896058335028e-17,2.0104343277056052e-07,0.0012941890304654028
1306,Normal,6.451742680048738e-17,0.9999933494066083,1.337654709452581e-16,5.639255144076101e-18,6.650593391485333e-06
1307,Normal,5.990337000214197e-14,0.9999993836245304,1.2664350984399156e-14,8.6442463412719445e-19,6.163753970433113e-07
1312,Normal,1.4819050652154947e-15,0.9999835900416596,3.523715620068818e-16,9.718082559566748e-21,1.640995833857649e-05
1315,Normal,3.86316476182887e-17,0.9998098779403667,2.005516250149045e-15,4.5807887755429874e-15,0.00019012205962680673
1326,Normal,1.612640409395022e-16,0.9960752736555496,4.386888216539877e-13,2.1056719266863615e-16,0.003924726344011396
1327,Normal,5.0900428227760383e-11,0.992791693207465,0.0001080073165498978,1.2627740423015259e-13,0.0071002994249584495
1331,Normal,4.206923794079629e-16,0.8931182876520363,2.998951974266526e-09,1.595233316930177e-13,0.10688170934885168
1333,Normal,7.846312126938932e-19,0.49531378155845207,6.448295659932051e-11,8.58237130372912e-11,0.5046862182912413
1338,Normal,2.7455642759458657e-23,0.9999999999999849,6.738174865981032e-34,2.5338857615063716e-23,1.517411685598204e-14
1358,Normal,1.1539918775618511e-14,0.9999999999998511,4.5744743058506356e-24,6.09596515521195e-18,1.3735244293983933e-13
1361,Normal,5.289708220599124e-24,0.9999999999924744,3.3805569049887876e-30,1.0401605191401861e-23,7.525699423959493e-12
1365,Normal,2.114116791581461e-17,0.9999999999926883,6.126222470887396e-26,3.4613952126883766e-24,7.311714058151601e-12
1372,Normal,2.0578209683573432e-18,0.9999999999144054,2.6493992910407495e-26,1.5039401417970262e-23,8.559462470731977e-11
1374,Normal,4.558841977444853e-15,0.9999997788395983,8.117923592176006e-18,1.5642639341195196e-07,6.473400372392501e-08
1375,Normal,1.399592508159743e-16,0.999999999635204,3.691702536858474e-22,2.5098668822883005e-21,3.6479592941658e-10
1377,Normal,1.205878749060728e-18,0.9999999997242592,3.152474687132459e-26,1.9624477588504692e-26,2.757407938269043e-10
1378,Normal,6.472826242069916e-15,0.999999999759372,2.338029292382215e-18,2.991116685916682e-17,2.406215671384957e-10
1384,Normal,2.98310909300441e-15,0.9999999995200877,4.243227548035349e-22,1.1931221874880911e-21,4.799094443345225e-10
1390,Normal,6.23649581587897e-15,0.9999998727383185,6.183750925417916e-15,3.5935781906885115e-16,1.2726166875105726e-07
1391,Normal,2.392119493704224e-12,0.9999992353874443,9.099122175581476e-09,1.188568275091552e-08,7.436253586406967e-07
1397,Normal,1.2277589535524115e-13,0.9999988451622784,1.9595240883135187e-15,1.8971781935468637e-20,1.1548375968240556e-06
1401,Normal,1.7765638728279785e-13,0.8860903057204884,6.637807428724559e-08,0.06120505639624714,0.052704571505012544
1409,Normal,5.856590638246219e-12,0.9996037310715762,2.670109660715717e-05,4.823000454024615e-11,0.0003695677777300963
1412,Normal,1.0439917515112927e-19,0.9158357139773049,5.317450002996769e-13,3.5361509166783686e-09,0.08416428248601227
1415,Normal,1.7629677357351238e-15,0.9940251549189183,3.6342514810596667e-10,1.4610180293539664e-11,0.005974844703044604
1416,Normal,2.89910712185953e-15,0.9836623378976751,1.747276337932926e-09,2.7896079355575684e-15,0.016337660355042867
1418,Normal,1.1630343564763732e-13,0.9831312078840083,3.425988892507514e-07,2.8257476781339976e-14,0.01686844951695778
1424,Normal,3.69967727224812e-17,0.9999999999999996,1.0130461955152826e-31,3.5896521848116267e-26,4.0578347267209023e-16
1433,Normal,1.3160996729991398e-13,0.9999999999998668,6.895856053651378e-28,7.63927388432868e-22,1.6957478497093783e-15
1434,Normal,7.278118655087611e-13,0.9999999999992719,2.362978530058954e-29,3.814287507643372e-24,1.9754365974096382e-16
1440,Normal,4.315651191654531e-18,0.9999999999991965,7.556412880415639e-29,2.0909553123110826e-23,8.034686262647697e-13
1442,Normal,3.761275084210278e-16,0.999999999999176,5.166558621864979e-25,1.6529804688488287e-20,8.237343698229703e-13
1443,Normal,1.670341469181149e-17,0.9999999999994009,4.3412696635862996e-29,2.6570232479194528e-24,5.991612124542629e-13
1447,Normal,4.4207710823630044e-20,0.9999999998469162,1.6610735100810502e-25,2.489895772598719e-19,1.530838675592871e-10
1448,Normal,9.867573660419626e-21,0.9999999995890025,2.3623118858406395e-25,5.800521287366332e-19,4.1099743217572867e-10
1449,Normal,1.1771797522989331e-20,0.9999999997319923,5.300994717251881e-26,6.358795773247611e-21,2.6800775283969847e-10
1454,Normal,1.556269740447746e-14,0.999999999991662,1.567669974575956e-23,3.0176505874593916e-23,8.32243789775331e-12
1456,Normal,6.524302942313902e-13,0.9999999999643372,3.851644442347799e-17,2.4340951009958516e-13,3.476699362470254e-11
1457,Normal,3.1223027255599798e-15,0.9999999999301935,7.462228692878245e-21,5.443808228092239e-19,6.980343958448452e-11
1458,Normal,6.058372440233693e-15,0.999999999957286,1.2233910877260168e-21,7.714495688670409e-21,4.270803154536259e-11
1459,Normal,6.645836562396147e-13,0.9999999999355473,3.0905432520416275e-16,5.600776338953757e-13,6.322763595196502e-11
1461,Normal,6.555903081718027e-14,0.9999999999075471,1.3483220965163356e-18,4.4993025488764944e-17,9.238730944166163e-11
1462,Normal,4.18125170929591e-15,0.9999999997506472,5.512297624499115e-19,1.891600787922729e-17,2.493484642837212e-10
1464,Normal,7.880257244416164e-17,0.9999999967213792,8.270110547842981e-19,3.417137183770626e-16,3.2786203199444153e-09
1466,Normal,7.078143555222206e-16,0.999999998701589,2.6755821076332756e-19,2.080307484556022e-18,1.298410433318565e-09
1469,Normal,2.41798504286603e-15,0.9999999989093034,9.274970776609251e-23,5.4326597441568605e-22,1.0906941769103922e-09
1470,Normal,2.812261455349364e-15,0.9999999982153611,4.1018881518538124e-19,2.860870184329783e-20,1.7846360872568506e-09
1475,Normal,4.337693830017751e-12,0.9649743999698116,4.4908344039884487e-10,0.034829489202813486,0.00019611037395380013
1484,Normal,4.7567753613739063e-17,0.9999987941558791,3.7226442713893713e-16,1.206155630846292e-18,1.2058441205337137e-06
1488,Normal,6.04946500081549e-13,0.9999972431829786,2.027368740326152e-09,1.8178508521559766e-14,2.7547890295082738e-06
1489,Normal,3.8818444014012257e-16,0.999986717706111,5.808480046969827e-14,1.3552702172918136e-17,1.3282293830579369e-05
1492,Normal,2.6386485025781958e-12,0.9999761015308021,2.3392416999577607e-13,2.696420228395445e-19,2.3898466325362108e-05
1494,Normal,2.3512271362315402e-14,0.9999573573103777,8.457681454305572e-09,1.4268647765021194e-13,4.263423177459126e-05
1500,Normal,5.061119047793187e-26,0.9707815499901755,4.2155194715073215e-17,1.88176706623366e-05,0.029199632339162097
1506,Normal,5.096386296502589e-16,0.9812408942255852,2.1139114493221882e-07,4.062225306815353e-12,0.018758894379207174
1509,Normal,3.0887272470123173e-13,0.8562366192225508,6.972713524008595e-09,1.8738561504852007e-15,0.14376337380442494
1510,TWF,8.885001036484742e-12,0.7176754519800876,1.4446973729471098e-06,5.881599325092014e-18,0.28232310331365434
1514,Normal,1.0053289086121609e-17,0.9999999999999982,1.408766225698039e-30,9.925332753430431e-25,1.7492830287282307e-15
1517,Normal,2.711408169750708e-11,0.9999999999728859,3.326990049773686e-25,8.057159992946265e-17,7.183470462120438e-17
1518,Normal,3.277482548929159e-15,0.999999999999996,7.327796073156659e-33,1.9690080779171662e-27,7.158382841428312e-16
1519,Normal,2.0266568853053037e-13,0.9999999999757929,1.366583337927821e-25,1.618424373459536e-11,7.820123308259153e-12
1520,Normal,3.901412038152961e-17,0.9999999999999573,8.85721558179374e-30,5.977530229834835e-23,4.27101454394195e-14
1524,Normal,6.758818562679865e-16,0.9999999999999578,1.5133205165744091e-27,1.822445742691057e-23,4.149854697419156e-14
1528,Normal,1.2965803158761842e-17,0.9999999999997496,2.609678703109305e-29,5.633857341380362e-22,2.503666210368217e-13
1532,Normal,1.2467949512918004e-17,0.999999999999343,5.781802406124273e-29,2.0768886696961642e-23,6.570446377512159e-13
1533,Normal,9.883671135366986e-15,0.9999999999994682,2.3955216573303427e-28,4.247607749613203e-26,5.219541770873421e-13
1536,Normal,6.880808166718e-18,0.9999999999907019,3.524727063784567e-24,8.990030604789017e-21,9.298173289680035e-12
1537,Normal,6.919364158522278e-12,0.9999999999801956,3.75522981757e-21,5.7432536708608544e-15,1.2879316735452182e-11
1538,Normal,4.095716495888495e-15,0.9999999999863582,6.966710472405561e-26,1.6621939693297526e-23,1.3637691697749753e-11
1542,Normal,3.9035972332070834e-28,0.9999723587286475,2.7086276549549214e-22,2.4708879676575643e-05,2.932391675947672e-06
1545,Normal,3.3626907006112837e-12,0.9999999891548246,1.6024065835988627e-14,8.733397682935395e-09,2.108399107213809e-09
1547,Normal,4.007929455692284e-12,0.9999999999733535,2.0571145929810333e-18,4.189683503754777e-18,2.263857309249672e-11
1550,Normal,1.8724873906582595e-19,0.9999999955974139,3.566755225921355e-22,2.376074533429213e-19,4.402586041310288e-09
1553,Normal,2.5145351620132643e-20,0.999999976693818,1.187999211106082e-21,1.988667117247669e-17,2.3306181878320222e-08
1554,Normal,2.3464583546645005e-09,0.999999738398181,1.355986945665566e-10,2.480591024455327e-07,1.1060659532538969e-08
1555,Normal,2.582678877237069e-16,0.9999999528346938,2.4675874087726414e-21,1.265325480824086e-21,4.716530598487266e-08
1556,Normal,1.2676127888571284e-14,0.9999999983259832,1.5915140828732447e-18,3.8137952496674925e-19,1.67400414017704e-09
1558,Normal,3.9273864265255984e-17,0.9999999586654961,1.4390215449586142e-20,6.951977057209874e-22,4.133450392937464e-08
1566,Normal,3.351376052354849e-14,0.99999990427803,1.814231602349929e-15,5.4557355226875285e-19,9.572193473797454e-08
1568,Normal,1.6691575962556517e-15,0.9999995037546761,2.3544687396326472e-15,4.325645354965666e-18,4.962453199311062e-07
1576,Normal,2.3910599819508655e-23,0.994945498706482,1.0729416135457945e-16,2.1338515589911953e-09,0.005054499159666429
1579,Normal,6.938166351911286e-16,0.9999462108470265,1.6964809143892821e-12,2.0684323348542788e-15,5.378915127408907e-05
1581,Normal,6.105286049667197e-11,0.9996408551326268,2.5288832578751783e-09,4.909465006678832e-13,0.0003591422769462568
1583,Normal,3.0599619985435452e-15,0.9976862248252298,7.998208234340458e-12,1.2505987067724512e-13,0.002313775166643829
1584,OSF,7.452653765975597e-11,0.03153995281151124,0.9679618201589719,4.626240988928743e-05,0.0004519645451009429
1588,Normal,5.476774789308201e-11,0.9775414555236771,4.79576876694289e-08,2.135810817798636e-14,0.022458496463846213
1591,Normal,8.261167906425361e-13,0.9438495227864596,1.490008570726766e-07,6.74528540304239e-16,0.05615032821185659
1592,Normal,2.451180298509358e-10,0.8935726901104393,0.07021892264664219,3.692400056700683e-12,0.03620838699410817
1594,Normal,4.148656391521964e-14,0.8937950548767853,6.55614299721101e-08,7.361825841120016e-16,0.10620487956174247
1596,OSF,2.8217465943466435e-13,0.002618221637579555,0.9967889916736659,2.5414668496404227e-10,0.0005927864343258011
1598,Normal,2.8802827691857183e-16,0.9999999999999991,2.9350097033338283e-28,1.4330321422759234e-19,4.642269774217862e-16
1599,Normal,3.24348878407516e-16,0.9999999999999996,7.287383061728848e-31,2.9458062047375984e-24,1.1629761257239603e-16
1600,Normal,4.0402460365169363e-14,0.999999999999958,7.944647598263035e-26,5.428439926797085e-16,1.0964244267752821e-15
1602,Normal,5.445690690224727e-18,0.9999999999999953,3.118135587133368e-27,8.356654673969123e-19,4.738611538116203e-15
1606,Normal,4.559456337334091e-13,0.9999999999995439,1.9289426244758296e-28,3.809687038534191e-23,1.7797293112079624e-16
1609,Normal,1.4862703475145422e-13,0.999999999999851,2.4050005194209196e-30,3.857712462722176e-27,2.4468105727657095e-16
1611,Normal,1.5834697786818767e-17,0.9999999999999636,2.43727523176727e-26,6.832816984584465e-20,3.6494246371854733e-14
1612,Normal,4.828464457883486e-21,0.9999999999896751,5.1399560050736624e-27,1.5311820363402163e-20,1.0324837303338246e-11
1617,Normal,1.9649097502740594e-21,0.999999999984835,1.2732819029199551e-27,9.794556560050398e-21,1.5165054833160946e-11
1624,Normal,7.162939093481308e-25,0.9999999995079456,1.5335367908312197e-25,4.0824205535783946e-16,4.920540573532757e-10
1631,Normal,5.290978965492111e-13,0.9999999999977585,8.558926845783242e-22,1.796358184216878e-20,1.7124651140279586e-12
1634,Normal,1.6635558923853314e-14,0.9999999999838736,4.963850493711895e-20,1.9231820694767264e-17,1.6109866542778353e-11
1635,Normal,1.1676103846633306e-10,0.9916781438472654,7.30706656694232e-15,0.008317896786545702,3.959249420520809e-06
1636,Normal,1.4836243610850997e-10,0.9999999718485764,4.5381909001677457e-13,2.6941322987949345e-08,1.0612844017227288e-09
1640,Normal,3.656960656077138e-12,0.9999999975668163,1.2229000738866517e-19,6.746765508438397e-19,2.42952667104079e-09
1645,Normal,3.9832937377439124e-18,0.9999999828737219,5.312610547625205e-20,3.130322460004182e-19,1.71262780829159e-08
1656,Normal,3.5355713686221016e-14,0.9999444972869609,1.0576401207541219e-14,3.077108353795951e-16,5.5502712992932e-05
1657,Normal,3.4702212858864008e-15,0.9999995395748468,7.300979700798748e-14,1.100358355610744e-15,4.6042507562809693e-07
1658,Normal,9.781429030061032e-09,0.9999907120092424,3.747600871302653e-11,1.1315230094171507e-14,9.27817184128224e-06
1660,Normal,3.921913418063689e-18,0.9999763760836246,1.9099222157744296e-15,6.8356740744758e-16,2.3623916372914403e-05
1662,Normal,5.189919075867362e-09,0.9998759205094252,8.277880440440556e-10,5.80061285735984e-14,0.00012407347280971688
1663,Normal,3.6625771840530665e-13,0.999375296941112,1.4425178761316378e-11,3.8341479397632247e-13,0.0006247030437131822
1666,Normal,7.580881411181323e-14,0.9970669174769677,2.556817086204225e-12,5.773354897638124e-16,0.0029330825203991093
1668,Normal,2.986470382536624e-18,0.9943117822661695,4.4015215584041376e-13,1.5081423551821241e-13,0.005688217733239625
1669,Normal,3.325951079758231e-14,0.9943157479859124,8.293583121997933e-11,7.53190804682165e-17,0.005684251931118388
1674,Normal,2.666082260537882e-08,0.9336562530243773,8.378498657008882e-07,2.5934401711672816e-15,0.0663428824649318
1678,Normal,3.0728465002827834e-15,0.7965862336811156,8.719619702471688e-10,3.9627675571032175e-13,0.20341376544652318
1682,Normal,2.3611796698263376e-18,0.6599012517764524,6.078052688983298e-11,1.8701466493737494e-10,0.3400987479757525
1683,TWF,5.661328820358794e-16,0.7545008901330704,4.989057167775384e-09,6.73662710892365e-12,0.24549910487113522
1690,Normal,4.894699175805884e-17,0.9999999999999968,8.582326164758232e-28,1.7995577507587072e-20,3.173265905357469e-15
1693,Normal,2.2976340738048564e-20,0.9999999999852556,5.266437760581979e-26,5.012921923260466e-18,1.4744440354557085e-11
1699,Normal,1.4518560696470206e-15,0.999999999999991,7.7451492710623385e-28,1.3638167692291856e-23,7.590644492017136e-15
1700,Normal,1.5506580757048244e-09,0.9999999984493405,9.103559798511774e-25,3.406563448990165e-21,1.4361064698031343e-15
1703,Normal,2.651973871418327e-12,0.999999999997299,1.7273446296950023e-22,6.572306822062488e-17,4.8873228478185705e-14
1706,Normal,1.5334970147567032e-16,0.9999999999598064,7.517757271126301e-25,5.649506192603646e-21,4.01935720015289e-11
1708,Normal,2.7715225966851944e-13,0.9999999999995941,1.1383422695764356e-24,6.007284492511159e-22,1.288016344436657e-13
1715,Normal,1.1106980948858058e-10,0.9999999998875735,1.258335232216736e-19,6.054242395107305e-17,1.3566261900976168e-12
1717,Normal,7.002662670552834e-16,0.9999999999945111,1.2144992649110641e-23,1.8988700500612912e-21,5.488324312928053e-12
1718,Normal,3.8716094740473624e-09,0.9999999960548653,1.8639925354048735e-15,4.677473478520089e-11,2.6748658717215237e-11
1721,Normal,2.5331810511955197e-13,0.9999999999889868,1.625048795200013e-20,2.076640441796457e-18,1.0759871269846087e-11
1725,Normal,4.712181469520653e-09,0.9999998974799013,3.919542076532566e-14,7.722035227273383e-09,9.008584292240474e-08
1729,Normal,3.0482462287635513e-12,0.9999999990033723,8.878747532429198e-15,1.0940832502448426e-12,9.92476485542548e-10
1734,Normal,1.7269645707147653e-14,0.9999999937645314,6.322171444859688e-17,1.0904996933208248e-16,6.235451079547743e-09
1738,Normal,1.8748271681705461e-19,0.9999994580154874,2.4627879852994926e-19,1.3225079769833804e-17,5.419845127074413e-07
1743,Normal,1.875521692580315e-09,0.9999994911929695,8.297620851681035e-10,3.6935469020696555e-14,5.061017096619568e-07
1745,Normal,4.671602326431267e-09,0.99987930294054,1.2811444456635065e-08,2.6949519400110063e-08,0.0001206526268938569
1751,Normal,7.532191269741909e-14,0.9927294757175256,3.2690792570045986e-12,8.952784302831974e-15,0.007270524279121119
1753,Normal,3.9819962641762833e-13,0.9995191846680458,1.8103962784753595e-11,1.5955447152132782e-17,0.0004808153134519303
1755,Normal,1.038666061932972e-09,0.9971505775319269,4.2008691613012976e-07,5.812233798712212e-11,0.0028490012843685663
1756,Normal,2.548014680494278e-11,0.9997141342671059,1.7138733013015253e-06,1.119150170497876e-12,0.00028415183299356666
1760,Normal,3.4276504721346585e-16,0.9762772883445133,1.1034854914848129e-11,1.9994482746195308e-13,0.023722711644251524
1766,Normal,5.096031103331507e-09,0.9999999949039489,1.0052817326592665e-23,1.9507489807966294e-14,3.9438354692034034e-16
1767,Normal,1.8429052250649371e-19,0.9999999999995316,2.449767913996814e-28,4.7348206278925574e-21,4.684553357643314e-13
1768,Normal,4.5322569550187894e-13,0.9999999999994994,1.2212757157683708e-26,2.319516045708771e-18,4.740331516259933e-14
1772,Normal,4.196254214921887e-12,0.999999999995801,3.7201687046242166e-25,3.124949198035817e-18,2.746277268585887e-15
1773,Normal,7.612538279255728e-13,0.9999999999987541,1.2611204869703694e-22,4.118402790855289e-13,7.276487480794007e-14
1774,Normal,1.3351631664032596e-06,0.999547365336948,4.5422942114378714e-17,0.0004512994937572564,6.128461930226875e-12
1778,Normal,2.2356414064443562e-17,0.9999999999991187,6.374571765477602e-28,3.424370762833688e-21,8.813380014173257e-13
1779,Normal,6.199793459952076e-08,0.9999999380019801,2.6613016119243427e-20,6.106759266067675e-14,2.434973655767607e-14
1781,Normal,3.431065961543497e-17,0.9999999999994448,6.092659285706181e-27,8.048188642868554e-23,5.552033839548582e-13
1790,PWF,3.0300178139802644e-10,0.0006209755180032733,7.197317103355881e-14,0.9993790241625039,1.641918902264217e-11
1791,Normal,5.2931928726080137e-23,0.999999999736399,1.739495659057933e-25,2.1987266873979285e-18,2.6360107391664127e-10
1796,Normal,3.6732924825772315e-13,0.9999999998129672,1.3380384557915753e-22,4.5140093112393186e-21,1.866654090945636e-10
1801,Normal,1.1350628912512169e-13,0.9999999954957487,4.98975290199483e-21,1.3385324592302635e-20,4.5041377950527215e-09
1805,Normal,1.3576466740840742e-13,0.9999999988287891,2.9604081414981844e-15,4.5064874744965933e-13,1.1706214799066519e-09
1806,Normal,2.7893371185807733e-09,0.9999797168679843,4.0671013289244735e-13,1.0683047022819433e-05,9.597295249213717e-06
1808,Normal,8.671846006518986e-19,0.9999999542815888,7.686926102255261e-21,2.2694757900230613e-20,4.571841119134846e-08
1810,Normal,1.5797384785879453e-20,0.9999998211307141,2.539516205549819e-20,1.541378311121839e-17,1.7886928598064918e-07
1818,Normal,2.6398061910341038e-18,0.9999981841642422,1.3673835625757166e-18,2.0286464789298342e-19,1.8158357577760627e-06
1820,Normal,3.5447520361759895e-23,0.9987056199530908,6.867237237773636e-18,1.2027022277364856e-08,0.0012943680198868762
1827,Normal,3.3651814433334766e-15,0.9997806610796567,9.556975446536659e-14,6.641331254599273e-15,0.0002193389202377309
1830,Normal,4.50869002969807e-21,0.9970894675294096,2.6267052829492414e-15,2.1358009679561782e-12,0.0029105324684518983
1835,Normal,4.912156055515549e-14,0.9987947854406983,3.5673059264608446e-10,2.488459773141809e-16,0.0012052142025217938
1836,Normal,1.4924702717710047e-15,0.9804609983136625,8.85134414994512e-12,6.650547337585588e-15,0.019539001677478
1837,Normal,2.3105704000752257e-14,0.9924782097499562,8.041927645800338e-10,1.4414941804831894e-16,0.00752178944582792
1839,Normal,7.177364864465666e-10,0.7983823906271793,1.3425551880555613e-07,7.33006939176186e-15,0.20161747439955807
1842,Normal,3.870788657876644e-19,0.9999999999999738,3.289184356759687e-26,1.6502455707868203e-15,2.442944908758153e-14
1855,Normal,5.691254869991079e-13,0.9999999999985068,1.505337003091988e-24,5.180043256436919e-19,9.2417661527262e-13
1856,Normal,2.45982209259309e-07,0.9992902286353624,5.512161052675674e-18,0.000709522124908586,3.2575196969225288e-09
1858,Normal,4.937018333662529e-19,0.9999999999976539,8.865389201474178e-24,1.2545548703283864e-17,2.346072762001261e-12
1862,Normal,4.407778028656436e-17,0.9999999999077255,3.4857612894293286e-25,2.525554180914938e-22,9.227455677029388e-11
1864,Normal,2.6234305024915938e-14,0.9999999999628122,2.837849913276638e-23,6.816103646117514e-20,3.7161634803062744e-11
1866,Normal,2.349290839162413e-17,0.9999999999938607,1.301953276429909e-24,8.556054153043295e-22,6.1393613603163314e-12
1873,Normal,1.5626136268641758e-08,0.9999999657443567,2.684503852852973e-13,1.841442367400009e-08,2.1481491236549554e-10
1875,Normal,2.4549409137231494e-17,0.9999999996572982,5.52417987019264e-23,2.208516471264232e-21,3.427017416840829e-10
1876,Normal,3.1952599862660297e-10,0.9999999996606715,4.208924512732644e-17,2.602811085946008e-16,1.980225045701361e-11
1877,Normal,1.216847275794107e-07,0.9999997474649382,1.3155874312888181e-11,1.3034886054053529e-07,4.883175785461589e-10
1879,Normal,7.410174748802048e-10,0.9999999943895729,6.772661740267741e-17,2.2648849159159556e-15,4.869407337908933e-09
1880,Normal,1.792218159338054e-15,0.9999999185592978,1.4048081681257724e-19,1.3373241193278162e-18,8.144070035753031e-08
1884,Normal,2.4688333719542806e-11,0.9999999436627902,1.4876868437442418e-15,3.060120912808011e-14,5.6312489376181455e-08
1889,Normal,7.66155601360865e-21,0.999927033954838,6.409102913483595e-18,1.1881780590105578e-11,7.296603328020024e-05
1890,Normal,9.491679675721305e-14,0.9999992832207312,4.066171904655279e-18,3.1041299017329337e-19,7.167791738542617e-07
1891,Normal,2.186309779552835e-15,0.9999999747834336,1.8110137878777473e-16,1.9795052327842318e-17,2.5216563979635075e-08
1895,Normal,4.6947541990630254e-23,0.999952486975755,9.188040265894033e-20,6.958610293545546e-13,4.751302354916704e-05
1901,Normal,1.7908881047916385e-14,0.9997929930367048,3.8215613049175264e-15,2.1311255514413747e-18,0.00020700696327354164
1906,Normal,3.885387186675478e-18,0.9997994541248597,1.2553092014244764e-14,1.842666729264621e-16,0.00020054587512753787
1910,Normal,4.5101795347081174e-12,0.9998218575063482,1.47731298727475e-07,7.342901695143211e-14,0.00017799475776950565
1912,Normal,4.883845715681544e-07,0.937892489137154,0.03897108134147862,4.843349057885045e-07,0.023135456801890063
1919,Normal,3.0943331443974747e-14,0.9999999999999664,1.3829293882458147e-29,3.0514549543947896e-21,2.703349539580851e-15
1921,Normal,4.309926441552999e-29,0.9999999999588426,4.8243114957504484e-29,1.5892530302682792e-11,2.526487955308421e-11
1925,Normal,1.9315623184871102e-10,0.9999999998068435,9.582165258087855e-25,1.1195511865529813e-16,1.5345942494149101e-16
1927,Normal,1.924329573102662e-18,0.9999999999999916,8.008973383112991e-30,4.939775027792578e-24,8.450534190991877e-15
1929,Normal,7.028249634871831e-19,0.9999999999999682,2.5531426883240197e-29,8.397489018448982e-24,3.1845938066474226e-14
1931,Normal,1.1663922087147324e-15,0.9999999999995823,1.1273345071602738e-26,4.5051436335763834e-20,4.1642954915859305e-13
1932,Normal,5.069550216191712e-24,0.9999999976707568,3.5129530337336326e-25,3.6358227968269227e-13,2.32887958682631e-09
1935,Normal,4.497450988672766e-20,0.9999999999987037,3.258656844235431e-25,3.0171690674990106e-18,1.2963202627707302e-12
1938,Normal,1.7713798873509387e-12,0.9999999999982166,7.021819801330901e-26,1.8432574669796695e-22,1.1993873503456908e-14
1944,Normal,1.811362513147553e-20,0.999999999978775,9.178469307336819e-25,2.488001603160419e-19,2.122500920523579e-11
1949,Normal,3.1067760423102798e-12,0.9999999999965183,4.0430086045884798e-22,2.215148460905076e-19,3.7490331434603675e-13
1970,Normal,9.3088102872651e-19,0.9999986718310987,1.8298835117666851e-19,8.529484636473798e-18,1.3281689013308521e-06
1973,Normal,6.0948016268044e-18,0.9999998480334821,1.7429114609444168e-19,2.9433012684461176e-20,1.5196651796633684e-07
1981,Normal,2.0472626751905245e-06,0.9999038756933942,2.406256600552134e-06,7.10484039395382e-07,9.096030329074175e-05
1983,Normal,1.954886797828302e-11,0.9999038912860627,1.2353826777694836e-12,9.849464694493291e-16,9.610869315191814e-05
1989,Normal,4.9525889354062655e-12,0.9988363459605134,2.507327075504548e-13,7.363155263848974e-19,0.0011636540342833325
1990,Normal,4.0666271042432856e-19,0.9980575009840034,5.296148936852057e-15,9.129894776315676e-16,0.0019424990159904296
1992,Normal,2.72016941026768e-13,0.983727615497198,3.2870437207618533e-10,4.401548314066997e-13,0.016272384173385362
1995,Normal,1.3649318316751267e-08,0.9837474576977244,4.122702505193669e-07,3.925329257623885e-14,0.016252116382667502
1998,Normal,1.3029267560767378e-17,0.9999999999977549,6.5483930672194185e-25,2.147533533369935e-12,9.757066589322577e-14
2000,Normal,1.132876157668631e-15,0.9999999999999978,1.32899742231436e-28,2.0564641561039885e-21,1.1318761536136293e-15
2006,Normal,8.718151033470511e-15,0.9999999999999887,2.0165467324288758e-28,8.869892753015364e-23,2.6624178940383225e-15
2009,Normal,9.670950840062591e-23,0.9999999999978734,9.10939065551076e-28,6.469736375925093e-20,2.1266737368046824e-12
2011,Normal,8.685129675896457e-07,0.9999990900731945,9.980177927838271e-19,4.141371327333907e-08,1.2462566480888216e-13
2013,Normal,1.6715306153307586e-10,0.999999999832841,1.5163450503078916e-24,2.43910690366654e-19,5.975331724124356e-15
2018,Normal,3.5356379078781935e-13,0.9999999999995424,2.1827456742465522e-24,1.4500985093648783e-19,1.0406956635439608e-13
2021,Normal,1.51979898763836e-17,0.9999999999953667,1.802106838693035e-27,6.495035905528099e-23,4.633278561412062e-12
2024,Normal,2.9329393524254844e-09,0.9999999410694455,1.6946071510203185e-16,5.5932587101176245e-08,6.502791522034252e-11
2029,Normal,1.2117763068103123e-07,0.9999998788038106,7.065078199883342e-22,2.9768829770862595e-20,1.8558757899812904e-11
2031,Normal,2.135983198838536e-09,0.9999999978577693,2.3771410076329976e-18,8.038981438988466e-16,6.246756289877901e-12
2035,Normal,2.2984446638763014e-09,0.9999999967501226,5.220710652981379e-19,1.286566967844699e-16,9.514326460475384e-10
2038,Normal,3.4944562897031125e-24,0.999999821500064,2.8028340699740225e-24,6.772150767568713e-15,1.7849992917692864e-07
2041,Normal,7.247744889146235e-18,0.9999999901497744,1.9180239386455982e-21,2.9199470644574193e-19,9.850225632699372e-09
2042,Normal,5.5029719540455e-18,0.9999999901140163,4.70335997486302e-22,1.0563951672331748e-20,9.8859837044117e-09
2044,Normal,7.740105162248418e-15,0.999999948178038,5.76615413532529e-21,3.222277866891354e-21,5.1821954242407625e-08
2045,Normal,5.023599955108154e-12,0.9999999966515882,7.653461455191794e-19,1.5425114642501747e-20,3.343388138914746e-09
2046,Normal,5.969536671108165e-16,0.9999981879829746,6.0999842343444054e-18,2.0476426452697938e-15,1.81201702287811e-06
2048,Normal,4.973082106383853e-19,0.9999997748515569,1.7260121801517796e-20,1.6819741381942937e-18,2.2514844308550802e-07
2053,Normal,1.5263803520218067e-11,0.9999997782027749,3.093916199258281e-16,1.1094012421391444e-19,2.21781961068068e-07
2060,Normal,1.2105731805764301e-09,0.999986011503199,4.813882605234542e-15,7.733695121191023e-19,1.3987286223084356e-05
2067,Normal,2.5396531984599198e-11,0.9997535761830398,1.5987365314917055e-12,2.5007451692728737e-18,0.00024642378996488404
2070,Normal,1.7987773069327048e-13,0.9994864957283149,4.3927026899989373e-13,3.568183084173201e-14,0.0005135042710302965
2071,Normal,9.051653462795463e-07,0.9996396274040987,9.131359644546894e-06,1.7455086743683813e-14,0.00035033607089310966
2074,Normal,4.346754486393331e-15,0.9974688008000006,6.4193012421981975e-12,9.05917239425756e-15,0.002531199193566741
2076,OSF,4.950712287668862e-10,0.010253276330268863,0.98867501552718,7.076624970853585e-05,0.0010009413977714993
2077,Normal,2.747411380697702e-12,0.9896949721168372,1.1302845956204308e-09,5.27739142738703e-16,0.010305026750130215
2082,Normal,1.159826930049248e-10,0.9910495628444685,1.6733212132932453e-06,8.283788464609e-11,0.00894876363549767
2093,Normal,6.682517610838589e-10,0.9999999993317294,4.0009336879573785e-23,1.176260290826256e-15,1.7486334222082603e-14
2098,Normal,1.0388417505144324e-09,0.9999999989611261,1.2013506873659363e-27,3.7148422608219114e-22,3.2039743469959477e-14
2106,Normal,5.46957654932111e-12,0.9999999999934457,2.3894232970915098e-22,8.538774179506815e-18,1.0847711209566451e-12
2113,Normal,7.060219628610887e-21,0.9999999980303431,3.993795242624671e-24,5.520960136896554e-18,1.9696569178636455e-09
2118,Normal,3.620688875404509e-20,0.9999999815467375,4.114142141172828e-23,2.288454078289053e-16,1.845326230659297e-08
2120,Normal,6.212726666569455e-19,0.9999970712310778,1.0269830585905247e-19,2.7209973623030257e-13,2.9287686500183287e-06
2121,Normal,4.191230144792619e-23,0.9999996975560126,2.4680737968457625e-23,8.18569465683864e-15,3.0244397923854013e-07
2128,Normal,2.897522790609235e-11,0.9999999118270264,1.8773077913070543e-19,1.1698983261882439e-20,8.814399822801569e-08
2129,Normal,5.438345853294062e-19,0.9999993509729636,6.636308470353807e-20,3.6679442551939694e-17,6.490270364552353e-07
2130,Normal,3.744201263629542e-16,0.9999993219152259,4.774634582514933e-19,9.769992012667634e-18,6.780847738041186e-07
2133,Normal,3.136400581430331e-16,0.999998492022375,3.0622180157375792e-18,6.476804614382997e-19,1.5079776246103236e-06
2136,Normal,5.5102372449510085e-12,0.9999992908254431,3.8011392147688086e-11,2.836767904694003e-12,7.091281984428946e-07
2143,Normal,4.133525889313168e-07,0.9542943258998908,0.02137598538090388,0.023716345475323405,0.0006129298912928893
2150,Normal,5.3735955357366185e-14,0.9993928118705446,6.558940210156729e-13,1.238312408707252e-16,0.0006071881287455535
2154,Normal,1.8397013722018533e-09,0.9853325443148954,2.48115733192833e-09,2.273639177345191e-15,0.014667451364243786
2156,Normal,3.615726420836098e-07,0.9937969738968058,0.0001345984333321065,5.927434334859051e-15,0.006068066097214184
2160,Normal,1.244399447933549e-12,0.8640421940713403,4.3818489897134744e-10,1.681683997807741e-14,0.13595780548921355
2169,Normal,8.629551478690029e-10,0.9999999991370039,4.167072664083207e-26,6.6718628928704e-16,4.028057900068463e-14
2179,Normal,6.685356296857342e-15,0.9999999999995318,5.521445964201289e-25,3.1833680775929244e-19,4.615027916386303e-13
2180,Normal,1.3910423061442358e-15,0.9999999999996976,8.976415810979718e-27,2.3918673465237277e-22,3.0103592550473953e-13
2182,Normal,7.216615440414848e-15,0.9999999999722369,3.8189809405818623e-25,3.742169027438389e-16,2.7755591267169758e-11
2183,Normal,4.022542279632572e-06,0.9999665567491435,6.929333773340286e-18,2.9420022005577227e-05,6.865713657772393e-10
2185,Normal,1.4818328139254215e-10,0.9999999998512852,4.7045598874930106e-23,4.309307213506158e-19,5.316278705629816e-13
2189,Normal,5.24787769568385e-09,0.9999999947516349,4.313582822683113e-23,1.1053097602705294e-20,4.874203830798721e-13
2191,Normal,2.780937787723966e-10,0.9999999996586595,2.677972525905763e-22,2.295949808960383e-18,6.324669315476907e-11
2193,Normal,9.209508266318255e-10,0.9999999990577064,4.391253119495758e-18,1.4252568706623983e-13,2.120022752510077e-11
2194,Normal,2.0931479008934077e-09,0.99999999784474,2.2554015709995044e-22,2.8306697675863524e-20,6.211212069010634e-11
2201,Normal,1.97357728783692e-13,0.9999999997381877,4.895965903981226e-22,1.8326364462158703e-21,2.616150425735439e-10
2203,Normal,8.57483655258413e-12,0.9999999944854568,1.5104018764862036e-20,5.763122667113498e-20,5.50596838578151e-09
2207,Normal,1.1432085063768406e-07,0.9999998818797717,5.43724000445589e-13,2.2237613522118164e-11,3.776596323754591e-09
2212,Normal,0.0007938232750677494,0.9991159823548397,3.5128920411176577e-09,8.65246412450685e-05,3.6662159554284938e-06
2213,Normal,7.668894123439349e-11,0.9999999802907733,6.176380838624999e-18,3.850970021311634e-20,1.9632537761847855e-08
2214,Normal,9.362992968746094e-11,0.9999999680505549,8.05645643138228e-18,1.9475048928978256e-20,3.185581515242005e-08
2215,Normal,1.3201220019475565e-07,0.9999996389838499,2.5310571892318687e-17,1.629994103497173e-19,2.290039498809334e-07
2219,Normal,5.735307035343791e-16,0.9999977777902929,1.3591430287970162e-16,1.4241510725501523e-14,2.222209692249328e-06
2220,Normal,6.394283214938067e-08,0.9999983149889102,2.327415250462296e-13,3.349859304010541e-14,1.6210679913806753e-06
2222,Normal,4.74699554271696e-06,0.9912083745660024,0.00040360103922671244,0.008333490226437333,4.978717279073519e-05
2225,Normal,1.247592806209344e-13,0.9998919173363345,1.2026914401832299e-14,6.766694615850694e-15,0.00010808266352191142
2232,Normal,1.6831013264653665e-07,0.9633018704278079,0.03558896120148299,7.500906669544408e-05,0.0010339909938809658
2246,Normal,1.395993615346608e-09,0.9999999986040011,3.1226096264218776e-28,3.45636675480587e-21,5.115072911908842e-15
2249,Normal,0.00015791336259669876,0.9998414344283703,9.482073479907696e-21,6.522062887366175e-07,2.744284418707344e-12
2252,Normal,2.3543107912683404e-11,0.9999999999763959,1.1218085549286025e-27,2.0625421102259956e-20,6.108145880484094e-14
2258,Normal,1.6895947364598882e-22,0.9999999999554496,7.037399793784352e-26,5.470859183802949e-16,4.4549849671521824e-11
2259,Normal,0.000107986429150325,0.9998878223629727,1.0353527535953856e-16,4.1912051781659004e-06,2.698712828933029e-12
2260,Normal,3.1292176547739966e-08,0.9999999686247487,3.361248681354755e-19,8.218731203331408e-11,8.874642074726349e-13
2264,Normal,2.2591448438472143e-11,0.9999999999490641,3.086410262620505e-22,1.8222089262118515e-16,2.834429488601874e-11
2271,Normal,2.018584614362658e-09,0.9999999979784033,1.6590204877148922e-19,9.742542257148967e-16,3.011084335360088e-12
2274,Normal,1.3524194029099263e-15,0.9999999999615647,4.774789599554244e-24,7.313789966791076e-22,3.843398471467155e-11
2276,Normal,1.782128394439313e-15,0.9999999998721052,1.1495589566913437e-21,3.047684640746835e-18,1.2789312466069566e-10
2281,Normal,2.009628951187106e-06,0.9999975481412546,4.229347058427715e-12,4.386564417650952e-07,3.5691230276040633e-09
2283,Normal,4.063148416684902e-10,0.9999999993585879,4.224035972899957e-17,2.442449802319041e-15,2.350948767182592e-10
2284,Normal,1.0274840157765597e-07,0.9999998970208852,6.187797936422527e-15,4.4491938138137016e-14,2.3066250595932698e-10
2290,Normal,2.7934318218022393e-12,0.9999999965593631,9.31439467287784e-20,1.036958995329882e-20,3.4378435278748704e-09
2293,Normal,2.10931484363852e-07,0.9999997600972701,8.07134119505425e-11,3.836842293457925e-10,2.8506847895476736e-08
2295,Normal,1.205272279388115e-15,0.9999999129163534,5.305266468115066e-19,1.7343451496925915e-18,8.708364543915241e-08
2297,Normal,2.247370931746935e-13,0.9999999497185211,8.830802874258309e-16,3.49420947540015e-15,5.028124987683102e-08
2312,Normal,4.017149924668145e-10,0.9995685277142795,5.314841408559043e-13,3.178482634293648e-17,0.0004314718834740676
2313,Normal,1.8310824075754916e-08,0.9990930051430482,2.9842517810003803e-13,5.267923196664422e-20,0.0009069765458292144
2316,Normal,2.929179486399314e-12,0.9995265746713099,2.8141303336575382e-11,2.1558818430239125e-16,0.0004734252976194077
2317,Normal,9.460671523348288e-13,0.9997049177019534,7.545086798398151e-11,3.60951244833393e-15,0.00029508222164613656
2320,Normal,4.949871793761791e-15,0.9927842160397173,4.713740110943153e-12,2.762498710284239e-11,0.007215783927938942
2323,Normal,1.014854934784144e-11,0.9965553961271595,1.048006594622696e-07,1.9698707468491674e-13,0.0034444990618355564
2324,Normal,2.0218266604431598e-07,0.988995227789829,7.517737912993595e-07,1.5203800596992468e-13,0.011003818253561747
2325,Normal,2.336359460108918e-14,0.9819709719410036,3.638055682029192e-11,4.068749593570979e-16,0.01802902802259211
2327,Normal,5.756450142131709e-09,0.9625158162701178,0.0008524127785124928,1.0354642223320857e-05,0.03662141055269632
2331,Normal,6.369115329584878e-07,0.9085005424481533,0.0007749180812292015,1.924901497054481e-11,0.09072390253983555
2334,Normal,9.314822770050249e-10,0.8147226282523783,0.009735862228470522,1.4874641798244797e-11,0.1755415085727942
2336,Normal,7.523741893185824e-13,0.9999999999992469,3.7686558097552913e-28,4.130926265945297e-21,6.9435968819793045e-16
2339,Normal,1.0551543176621877e-17,0.9999999999999838,9.629208388678977e-30,6.601619400921341e-24,1.6259931895831114e-14
2342,Normal,4.07124160337665e-09,0.9999999959287575,2.7102694320511602e-25,1.7243953592788625e-18,8.5138684328757535e-16
2347,Normal,1.546559795788656e-08,0.9999999845343973,1.0182206014054827e-23,1.5768000738395804e-17,4.74031998955902e-15
2348,Normal,1.61239044365714e-09,0.9999999983876064,4.1521333070185887e-26,1.74263072743674e-21,3.066546649478697e-15
2352,Normal,3.5919142513647785e-08,0.9999999640808381,1.7674003188732135e-22,5.0697131456761684e-17,1.9352690591753023e-14
2353,Normal,3.0168966008500346e-08,0.9999999698301083,3.7366831518245336e-24,7.242406965917598e-19,9.25649637100021e-13
2354,Normal,5.944538272868722e-22,0.9999999999737375,1.0621257655183782e-26,2.6610569547456286e-19,2.6262638064501295e-11
2356,Normal,0.00038318916642024573,0.9996149892835168,3.805314850310956e-17,1.8213333660449223e-06,2.1669704616130482e-10
2363,Normal,2.609439797781497e-14,0.9999999998712924,1.7082781998668256e-23,4.554238537871625e-18,1.2868150897207914e-10
2369,Normal,2.6263710400449188e-09,0.9999999968473173,1.1312775772592097e-20,2.6121769742897235e-19,5.263116613264848e-10
2372,Normal,7.405872483471742e-09,0.9999999925490722,1.1716799157309756e-19,1.3381361960425475e-19,4.5055208507678796e-11
2374,Normal,6.000058129657319e-07,0.9999993999013035,2.1847244768267625e-15,3.87396279651039e-15,9.287750190831626e-11
2376,Normal,2.904629341537561e-10,0.9999999944462445,6.963363566756399e-22,1.7873421165299105e-24,5.263292447325146e-09
2377,Normal,0.00010635269916355396,0.9998936242571793,5.765690805719621e-14,3.6624032566382314e-13,2.304323327849991e-08
2379,Normal,3.3225530441225357e-06,0.9999966689476836,9.970566966085688e-11,1.891708624493042e-09,6.507857899647957e-09
2380,Normal,1.5757554822820704e-11,0.9999999012088587,5.508311313181737e-18,3.0469479240765187e-15,9.877538076882367e-08
2381,Normal,3.808149045055519e-05,0.9999618486054515,8.257117743838113e-09,4.836653773252287e-08,1.3280442320421328e-08
2383,Normal,1.227585789720825e-15,0.9999999560611794,7.783046666529047e-20,3.2134046449151734e-20,4.393881934793244e-08
2385,Normal,1.5290585324847585e-10,0.9999994742316244,2.752313955668046e-17,7.74547612726644e-19,5.256154698578691e-07
2390,Normal,1.5015156634091712e-19,0.9999905670865706,3.3538030267224377e-18,8.701589578477922e-13,9.432912559148451e-06
2396,Normal,5.376614957823025e-16,0.9997761213371792,2.4861026010221632e-15,2.434980200732877e-13,0.00022387866257435852
2398,Normal,4.2738737482084527e-14,0.9999959257774491,5.0697680994669177e-14,2.4169331244081234e-15,4.074222455002792e-06
2399,Normal,1.1774923159812768e-11,0.9999957828015095,3.1591019546199795e-12,1.490122928261747e-15,4.2171835550829675e-06
2411,Normal,1.2037128393088629e-15,0.9964446777105768,1.848043663415811e-11,1.5990997864916542e-13,0.0035553222707816684
2414,Normal,4.019287606347357e-19,0.9350263891009286,3.016897971186375e-13,2.573885648792081e-11,0.06497361087303091
2423,Normal,8.173498347914058e-09,0.9999999871966182,3.7036430246091925e-20,4.6295224176496486e-09,3.6103611282565513e-13
2430,Normal,6.727344829082115e-10,0.9999999993272011,1.376372116939011e-21,3.82175477685837e-15,6.069490474854449e-14
2434,Normal,5.821209820186969e-11,0.9999999999417026,1.1077541944397789e-23,1.5867303465759476e-19,8.535616289937421e-14
2436,Normal,1.1065533261946391e-18,0.9999999999855465,3.8186531689359146e-25,4.302078062861084e-20,1.4453645856906294e-11
2441,Normal,1.4262516766630911e-09,0.9999999985717627,8.190798942008334e-20,3.0311425009676097e-16,1.98527840604544e-12
2444,Normal,4.765135437228903e-17,0.999999999873889,2.646238133780525e-22,3.705692475399459e-18,1.2611101464698683e-10
2447,Normal,8.525952501493916e-09,0.9999999914475185,1.2360427438946388e-17,2.5241521301919975e-15,2.652655618826452e-11
2448,Normal,1.7458859723726926e-08,0.9999999825145326,9.08478058165555e-18,4.250765806957741e-16,2.6607327726875803e-11
2457,Normal,9.798753352967837e-15,0.9999999987688579,7.257707816672803e-21,3.6718398986529923e-20,1.2311323171866068e-09
2459,Normal,1.026419928653487e-10,0.9999999994466136,1.6776163915608444e-17,9.40834962663887e-18,4.5074442541278313e-10
2467,Normal,7.434683957611047e-11,0.9999999788063891,8.81772043609421e-19,3.906776386296775e-23,2.111926400188916e-08
2474,Normal,1.0192353650046942e-12,0.999991045530742,1.2725474812120747e-15,9.168381273273691e-17,8.954468237464727e-06
2482,Normal,1.3609261629684227e-08,0.9999925463586666,3.2712664848080308e-09,1.8571154482532065e-15,7.436760803441675e-06
2488,Normal,9.146892121580996e-16,0.9979645544743319,5.410910992647966e-14,3.795562842067147e-16,0.0020354455256128183
2490,Normal,6.125429250103495e-13,0.9958955220445356,1.7568019464786166e-11,5.572869450809634e-15,0.004104477937278213
2491,Normal,6.327042022503285e-14,0.9939746967914093,6.539387081200562e-10,3.2810949843337896e-09,0.006025299273493815
2492,Normal,5.720443084909057e-10,0.9918119761646559,1.7188119244717423e-06,1.5788856669636074e-14,0.00818630445135961
2494,Normal,7.385016165509098e-09,0.9738481411020673,4.658546747486187e-07,4.6232911709608716e-14,0.026151385658195688
2505,Normal,1.8926098401434046e-11,0.9999999999810729,7.119892696846306e-26,2.4119300889653457e-17,1.0618157237554965e-15
2506,Normal,2.706855981316876e-09,0.9999999972931438,9.003993446199162e-26,1.2192098895207539e-17,2.6472861565924595e-16
2509,Normal,2.5430977415513497e-17,0.9999999999999823,2.3946798729235582e-29,4.827094266399455e-24,1.7660697713619366e-14
2516,Normal,2.991583402085923e-14,0.9999999999999661,2.371132250549744e-29,1.0058043069672756e-25,3.9537794065322505e-15
2517,Normal,2.334925207963312e-20,0.9999999999981887,1.7631610982979313e-26,9.89743609143117e-20,1.8113802511214926e-12
2518,Normal,2.7414916315221586e-10,0.9999999997258479,7.815139550024971e-26,2.5943538160449055e-21,3.01041935125615e-15
2522,Normal,3.035748031208269e-16,0.9999999999996028,2.0673723967019575e-26,4.99268254242394e-22,3.969348950959021e-13
2526,Normal,1.6716610692844312e-15,0.9999999999799773,6.621275535038421e-25,2.612499524868548e-20,2.0021023026484396e-11
2530,Normal,4.325352970388384e-15,0.9999999999728004,3.587053199578115e-25,3.145777866124058e-22,2.7195293776810755e-11
2531,Normal,1.2812061878226604e-09,0.9999999986908934,8.797029061527645e-18,1.8017657846110193e-11,9.882705972826127e-12
2533,Normal,4.863253382244732e-10,0.9999999995132289,8.42246874108904e-23,4.534529891448516e-21,4.458069172285972e-13
2535,Normal,7.795065869816267e-20,0.9999999998406208,9.373075618553902e-25,1.7971909632726183e-20,1.5937924213373532e-10
2537,Normal,4.514951702521453e-08,0.9999999548498577,3.19606969344523e-18,2.7118097355966854e-16,6.250852856720372e-13
2541,Normal,1.792715863945083e-13,0.9999999999680795,9.214226448107365e-23,6.852007832591361e-22,3.174125886095091e-11
2543,Normal,3.694791670517549e-20,0.9999999909164318,8.400612826187141e-24,1.8957633769151698e-19,9.083568238244836e-09
2550,Normal,1.7886967290543335e-12,0.9999999984089498,8.51634037092949e-19,3.0418408202966796e-19,1.5892614654254965e-09
2551,Normal,2.1534371640595055e-08,0.9999999773159695,8.430004081997178e-16,3.215903491108029e-18,1.1496580435604073e-09
2555,Normal,1.2097774102492197e-13,0.999999959837801,3.760144947528425e-18,1.789505860950188e-19,4.0162078033074834e-08
2566,Normal,1.0891953507974046e-06,0.9999982926878309,4.987022609659679e-10,7.446378123623991e-17,6.176181157669974e-07
2567,Normal,2.8518503560200995e-08,0.9999860713559353,1.1507031136266769e-14,3.465253185822709e-19,1.3900125549486928e-05
2574,Normal,2.7792475776326727e-11,0.9998650942045739,1.1524572880784495e-10,1.2515250872258102e-15,0.00013490565238672607
2576,Normal,1.3956528467705712e-08,0.9997596757290209,6.09056891586699e-06,2.660264539219945e-12,0.00023421974287441937
2581,Normal,1.1582960444198815e-06,0.995804497502998,0.0035477311122194557,1.5388979619092376e-12,0.0006466130871991686
2582,OSF,1.1975966641453438e-09,0.012556353252390965,0.9866583813255928,0.00015285888965204758,0.0006324053347675621
2584,Normal,1.7753299653274647e-07,0.9941790853616363,0.002709171116930765,1.280123345147313e-12,0.003111565987156241
2586,Normal,7.692687475145969e-14,0.9813457274534215,1.268413289706581e-10,8.175234547767893e-13,0.01865427241884265
2589,Normal,3.4946605053195115e-16,0.9691526558457692,4.426131246825545e-11,2.151362192112549e-14,0.03084734410994774
2591,Normal,3.248567919218715e-09,0.9999999967514319,1.0682752534818042e-25,2.55170992541886e-17,1.8887482115262867e-16
2594,Normal,5.885300232895376e-10,0.9999999993229806,8.149544663882841e-25,8.486984177419865e-11,3.6195574725402804e-12
2600,Normal,5.461937555437737e-12,0.999999999994521,4.323709605220189e-29,6.308928558699737e-24,1.7056553464901705e-14
2604,Normal,1.1742749790197372e-09,0.999999998825708,2.6207186699396083e-28,4.8699880148140686e-23,1.688459565474919e-14
2606,Normal,4.2901768006886026e-14,0.9999999999997541,6.916491171123794e-26,2.3896523970206427e-21,2.0307197707001973e-13
2613,Normal,7.861556868104514e-30,0.9989530653884222,5.727986236333812e-24,0.0010466566314224252,2.7798015524467276e-07
2623,Normal,8.72057468544494e-16,0.9999999979639046,9.887364191657106e-23,2.935094420667417e-20,2.0360945389738338e-09
2625,Normal,4.505048527496413e-09,0.9999999951646189,8.008119987931713e-22,4.2359481815474596e-19,3.303325710357347e-10
2626,Normal,7.118224659846326e-09,0.9999999928613149,1.4967723436650438e-22,9.507741265925182e-25,2.046042040211853e-11
2627,Normal,2.1358503193372615e-16,0.9999999985876031,1.6966638538703482e-22,1.6449665957277224e-20,1.4123966136464485e-09
2628,Normal,1.119303147463345e-06,0.9999988788563232,5.903761609668983e-17,7.731653578709618e-14,1.8404518688310443e-09
2631,Normal,8.87939228547487e-08,0.9999999108579538,8.77611634287665e-21,3.165569093773283e-25,3.481232937680731e-10
2632,Normal,7.020597063582391e-14,0.9999999895042646,1.2936918090321e-20,7.952252520874768e-18,1.0495665270879144e-08
2638,Normal,6.245804067150424e-06,0.9999937486638412,2.5309785586499355e-14,2.80301664064162e-19,5.532066374801562e-09
2640,Normal,2.8046877284932064e-07,0.999999514520925,2.850837057795e-15,5.43177227844438e-16,2.0501029884027614e-07
2643,Normal,1.8686864007252873e-12,0.9999995969958727,2.032390834506176e-15,7.428768764186776e-17,4.0300225652036535e-07
2644,Normal,6.767877183916698e-07,0.9999982157419295,9.081803119591407e-14,1.5077146996602575e-15,1.1074702597099155e-06
2652,Normal,1.3238165230454488e-20,0.9984010383874011,8.770094446046731e-17,5.524306107744595e-10,0.001598961060168206
2653,Normal,3.047252355949333e-17,0.9998729074688268,3.131159484806776e-16,1.1220659817535624e-16,0.0001270925311726712
2656,Normal,5.222675381791223e-16,0.998345730307254,2.1382552303996645e-14,6.03467253107048e-13,0.0016542696921204234
2657,Normal,5.66317849776302e-06,0.9998918382613193,7.213074538718175e-06,1.5805318799840307e-13,9.528548548602949e-05
2658,Normal,2.7712346420532137e-07,0.9991457285290735,1.1064705768352474e-11,1.2616696577878282e-17,0.0008539943363976583
2659,Normal,5.280708961235918e-07,0.9995189798770662,1.3889925303132642e-08,6.083487648459171e-17,0.0004804781621123084
2660,Normal,5.817239610341886e-14,0.997986155297974,1.5079104632797798e-13,1.1429692477250269e-16,0.002013844701817007
2661,Normal,1.536824282552415e-05,0.9055531815640855,0.0937474451912384,3.794482449545916e-10,0.0006840046224021869
2664,Normal,2.294584357732533e-13,0.9945224037286722,1.3527814500825094e-11,2.7630773023941496e-16,0.00547759625757025
2676,Normal,1.2778959908070853e-14,0.9999999999999784,3.7726113614431776e-28,6.312786822553946e-22,8.926036633655938e-15
2679,Normal,1.6556567442261006e-10,0.9999999998344324,1.5438666084791034e-26,1.5495207350210744e-20,1.836694288967786e-15
2682,Normal,1.451791733696448e-14,0.9999999999999756,3.062526749467474e-29,1.4713545162619255e-25,9.877339024789112e-15
2683,Normal,7.783166590627886e-09,0.9999999922168182,4.709934892562084e-28,2.0153954781992681e-22,1.5289453916711013e-14
2684,Normal,4.501622505916159e-16,0.9999999999999565,3.0030400843464627e-29,6.80598881709202e-26,4.309626414788023e-14
2685,Normal,1.638358633355241e-11,0.9999999999836122,2.4827709353295304e-28,5.273486651246657e-25,4.3021792699905425e-15
2691,Normal,1.4217914271955118e-18,0.9999999999897332,5.585089877969926e-26,5.855584249822513e-21,1.0266832462777914e-11
2694,Normal,1.0754181788653193e-14,0.9999999999576583,1.316974368580631e-23,5.876852134928854e-18,4.2330921503213793e-11
2695,Normal,1.902311590324574e-14,0.9999999998775857,1.3359065955366404e-22,3.1481343888845057e-16,1.223950503073295e-10
2698,Normal,5.913886231319919e-16,0.9999999999939377,5.088522836895468e-26,1.1968543956778134e-23,6.0616585430134005e-12
2699,Normal,1.3161036784620814e-22,0.9999999933484001,1.717562495726176e-24,1.3680743098034405e-13,6.6514631073223226e-09
2700,Normal,0.00010395777729224594,0.9977140248380794,1.1674308397848014e-13,0.0021820165838167885,8.006948878522788e-10
2704,Normal,8.127303376704781e-05,0.9999169869310086,1.3250007542250456e-15,1.731235846637524e-06,8.799376371058887e-09
2707,Normal,7.303598278510355e-13,0.9999999997311944,1.9569645975571218e-22,9.26665639683141e-20,2.6807536547988625e-10
2708,Normal,2.523388216887323e-12,0.9999999997648171,9.270177869988108e-23,4.315019059063734e-21,2.3265949595187127e-10
2712,Normal,7.81692866068801e-08,0.9999999217874352,1.6940884285875036e-16,3.8064211735410767e-14,4.3239839094342574e-11
2715,Normal,1.753719389373879e-05,0.999982447058978,1.3228722273094421e-14,1.72661501359286e-10,1.5574453468170505e-08
2716,Normal,5.444449279712432e-16,0.9999998762287599,4.6517613872000686e-20,1.745751256546168e-17,1.2377123949154208e-07
2718,Normal,1.5313724400789523e-08,0.9999999817103862,2.171767075230733e-19,4.691790902785157e-19,2.975889434939282e-09
2720,Normal,3.038741469105402e-17,0.9999999864275622,3.3145728566397217e-21,4.363897759014229e-19,1.3572437804554284e-08
2721,Normal,9.895842896691434e-14,0.9999999956980841,2.9597246023322185e-19,2.4933092200998488e-18,4.3018169875005075e-09
2726,Normal,2.4678798921769153e-13,0.9999999645007234,4.2088558591080724e-19,2.9552384521866114e-20,3.5499029861046504e-08
2727,Normal,3.84754263836977e-08,0.9999999270118002,4.1291913496996304e-18,1.0134987536941528e-19,3.451277343201928e-08
2728,Normal,1.2195886817460586e-09,0.9999999588876057,4.8921344523140806e-18,1.59330429246832e-22,3.989280565813236e-08
2732,Normal,5.751624332630158e-13,0.9999972305252743,4.6277780978109015e-17,1.3905873946763953e-17,2.7694741504873094e-06
2737,Normal,4.000380660158296e-12,0.9999839606412134,4.278869296808497e-15,6.192720006202917e-16,1.6039354781239726e-05
2740,Normal,1.2237069309427994e-12,0.9999750850113546,3.2907351748424443e-14,4.783100800676971e-17,2.4914987388925392e-05
2742,Normal,9.809820347760836e-07,0.9999908010796014,4.9855044655855e-07,2.9268252309914914e-12,7.719384990373476e-06
2749,Normal,6.025479748261331e-14,0.9997224497994758,2.059876974811766e-12,1.097327660544343e-14,0.0002775501983929602
2751,Normal,1.2750008641108285e-10,0.9977999872550534,2.8147707111723894e-12,1.9848617551358636e-17,0.002200012614631678
2755,Normal,1.1182253151884586e-14,0.9897346588022018,1.833537071767605e-12,9.020669577469883e-15,0.010265341195944543
2757,Normal,2.806577478084549e-16,0.9746315889191751,1.5153128912070194e-11,2.727703699145014e-11,0.025368411038394403
2759,Normal,2.7472497186250246e-07,0.9713633529119667,3.244289306072647e-07,2.0624362206946985e-14,0.028636047934110148
2765,Normal,2.805609240241572e-07,0.9999997194381204,2.4120818402505915e-24,8.064008032428573e-13,1.4921126401501396e-13
2766,Normal,2.0666665268090275e-07,0.9999997930523656,3.012238696942573e-23,2.798129387973664e-10,1.1687766283851715e-12
2768,Normal,2.2258284579506125e-22,0.9999999999862994,4.0774406825223875e-27,1.2679161775270692e-16,1.3700504917097516e-11
2772,Normal,9.834446592535486e-11,0.9999999999016529,8.070472828909157e-28,1.1711401941289519e-23,2.7033701643139446e-15
2774,Normal,2.313913913834534e-21,0.9999999999854139,7.042377822574644e-27,1.4491287605389973e-18,1.458619799173792e-11
2775,Normal,7.379605856611622e-13,0.9999999999991201,7.8745457740401e-25,8.30818169006101e-19,1.4192779581885217e-13
2782,Normal,2.5249482101339446e-25,0.9999999803678284,1.1397913695789511e-24,3.0746836456495704e-09,1.655748794699103e-08
2783,Normal,5.798741803966124e-11,0.9999999999385125,2.0386874804335935e-24,5.643760706488492e-19,3.5001682827247952e-12
2785,Normal,5.634388807509196e-07,0.9999994364867217,2.6941762432026732e-18,6.859266879491486e-11,5.804783142499695e-12
2790,Normal,1.3018508471323245e-09,0.9999999986768934,1.067961583620168e-23,1.122286090687162e-19,2.1255819213620685e-11
2791,Normal,4.609509575398547e-05,0.9999539049028406,1.9889014581408242e-21,1.6644992705134018e-20,1.4054131658157224e-12
2792,Normal,1.4784585137342375e-08,0.9999999851771674,2.527253871011792e-23,1.576734511672173e-20,3.824752337636483e-11
2797,Normal,1.3428979640329712e-12,0.9999999999461855,6.199628276523156e-23,5.10856607335337e-22,5.247166758701283e-11
2798,Normal,4.529046695253522e-05,0.999954699439158,2.2007219216921477e-15,5.037222418309454e-10,9.59016489256368e-09
2800,Normal,1.2721076072587476e-06,0.9999987278398312,9.186607622502691e-20,4.0936273236009705e-20,5.256155115812821e-11
2806,Normal,9.800530594440196e-10,0.999999998568301,3.3229857666096454e-19,1.939345456278309e-19,4.5164588904003666e-10
2817,Normal,7.024803705731841e-08,0.9999998965524016,5.6137727061839696e-14,6.304797425505146e-16,3.319950452760069e-08
2825,Normal,3.4854581708854507e-07,0.9999973385210241,7.713763031552677e-15,3.567829865897206e-17,2.31293315112264e-06
2826,Normal,8.990043055053089e-09,0.9999795437183551,4.613225887253311e-15,2.6122504300030347e-21,2.0447291597250373e-05
2833,Normal,6.878512957391191e-07,0.9997642820315346,4.439966112413047e-12,5.691804181247601e-16,0.0002350301127292053
2836,Normal,1.3591282377193897e-11,0.9995190736315916,3.494351804553918e-13,1.3695069173482588e-17,0.0004809263544677508
2841,Normal,3.6642026020416124e-10,0.9970749718538426,3.857879471483497e-12,7.620631954214508e-17,0.002925027775879154
2846,Normal,1.726475560077516e-06,0.4856911950090259,0.5091632508535225,1.5191441503518325e-07,0.005143675747476437
2851,Normal,1.2034904941876594e-13,0.9859251074334109,1.284009198833526e-09,5.466346371715846e-12,0.014074891276993217
2857,Normal,1.1397496639352066e-09,0.8357592829835061,8.58721640219283e-07,2.468890193588612e-12,0.16423985715263512
2864,Normal,5.357339836165124e-09,0.6229375847675089,0.008415820751515313,1.829006375574199e-11,0.3686465891053459
2865,TWF,6.316185359713949e-08,0.1656385497924261,0.0011544883315259152,5.308278634505282e-13,0.8332068987136635
2866,Normal,1.2199455798723836e-16,0.999999999999953,8.931520363027428e-30,3.663013536984628e-23,4.687276963847933e-14
2867,Normal,2.909224650853611e-22,0.9999999999217544,4.7721261845141415e-26,3.0185739497078636e-14,7.82155186677376e-11
2872,Normal,3.726828503919465e-11,0.9999999999621951,1.4144265551921248e-25,4.709927150378592e-20,5.366361364824813e-13
2873,Normal,4.945951476453192e-16,0.9999999999984314,5.176044651029886e-26,4.762735996180358e-21,1.5681572393586876e-12
2876,Normal,1.6962531178745655e-18,0.9999999901697495,2.843394000745983e-22,1.5894780000232128e-13,9.830091610224444e-09
2877,Normal,1.2062516434326235e-12,0.9999999999945501,1.1452212618456553e-25,1.2576326832526145e-22,4.2436659684570784e-12
2878,Normal,4.8271096200125874e-14,0.99999999993302,2.4354712625309836e-23,1.5221393350830337e-18,6.693165507707197e-11
2883,Normal,1.7281219043327444e-15,0.9999999998916707,1.4896550180352134e-22,5.4074565891073e-18,1.0832763075464939e-10
2886,Normal,0.006569058305108657,0.9934309416611625,8.432553052927564e-20,7.595800789641718e-17,3.372870912305412e-11
2888,Normal,7.163194111877273e-15,0.9999999956501386,1.1208324263010943e-21,1.614127352560341e-18,4.34985412820236e-09
2891,Normal,1.6849553534816995e-13,0.9999999998042968,1.4749645831006967e-22,5.254260664075436e-21,1.9553469962964825e-10
2892,Normal,2.377974512349946e-15,0.9999999984294164,1.8088481683255948e-21,2.791207716782362e-18,1.5705812393858522e-09
2894,Normal,5.531198497956673e-11,0.9999999974623927,2.2931727503019043e-20,1.2357356771864563e-18,2.4822953803789075e-09
2897,Normal,1.3075219524779326e-12,0.9999999730528472,1.3917201491179105e-19,7.863234504903805e-18,2.6945845411532905e-08
2901,Normal,1.3270438883603749e-12,0.9999999958737643,1.760421064317851e-20,2.088280150687698e-20,4.124908636627843e-09
2905,Normal,1.269639221367105e-29,0.963444796904742,1.1589739301710298e-21,0.03652430613358117,3.089696167676787e-05
2906,Normal,1.631828846503938e-11,0.9999999814121017,1.292504315129129e-18,5.556606640783299e-19,1.857158009552521e-08
2910,Normal,2.04040882248835e-09,0.999999977486364,4.532457409466527e-16,3.242823734374121e-16,2.047322630688536e-08
2914,Normal,1.5005921952636554e-10,0.9999992459145789,1.2760596903084393e-16,6.802789292314878e-19,7.539353618257962e-07
2919,Normal,8.733899597159237e-08,0.999982562917075,3.832762007708363e-15,4.9989492100703e-19,1.734974392515932e-05
2929,Normal,0.39868683218841455,0.601283375076491,3.7916791295291807e-07,3.3747968449401333e-12,2.941356380683573e-05
2935,Normal,3.2798987049874526e-09,0.9992206969573537,2.2719811110728308e-10,5.313744597746656e-12,0.0007792995302357917
2936,Normal,9.287700527158241e-13,0.9908107528585282,1.1038998855204965e-11,5.150546551800821e-13,0.009189247128989024
2950,Normal,2.7417656787356517e-07,0.9999997258127434,1.2955959022116576e-21,1.9529636881085096e-12,8.735756083317759e-12
2954,Normal,8.518990142202673e-13,0.9999999999982948,6.265980856267836e-25,7.363596424309882e-21,8.533211473661489e-13
2956,Normal,2.3843608510631073e-06,0.9999976156318651,2.6409727373850915e-22,6.0220813906992874e-18,7.283906472438707e-12
2965,Normal,1.369915091437182e-15,0.9999999996225316,2.292134047440045e-22,1.4031835053996637e-18,3.774670260015575e-10
2966,Normal,9.677537913966545e-17,0.9999997723994215,7.072628248886322e-20,4.079958248886961e-13,2.2760017037982133e-07
2974,Normal,8.001038764036803e-08,0.9999999106207482,3.989104223306774e-17,1.1890853125085548e-13,9.368745230435053e-09
2979,Normal,5.003326895215535e-16,0.999999974639971,7.268651838079515e-21,8.579133417244232e-17,2.536002839678051e-08
2982,Normal,1.515978316416138e-12,0.9999999663003609,1.4024897389723323e-19,9.186435607196485e-18,3.369812316418183e-08
2983,Normal,3.546828234700942e-17,0.9999996624076185,2.600159043365105e-19,3.970218109453823e-15,3.3759237752522225e-07
2984,Normal,0.010407835117312155,0.9895921522169817,7.451570472762948e-10,6.210509543912148e-11,1.185844401429071e-08
2990,Normal,8.1635842160421e-10,0.999999872857134,1.7236579067664093e-15,4.7087480702928046e-17,1.2632650590931006e-07
2995,Normal,1.9136118471881285e-08,0.9999992394796373,3.931263056880254e-09,6.770188060852211e-10,7.367759623319017e-07
2996,Normal,3.7334953551745416e-11,0.9999962820736571,1.2457320518685347e-14,6.271686484156209e-17,3.71788899534562e-06
2998,Normal,8.619342785957028e-05,0.9599513442190563,0.0027670697947311525,0.03704290356810806,0.00015248899024496466
2999,Normal,7.084155524524142e-13,0.9999882221825199,9.97266868757751e-15,5.771602796294517e-16,1.1777816761041822e-05
3002,Normal,3.4144730350140927e-08,0.9999817792935937,2.0970887329217084e-11,9.186273207514619e-17,1.8186540705028137e-05
3005,Normal,1.5231410511639413e-08,0.9998364610083129,1.8373832166649298e-08,2.56736584296261e-07,0.0001632486498601403
3007,Normal,2.8684852666688714e-09,0.9991949724023825,1.2886215640834613e-11,2.8364705205257e-18,0.0008050247162459731
3014,Normal,5.016449803521506e-06,0.9983889040022476,2.1560929846973846e-05,1.3974810272183573e-13,0.0015845186179622016
3015,Normal,5.796720036113888e-12,0.9991362271196363,2.329929882397076e-08,2.8646068466733295e-11,0.0008637495466220858
3016,Normal,9.414140053080586e-12,0.9869207669035137,6.392348095458217e-11,1.5088485829209875e-16,0.013079233023148496
3020,OSF,4.184391710645676e-07,0.21180306341711225,0.7830595585032888,1.2160834791775222e-08,0.005136947479593207
3023,Normal,2.3501222818198354e-15,0.9562973822553766,1.0369513905559479e-10,4.4650771354910483e-11,0.04370261759627513
3025,Normal,1.3196575292354112e-08,0.9287906286164074,4.135672854189389e-06,2.2404389344660965e-14,0.07120522251414078
3027,Normal,3.6810106237865224e-17,0.4359803102235209,9.127936024339975e-12,7.954102071397318e-09,0.564019681813249
3031,Normal,1.2405304119537877e-13,0.9999999999998153,3.7948827269251546e-28,3.952340292817423e-22,6.074841241200785e-14
3034,Normal,3.4853779011360304e-20,0.999999996403417,2.7019003262747493e-23,1.611967859374938e-12,3.594971113230152e-09
3036,Normal,1.2097383182714266e-07,0.999999879025876,3.6918337653766045e-25,7.553802287553945e-20,2.92223720354334e-13
3037,Normal,5.239504891977634e-05,0.9999476049510759,4.2968908634736495e-24,5.302330830665089e-20,4.3802473419441775e-15
3038,Normal,2.9806047216323867e-20,0.9999999998480064,9.682347257473313e-25,1.043081282802227e-15,1.519926154818336e-10
3044,Normal,1.743474851463631e-12,0.9999999999972653,2.174721211499119e-24,2.0767967695481403e-20,9.912244898085773e-13
3050,Normal,0.00045952137388970637,0.9995404786008847,9.561802330985031e-17,2.2422290681462404e-11,2.803207339675409e-12
3052,Normal,3.8082637082453536e-05,0.9999619173618493,1.096930558866922e-19,6.744984342526669e-17,1.0681183779446626e-12
3054,Normal,3.700782264265601e-13,0.9999999999859929,7.410170999176266e-26,1.7244238697717508e-23,1.3637093438717253e-11
3056,Normal,1.5185530723475603e-08,0.9999999848105177,6.245175308235459e-24,7.072497094469159e-25,3.951591487665031e-12
3062,Normal,0.001021819943331713,0.9989769197593332,1.3071856125677522e-11,1.2568871467330254e-06,3.3971164578912994e-09
3063,Normal,7.696948851872749e-13,0.9999999997082492,2.088738262939945e-20,2.9793970829186666e-18,2.9098112351926756e-10
3064,Normal,4.9357487462144865e-08,0.9999999505414484,4.2496202061429527e-19,1.6146984802842175e-18,1.0106416394206516e-10
3069,Normal,1.6940238980540543e-16,0.999999976437736,1.3591671869621365e-21,3.4361510273251332e-19,2.3562263738749027e-08
3079,Normal,0.0005251285320688701,0.9994739313164047,9.192280981481869e-11,2.5760765854206623e-09,9.374835269339417e-07
3080,Normal,0.0001879876674800956,0.9998119354766446,7.343358720121284e-09,3.3636524624824177e-10,6.917615135694706e-08
3082,Normal,1.989077594159311e-19,0.9998793243918032,3.54208328590861e-18,7.894222769749933e-11,0.00012067552925469976
3084,Normal,7.149776947898502e-16,0.9999967870897908,1.8724868597352038e-17,6.805829360534638e-17,3.2129102084297696e-06
3094,Normal,2.1678566576173835e-06,0.9999001640057552,9.545918034520508e-06,1.1174897566384836e-11,8.812220837775085e-05
3096,Normal,1.3987095907487772e-11,0.9990492962586602,3.546225055462315e-12,2.7426919631776682e-14,0.0009507037237788942
3099,Normal,9.935646530993719e-06,0.9993535330118167,5.501753441996299e-07,1.65263166737968e-11,0.0006359811497818171
3109,Normal,1.4496764198937291e-10,0.9358652636959168,2.047344098714734e-07,5.0786124530594916e-15,0.06413453142470059
3115,Normal,8.184689633966975e-17,0.9999999999982068,1.5281314049571356e-26,4.2822418563423455e-20,1.793176735829347e-12
3117,Normal,5.6073845935528e-14,0.9999999999999136,1.0575082634234878e-27,6.663216807132069e-23,3.033945104337579e-14
3119,Normal,2.2972645945274382e-09,0.9999999977018139,8.060835758720479e-24,1.0947683497861778e-15,9.203769552594765e-13
3122,Normal,5.981059543456934e-25,0.9999999953887484,2.1889900273853764e-25,9.591984460257316e-11,4.515331743453376e-09
3128,Normal,6.638902219057641e-18,0.9999999999623245,1.2152030587102817e-24,8.282466617410227e-20,3.767556436041754e-11
3132,Normal,5.53977344298079e-16,0.9999999999398668,2.4549381022175033e-23,2.8716634338485414e-19,6.013267786940776e-11
3133,Normal,1.405566418528429e-12,0.9999999999879163,4.2290717286746814e-22,5.16198688367884e-18,1.0678082141989394e-11
3138,Normal,7.638492943925959e-13,0.999999999938417,2.9545648626333425e-22,3.7838687489771996e-20,6.081919710220531e-11
3140,Normal,2.6402381604999625e-13,0.9999999999123955,3.176173047572491e-24,1.4571004043661885e-21,8.73404689023681e-11
3141,PWF,2.5512071755985835e-34,0.9999956616305135,1.5669694278903184e-27,4.278043336153187e-06,6.032615040099557e-08
3143,Normal,2.70958681058608e-14,0.9999999945336209,1.2787631762405402e-19,1.677305285326497e-16,5.4663517787360746e-09
3144,Normal,2.4738602767208946e-08,0.9999999745293328,1.6555163882130312e-21,1.1564649682732658e-20,7.32064522197377e-10
3149,Normal,7.690701729336198e-10,0.9999999916789141,1.0443765910319922e-20,6.3519347289056876e-21,7.552015845679048e-09
3152,Normal,3.1137193157569307e-07,0.9999996754947515,1.8562530281670678e-16,5.045984410518477e-19,1.3133316707501406e-08
3154,Normal,4.503329016320064e-09,0.9999997066469971,1.4674749858999824e-14,1.1850018352634902e-11,2.8883780927746007e-07
3155,Normal,2.793563677921261e-11,0.9999999587882274,2.982541369692175e-16,2.633740741375651e-16,4.1183836415420646e-08
3158,Normal,4.832740076397041e-09,0.9999997174338531,2.6289119674794833e-16,1.1435116638107798e-16,2.777334064521064e-07
3161,Normal,0.00035600780401414886,0.9996422484522215,1.6364196793665992e-11,6.231424610047724e-13,1.743726777068474e-06
3164,Normal,2.4997146367207237e-11,0.9999967979627232,2.6832462082837964e-14,2.0633778121805438e-16,3.202012252595452e-06
3168,Normal,9.567895037181284e-06,0.9999793617837126,6.671602199336224e-11,9.575470108450732e-18,1.1070254534139152e-05
3173,Normal,9.938789439090769e-09,0.9997426855441596,4.284817178991329e-12,2.9848397353417466e-15,0.0002573045127632653
3178,Normal,6.891541087761977e-11,0.9961522844941231,7.120823438983979e-12,2.1812482433020984e-15,0.0038477154298384355
3182,Normal,1.3302141629087148e-10,0.9956900880891878,4.0158762710384427e-10,3.807274258993344e-16,0.004309911376202811
3185,Normal,7.334374330951434e-14,0.9926862176887885,3.0189031847536956e-11,4.7609738160217104e-15,0.007313782280944272
3187,Normal,9.388677245756931e-08,0.9943766508761838,4.817645469296814e-06,1.2386335816921638e-10,0.005618437467711056
3189,Normal,4.77376806930115e-07,0.9863784253970115,0.00035848389492465694,3.1772775470342093e-09,0.013262610153979433
3193,Normal,2.4866877121134856e-06,0.43602090737151733,9.565222176728888e-07,7.061895332040738e-16,0.5639756494185523
3194,Normal,5.313290082674514e-08,0.9999999468670989,5.3316349252475924e-27,6.760618939140639e-21,2.598366584048614e-16
3196,Normal,1.5405865734122645e-15,0.9999999999998086,1.31618820107868e-27,9.11056991239271e-21,1.8988524268547547e-13
3199,Normal,2.8829339634503953e-09,0.9999999971169029,4.3499317654847615e-25,4.944618979982197e-17,1.6320155264429726e-13
3213,Normal,2.2487408614485152e-15,0.999999999981152,5.174737038026844e-24,6.654552316391378e-20,1.8845823246691215e-11
3215,Normal,2.120486697730044e-06,0.9999978793728339,7.254135668446169e-21,1.5729452488923245e-14,1.4045264023976274e-10
3218,Normal,1.2720574329152035e-21,0.9999999383213286,1.160091317139984e-22,2.299931017044492e-11,6.165567214106841e-08
3219,Normal,2.5420617376323133e-05,0.9999745782911122,1.393815465409434e-15,9.532903164319896e-10,1.3821969269724283e-10
3220,Normal,1.6842567102693006e-09,0.9999999982066434,6.826055981760881e-22,7.443134814923029e-20,1.0909992128952171e-10
3224,Normal,1.2885877351287886e-11,0.9999999998053455,1.2023824123723715e-23,2.990721155660894e-22,1.817686206762501e-10
3226,Normal,1.1723923236222533e-08,0.9999999881281009,2.3189960933472145e-20,2.9688541666955686e-20,1.479758279980731e-10
3229,Normal,1.6016674162489727e-08,0.9999999834793805,2.477751289086648e-17,1.77134505746048e-15,5.039435013222505e-10
3230,Normal,4.888578992993054e-07,0.9999995106146281,1.0886848008406597e-18,2.6285138222972123e-19,5.274726440642929e-10
3232,Normal,8.42527436283189e-06,0.9999915734937751,2.8342050383296497e-17,6.67768163700108e-18,1.2318621368143957e-09
3236,Normal,7.003076619135358e-20,0.9999982040208016,1.805881189335865e-20,2.872091563218802e-13,1.7959789112452811e-06
3241,Normal,1.8199511730047507e-12,0.9999998604918573,2.3023882999173742e-17,9.36044567684347e-17,1.3950632270373346e-07
3243,Normal,0.000414047340905121,0.9995857509225161,1.3110099511567997e-14,1.2692590016799763e-19,2.0173656562794347e-07
3244,Normal,3.0886867845293383e-15,0.999998478840835,1.5095191663286282e-17,5.789738796747039e-16,1.5211591612601038e-06
3245,Normal,0.056460763851314565,0.9435379019081326,6.064706281529347e-12,1.2090947341356446e-13,1.3342343672306036e-06
3247,Normal,1.547837818669355e-07,0.9999991406722383,2.9939097803541457e-14,3.1667873442821655e-17,7.04543949745937e-07
3250,Normal,2.3220762283100408e-08,0.999994659239732,7.335302145537242e-14,2.050392512001688e-17,5.317539432379437e-06
3251,Normal,1.1538383522546837e-15,0.9999695051146115,3.8374810061677544e-17,2.3982691645489147e-15,3.0494885384996404e-05
3254,Normal,9.952905548910288e-09,0.9999956058220193,7.109049964170109e-10,2.8678938849582986e-11,4.383485491285551e-06
3257,Normal,3.4517237053250605e-09,0.9999533312430915,3.850060623848917e-12,1.0665919173420968e-15,4.666530133363051e-05
3267,OSF,0.017641728322518643,0.6755857198811925,0.3057704254546093,8.597129307873446e-10,0.0010021254819665777
3273,Normal,1.1033527683026503e-09,0.8544537505158928,4.015587159627604e-09,2.0594870224895901e-13,0.14554624436496136
3277,Normal,1.4277341650340146e-06,0.9999985722658227,5.037501060725332e-25,1.6475421715525358e-20,1.236446085779695e-14
3279,Normal,3.650464243590526e-09,0.9999999963494737,4.081921184578358e-24,2.0473757085278603e-18,6.207004261977566e-14
3280,Normal,0.0011640220996781071,0.998835977898962,6.841813569194558e-20,1.260287363032766e-12,9.959710321716635e-14
3281,Normal,5.4414672065793665e-06,0.9999945583045727,8.7562643751023e-21,2.048818288528549e-10,2.3338924337615292e-11
3288,Normal,2.1919155875798738e-11,0.9999999999734074,1.0670468317922911e-24,1.9026223229401496e-21,4.673484875479605e-12
3293,Normal,0.00022208879175567394,0.999777911206221,9.285991181489143e-21,1.7111230341936195e-18,2.0234387334812127e-12
3294,Normal,0.002189115329902411,0.9978108832870225,1.9127434064750323e-17,1.0145281085152347e-09,3.685470672853695e-10
3299,Normal,1.655353662619475e-09,0.9999999983323634,3.345611474798273e-22,1.3069020638502505e-20,1.2282944869213871e-11
3304,Normal,0.000819062971977843,0.9991809369244273,4.3676091630757166e-16,7.176612077688173e-14,1.0352270001656424e-10
3305,Normal,9.245222838872813e-09,0.9999999905731062,5.29314571474588e-18,1.5421455018902567e-14,1.816556311920419e-10
3313,Normal,2.646280503541346e-13,0.9999999876587685,5.1044512329000125e-20,8.591553599778337e-19,1.2340966908663434e-08
3323,Normal,0.05277189850532977,0.947228077756576,8.312463989009567e-11,4.279034488243467e-12,2.3650690587700554e-08
3326,Normal,1.914031655057774e-11,0.9999998229344114,2.91262390293089e-17,1.495180873410234e-17,1.770464482346932e-07
3329,Normal,7.2646101992785e-05,0.9999272638252957,2.6455215047810674e-14,3.106651783291725e-17,9.007268511438155e-08
3331,Normal,0.0023256003473779126,0.9976742235368155,2.0144823681664218e-10,1.4193604442955236e-12,1.7591293913729066e-07
3332,Normal,7.83153723657065e-11,0.9999998176237898,5.033444040028499e-14,1.583843540488297e-12,1.8229626078269836e-07
3334,Normal,0.0027663415498776515,0.9972329455868634,1.1191819833265854e-12,5.1628934852451026e-14,7.128620881470453e-07
3336,Normal,6.333921825522783e-14,0.9999928152185081,2.217485306673723e-15,6.739081875252261e-14,7.184781358921274e-06
3338,Normal,2.1903063650511453e-10,0.9999888977618333,2.2712503934251718e-14,8.488118666154625e-17,1.1102019113227433e-05
3343,Normal,0.0002737288526883632,0.9997000626318052,5.827239765496386e-06,2.700980293848474e-10,2.038100564277355e-05
3344,Normal,3.4019878150889934e-12,0.9999244925584349,2.5525616934373683e-13,1.753288767301431e-12,7.550743615468348e-05
3345,Normal,3.853928776444135e-14,0.9998494306529505,4.39131275374472e-14,7.306942630155887e-15,0.00015056934695962477
3346,Normal,2.1425468821755637e-11,0.999809095948091,2.1374599568949555e-12,2.9524735741042865e-15,0.00019090402834303868
3348,Normal,6.182160176244396e-10,0.9999098070335914,2.5410835051186666e-10,2.3630370274782773e-13,9.019209384780963e-05
3350,Normal,3.249237419686773e-13,0.9991584605946778,5.931881278022943e-13,2.290232941334999e-15,0.0008415394044016687
3359,Normal,6.410870424135015e-09,0.9827796025162591,1.4110971976428942e-08,9.125187230520118e-15,0.017220376961889494
3362,Normal,5.662428366224182e-09,0.9829304691713181,5.407862180187746e-07,1.3624038994290977e-12,0.017068984378673078
3372,Normal,8.037075241409316e-21,0.9999999983943593,2.5497633827105726e-23,7.0235106623354175e-12,1.5986172680830526e-09
3374,Normal,4.631507026024483e-12,0.9999999999947646,1.721757613889598e-24,4.894187592582974e-20,6.039353619355329e-13
3375,Normal,9.203971483791152e-05,0.9999079602848239,5.1763146029018166e-20,5.751672906277453e-14,2.8067327725160393e-13
3377,Normal,8.055907011013554e-06,0.9999919440901258,2.8131005577059014e-22,1.423799822706271e-15,2.861745631509404e-12
3385,Normal,3.3537047622775607e-06,0.9999966462916019,9.532473501372995e-22,1.623949581488157e-20,3.635895679848354e-12
3386,Normal,3.0802240232316404e-07,0.9999996919610576,1.0280793533871555e-19,1.4188395859536818e-16,1.6539872764569925e-11
3388,Normal,0.009784577534149725,0.44156223263981875,3.261141398879428e-13,0.5486530082875992,1.815381062048478e-07
3392,Normal,2.6348588707857236e-07,0.999999736270371,3.947832552754173e-17,6.670538238118702e-14,2.436752909361126e-10
3394,Normal,3.598730635580315e-08,0.99999996355524,1.4881004543403224e-16,8.815073482129674e-13,4.5657201936035e-10
3395,Normal,0.0003546983142094015,0.9996453014105825,2.2121708228136462e-18,3.6639293898568187e-19,2.75208112273181e-10
3398,Normal,2.52043827042839e-13,0.9999999875651326,1.6490512597934615e-19,1.3127725845982935e-17,1.2434615391523369e-08
3402,Normal,7.693308492895011e-13,0.9999999489821605,1.304689178687842e-18,4.197334105241332e-16,5.1017069720379954e-08
3407,Normal,9.075599296513351e-08,0.9999999006865259,2.469867874302411e-16,1.2257718272599196e-16,8.557480844632533e-09
3423,Normal,3.759489442577311e-12,0.9999923161201029,1.0498180472343914e-14,4.908737164567298e-15,7.683876122220436e-06
3425,Normal,3.993493321968147e-11,0.9999759576012442,3.00559519462053e-14,2.761128702608575e-16,2.404235879045876e-05
3435,Normal,0.0008705863039715565,0.9979822988230886,3.544507814412768e-09,2.3435818184090497e-14,0.001147111328408641
3436,Normal,0.00011983961139605689,0.9206619252804563,0.07805296584639432,6.94218662145155e-07,0.001164575043091231
3437,Normal,8.409302786907334e-08,0.9996267883503911,3.2895506209673356e-06,1.3323377311148194e-10,0.0003698378727262412
3438,Normal,1.230353893465952e-24,0.9853451314511308,7.591856965297737e-17,0.004408114391054807,0.010246754157814201
3444,Normal,2.902353027532197e-09,0.9862470340966979,6.302884239141664e-08,3.464497120846482e-13,0.013752899971760296
3450,Normal,8.032440267679893e-11,0.8824176056832924,7.844390769463689e-08,4.874937317072708e-13,0.11758231579198805
3451,Normal,1.030625394473684e-08,0.9404299142008916,0.00012057843005562116,1.0559879759481576e-10,0.05944949695719994
3452,Normal,5.21280453934114e-07,0.9999994787195219,2.6279168644891016e-23,5.0410920799295677e-17,2.41541292158845e-14
3466,Normal,0.001050544929170764,0.9989494550545616,9.765473705871657e-21,3.6478545578091445e-16,1.626729063223246e-11
3475,Normal,2.430839520092792e-10,0.9999999994497748,5.909146828761595e-21,5.6256864891364575e-18,3.071412959377067e-10
3481,Normal,0.009177855386036046,0.9907968561137316,1.9595100145100363e-11,2.527801625854729e-05,1.0464378771851893e-08
3484,Normal,4.401178099445747e-06,0.9999955966937895,2.483514958822396e-19,4.712741838934768e-18,2.128111135829538e-09
3486,Normal,0.00014458424399559284,0.9998554137387514,2.056477061854977e-15,4.7306822602421765e-14,2.0172036194291486e-09
3488,Normal,7.049565011280815e-09,0.9999999889456898,7.5084154221038255e-19,3.725946415471321e-17,4.004745208355349e-09
3490,Normal,6.440398768832985e-10,0.9999999887849449,3.229691223854258e-18,1.280030963723567e-17,1.0571015308106971e-08
3491,Normal,4.015064602386168e-15,0.9999987375637531,7.98462309411599e-18,1.6198096607264912e-12,1.2624346231150922e-06
3497,Normal,0.30514197595343046,0.6948579938043072,1.058061820888975e-12,5.341947014358244e-17,3.0241204241578235e-08
3499,Normal,0.2869841444394955,0.7130158046460888,2.7337843205806728e-09,6.6126985565182025e-12,4.817401861930874e-08
3504,Normal,1.4246468890660844e-08,0.9999994903891062,1.0647245205658214e-11,5.124951192272819e-12,4.953486527346515e-07
3505,Normal,2.4216658214720907e-09,0.9999969284168587,2.6408758919507603e-14,4.9209489427879616e-14,3.0691613998275267e-06
3513,Normal,0.00026964153859647367,0.9996934924721763,1.7309964677726366e-09,1.853119768589299e-11,3.6864239699619296e-05
3516,Normal,2.2233326768865295e-11,0.9997994836267561,1.2910906189692966e-11,1.5921774818568795e-10,0.0002005161788819561
3519,Normal,0.0019259712171855162,0.9973451918038921,2.984098715075884e-07,3.9086912440830965e-15,0.0007285385690469303
3522,Normal,3.748086688452905e-09,0.9968522281901858,9.155299394667649e-09,5.504472018813237e-13,0.003147758905877564
3536,Normal,4.234199637316715e-17,0.9999999999990222,1.0252673990219805e-27,1.707731765301411e-22,9.778272890953607e-13
3540,Normal,2.7589894568859983e-14,0.9999999999607483,7.06972965709159e-22,1.9547658337953543e-16,3.922394090854585e-11
3548,Normal,6.569438236065443e-08,0.9999999341526166,7.576254440073522e-20,8.900404236409521e-12,1.4410063945649737e-10
3550,Normal,0.019417219679188462,0.9805638772198513,9.486759139791659e-16,1.889911203786646e-05,3.98892142765022e-09
3553,Normal,0.0005729753974038082,0.9994270243983332,6.1480669196972905e-18,1.420148661216261e-11,1.900614548553619e-10
3560,Normal,1.9275082758345513e-13,0.9999999933577083,2.2557308196826167e-20,2.55682782628938e-17,6.642099021515938e-09
3561,Normal,9.950029293343021e-14,0.9999999922542985,2.796268477570781e-19,1.1802245495858798e-15,7.745600803839429e-09
3562,Normal,1.4422620006869243e-07,0.9999998554901997,1.1844526044087454e-19,3.5781735099893236e-19,2.8360014713222316e-10
3566,Normal,4.1196286054091794e-05,0.9999587895674725,2.6660990215632153e-15,1.1981451762055654e-09,1.2948325535034597e-08
3567,Normal,0.5203503063432366,0.47961460996319655,8.220754588482049e-10,3.5072329379132116e-05,1.054211211493061e-08
3577,Normal,1.5139318292161646e-11,0.999999957095517,4.0881046580189387e-16,1.479610628298949e-13,4.28891950880833e-08
3580,PWF,2.9321269930178553e-34,0.02042198969896131,3.5107890384227255e-23,0.9795747347445575,3.2755564812563147e-06
3581,Normal,8.290577187527347e-13,0.9999995960360434,4.455478364920496e-17,5.458604570125081e-16,4.0396312710536273e-07
3585,Normal,0.4266224647582103,0.5291547110498147,0.0003243446530743816,0.04389320759058097,5.2719483195742146e-06
3587,Normal,5.877111809585371e-11,0.9999986616358794,1.6109013311710048e-15,4.930648326724748e-16,1.3383053475330552e-06
3588,Normal,2.9200683292202975e-07,0.999995359007038,2.190417300908338e-15,1.4051502239518655e-17,4.348986126933813e-06
3589,Normal,4.5689263358537473e-08,0.9999980620046282,1.2174950302911311e-13,9.11191009379172e-13,1.8923050755552038e-06
3594,Normal,0.10458304493039815,0.8953753928635154,9.697220599321232e-11,3.5060696746541056e-15,4.156210911075206e-05
3596,Normal,7.747952213866307e-09,0.9999726016397941,8.052158846267843e-12,8.337815294930192e-15,2.7390604193345552e-05
3602,Normal,0.0035320639030694406,0.9957143840415877,2.879554443603163e-08,1.293603837662493e-16,0.000753523259798259
3607,Normal,0.0069333352845755165,0.7778956743103956,0.21348586456200377,8.803735520625253e-09,0.001685117039289567
3609,Normal,7.69632806683634e-18,0.9366819588625711,2.3967878496566835e-13,8.04737225087743e-07,0.06331723639996414
3614,Normal,2.732382142105222e-11,0.9999999999725327,6.861940619771137e-24,4.2474246628507883e-17,1.4346391265101546e-13
3615,Normal,8.530168440057697e-13,0.9999999999989553,4.798652793950657e-25,1.646405049949193e-19,1.9173093757767245e-13
3616,Normal,5.1399873885035725e-15,0.9999999999978203,2.8793550272910505e-25,2.1835559968652948e-18,2.1746349406813524e-12
3618,Normal,5.942590680756851e-10,0.9999999994052959,2.3363038274170484e-22,4.992983474150856e-16,4.446172242256611e-13
3622,Normal,3.6290312204085545e-14,0.999999999989494,7.500645514842857e-24,1.0568390894730844e-19,1.0469841794234224e-11
3623,Normal,4.627798696854796e-09,0.9999999953702075,4.2473166231255525e-22,1.504042260069617e-17,1.99394019635486e-12
3624,Normal,1.966252538077672e-11,0.999999999978123,2.0448171568293117e-24,6.685470204362589e-19,2.214480441617328e-12
3634,Normal,3.946870766558708e-10,0.999999999528616,4.4853354616739094e-21,1.3463582197168993e-15,7.66957446849346e-11
3635,Normal,5.8613242487037434e-08,0.999999941304346,1.6131515076733133e-20,1.0397891962850426e-18,8.241146798852769e-11
3639,Normal,1.1502562521173533e-07,0.999999884775209,5.100518892097989e-20,6.5137079950562066e-15,1.9915930474981252e-10
3640,Normal,3.3868643113956275e-12,0.9999999955515033,7.078314987236023e-19,1.17002971353812e-15,4.445108630765113e-09
3647,Normal,3.708639500076432e-18,0.9999986353894438,5.72166728511599e-19,3.3700607042937144e-10,1.3642735502062148e-06
3650,Normal,1.0973108520163828e-07,0.9999998860708795,9.703706556321932e-18,3.382400915444666e-17,4.198035344936943e-09
3652,Normal,1.501416499141181e-06,0.9999984929987205,4.468833540657074e-16,1.8223426602219337e-15,5.58477824042039e-09
3654,Normal,2.8618930864900665e-09,0.9999999808584978,7.336032832952483e-18,1.2857812746236008e-17,1.6279609070327917e-08
3657,Normal,4.617151157263081e-06,0.9999953020699656,2.2218695992018902e-14,2.030232197387321e-09,7.874862270190599e-08
3660,Normal,1.9215588533488213e-15,0.9999986015005617,3.4562518350528565e-18,7.244035099917449e-15,1.3984994291491652e-06
3665,Normal,6.494814889197673e-15,0.9999962326979399,6.05621763604872e-17,1.569224673964426e-13,3.7673018965539528e-06
3678,Normal,1.0933017227791202e-05,0.9999317916853485,1.3380658217362377e-08,1.2993032299456016e-08,5.724892373318256e-05
3681,Normal,4.732041725469661e-14,0.9995734813363143,6.208562487477152e-13,8.551327214673985e-11,0.0004265185775042856
3684,Normal,4.051119518989527e-10,0.9997922155792088,6.75090936653097e-12,8.826010141491962e-13,0.00020778400804574276
3685,OSF,6.773055647710145e-05,0.03258049649920009,0.9315646955275421,0.03534585864232312,0.0004412187744577228
3686,Normal,0.0004673250448341128,0.9990662004023211,1.0820623468972408e-06,1.787166798386496e-09,0.000465390703331021
3693,Normal,1.0664629177507768e-14,0.9946980397450003,1.851615747031937e-12,1.949865947361384e-13,0.005301960252942485
3698,Normal,1.5218976093730903e-19,0.9999999995121596,3.3482143374046054e-23,1.042348999062786e-12,4.867979439220341e-10
3700,Normal,3.4638417172326377e-13,0.9999999999969019,3.974480302266964e-23,2.4741008735272724e-17,2.751697768736714e-12
3702,Normal,5.3294917116203525e-05,0.9999467050824024,3.2457754282106905e-20,5.4832446289219625e-14,4.265888085859497e-13
3703,Normal,7.860017647823428e-06,0.9999921399820316,3.2321012616431806e-21,5.625422672033417e-16,3.200197756128068e-13
3710,Normal,7.959916494488873e-16,0.9999999991597055,1.763390915903787e-21,4.529545086693667e-16,8.402932284843238e-10
3711,Normal,6.104188294891217e-08,0.9999999389516234,6.608750108203297e-22,5.518572383436816e-19,6.493604005929767e-12
3714,Normal,1.945465489282314e-10,0.9999999997565541,2.9040480637389303e-21,4.620507763424319e-18,4.889922466310817e-11
3719,Normal,1.6209625643892823e-05,0.9999837902524725,3.0721386927121318e-18,1.6112476541810558e-15,1.2188189731870486e-10
3723,Normal,1.8746787808519507e-05,0.999981252987967,1.2603563752872255e-18,3.38323796662785e-17,2.2422436721635296e-10
3736,Normal,3.489676008193194e-05,0.9744033957275415,1.1870293840572279e-11,0.02555529820690281,6.409293603462329e-06
3739,Normal,1.2951340749288032e-06,0.9999986822164045,8.529635484606068e-17,4.812759286050545e-15,2.2649515707207235e-08
3740,Normal,3.6702792437417826e-13,0.999999513010802,1.4344959609838656e-17,2.268035240010829e-15,4.869888287218191e-07
3742,Normal,5.645522024105479e-08,0.9999998302834044,3.119455263520358e-16,5.236162418993695e-17,1.1326137496303422e-07
3747,Normal,0.12880065930273846,0.8711972626497416,3.5855998297834505e-13,1.026394013833569e-14,2.0780471509644745e-06
3748,Normal,3.521732838557233e-07,0.9999988509939998,1.6200291132019603e-14,3.767639534840677e-16,7.968326997896717e-07
3753,Normal,1.902880804542684e-05,0.9999748791957984,1.9200799362071916e-14,3.920776418506698e-17,6.091996136980756e-06
3755,Normal,5.192389864771904e-05,0.9999450056873114,1.0089283087080798e-11,6.436706474838541e-15,3.070403945155829e-06
3759,Normal,1.2377322776284048e-06,0.9999870596416057,2.0979719660899187e-11,8.148082887995676e-11,1.1702523656008943e-05
3760,Normal,0.0013324066441691438,0.99865249523597,8.618922028918498e-09,5.788887338807164e-13,1.5089500359944847e-05
3764,Normal,0.0001530616971884438,0.9997813250798501,2.39038666687391e-07,2.115191443673901e-11,6.537416314290844e-05
3767,Normal,0.02136699177975485,0.9755016168931036,0.0027806684013979683,2.3072424208891506e-08,0.000350699853319384
3768,Normal,2.544209255384482e-11,0.9994365379332624,8.191984822226822e-11,3.735954238232937e-12,0.0005634619556398058
3776,Normal,1.59361045936651e-16,0.9534118635690247,3.598914595301109e-13,7.485358321057265e-10,0.046588135682079465
3777,Normal,5.108205341008594e-08,0.9721756695315596,8.545077882733193e-08,2.4129254020389573e-13,0.027824193935366986
3782,Normal,2.0768769355295893e-05,0.9999792312303649,2.897028146203039e-21,1.0063738142022697e-15,2.7880069949018677e-13
3789,Normal,2.138696913969266e-07,0.9999997860614274,1.2406571338603478e-18,5.7766457346284276e-11,1.1114845890573742e-11
3791,Normal,0.0033761679207300614,0.9966238320754268,3.1890818237043682e-18,3.241399800540779e-13,3.518937518924252e-12
3793,Normal,1.2353008738930212e-05,0.9999876469894504,4.6010563170040515e-23,4.428898429010148e-22,1.810711925718248e-12
3797,Normal,4.275175899806749e-08,0.9999999572347156,3.374605010742077e-22,2.034358667145171e-18,1.3525433414751166e-11
3799,Normal,4.4384846159836106e-16,0.9999999971194409,3.2785354241370672e-21,1.1759585710048372e-15,2.8805574171277898e-09
3805,Normal,2.764269808707077e-08,0.9999999720956819,9.902170254354862e-21,5.566580484441421e-20,2.6162002530023625e-10
3807,HDF,0.18515596963731948,0.8148440302535085,4.733191531672906e-19,1.557389937818786e-17,1.0917205845413884e-10
3809,Normal,9.428366200020718e-15,0.9999999132147281,1.9466330480918315e-19,9.77275240562406e-15,8.678525255740977e-08
3823,Normal,5.937064881797021e-06,0.999994043337382,2.094572704000684e-16,3.370414419406456e-14,1.9597702171154355e-08
3825,Normal,6.527678798898259e-12,0.9999998937853753,3.303255224686872e-18,1.148119339378306e-17,1.0620809706920409e-07
3827,Normal,0.0006597610595980496,0.9993399346212356,2.239261845318246e-15,4.4159665425951444e-16,3.0431916366287115e-07
3833,Normal,7.34865788929593e-06,0.9999915020832678,7.479034243982673e-14,5.852663395975468e-14,1.1492587095838452e-06
3835,Normal,0.24406848764270037,0.7559241824277465,3.608692401932415e-08,1.2892437430033488e-07,7.164918254804943e-06
3836,Normal,7.847825063209696e-05,0.9999174094250584,3.8718172204477903e-13,1.1252462109509158e-14,4.11232391120415e-06
3837,Normal,2.2599254346636976e-06,0.9999948300029347,7.224694132894121e-12,4.190189827967864e-14,2.910064364147739e-06
3839,Normal,9.045215321052888e-17,0.9999015916936566,5.328253341830971e-16,8.970205915429576e-11,9.84082166407423e-05
3848,Normal,7.479830739189331e-05,0.9998182955997797,4.2762745392270596e-10,5.062307486524744e-12,0.00010690566013861023
3852,Normal,0.0012210549259612207,0.9946943091661232,6.9267713546297e-08,3.1326384863457896e-12,0.004084566637069437
3853,Normal,1.8407096328852082e-19,0.9888615987703772,5.5103221160343e-15,3.3809301901495254e-07,0.011138063136598281
3854,Normal,1.3641467249481184e-06,0.9976943764333263,1.398651629400961e-08,5.2239491998684145e-14,0.0023042454333802634
3856,Normal,8.213666873622346e-10,0.9888748969465342,3.994366777694741e-11,8.238821036615933e-15,0.01112510219214726
3859,Normal,5.815305608646788e-09,0.9738829927644906,2.2749318230543773e-07,5.4049976292847155e-12,0.026116773921616456
3868,PWF,4.081815195676485e-37,0.006034005573950931,6.403014492235255e-27,0.9939659796704353,1.4755613629304998e-08
3876,Normal,2.7451677987231964e-05,0.9999725482890321,2.8591771603400506e-18,2.340059103879288e-11,9.580037653684876e-12
3885,Normal,2.914357105951163e-14,0.999999999940929,1.0239562003158952e-23,5.016180865187941e-19,5.90418601586557e-11
3891,Normal,0.00903287081848029,0.9909671284602621,1.713566597555038e-14,5.051138298619808e-10,2.161267183614281e-10
3893,Normal,0.030101325621352832,0.9698986736857877,1.507398406542517e-16,8.648382257608542e-11,6.063755810236998e-10
3895,Normal,9.041934350932608e-06,0.999990957915153,6.375610108766154e-20,1.7125751655334983e-16,1.5049580349161475e-10
3901,Normal,7.978288864806858e-07,0.9999991782245673,5.508013515507465e-16,3.603317505691721e-09,2.034322811088495e-08
3905,Normal,0.00039985712832777553,0.9996000457669887,1.7398405301262874e-15,9.642915724419668e-13,9.710371743973641e-08
3907,Normal,0.5217475330156343,0.47816096049195084,8.949413782232496e-08,9.129629974905141e-05,1.2069852821779948e-07
3909,Normal,2.8658458161025973e-12,0.9999998393655031,1.0366563992389108e-16,3.623891362764297e-14,1.6063159478801475e-07
3910,Normal,9.50531613944506e-16,0.9999997118027333,4.222733530420143e-19,8.011568421408854e-15,2.881972577272392e-07
3912,Normal,0.009105393378802484,0.990894481223545,1.424276438525222e-13,1.6188070451168392e-12,1.2539589138453662e-07
3914,Normal,1.2387073003746556e-13,0.9999979548545328,8.915596067010599e-17,1.5420217697031082e-14,2.045145327753851e-06
3917,Normal,7.872295192123871e-06,0.9999903509678694,1.834139448090875e-14,2.600287420181451e-18,1.7767369201997335e-06
3919,Normal,0.0021099268778200105,0.9978877688753759,5.687266381326538e-11,9.564771078668382e-10,2.303233454392191e-06
3921,Normal,7.480718888409765e-17,0.9999302448351458,1.0348049180064955e-15,5.040239621087867e-09,6.975012461344332e-05
3922,Normal,2.235254913128996e-07,0.9999951107835549,1.1657099474405484e-12,2.0444314822173118e-14,4.665689767682937e-06
3925,Normal,2.7631053833412914e-12,0.9999828893140207,3.090564252480677e-14,1.1913039931274344e-12,1.711068199401401e-05
3927,Normal,5.917247974078001e-11,0.9999506247173477,1.2765674398298483e-12,3.9616198446609446e-13,4.9375221807194005e-05
3930,Normal,7.20208004793593e-08,0.9999090611412674,1.986607273560743e-12,1.3486240162945183e-14,9.08668359320471e-05
3933,Normal,5.914980503021762e-18,0.9968455311088386,1.4749411487989254e-14,2.7854915736788843e-08,0.003154441036230928
3936,OSF,1.3504877542151084e-05,0.0027566915313008717,0.0014822033369712034,0.9954655029168544,0.0002820973373313603
3938,Normal,3.84003726158617e-15,0.9974647385137393,7.818249200112992e-13,4.5489209115367835e-11,0.002535261439985858
3940,Normal,9.000410031226209e-05,0.6593532173320823,0.33718513597805055,7.135612495331776e-06,0.003364506977059556
3942,Normal,9.27384444296594e-19,0.974369931514462,5.396280940772986e-14,3.618772789799962e-08,0.025630032297756046
3945,Normal,0.0013869183605839162,0.9590959210566263,0.027544911258153736,5.811529662269286e-10,0.011972248743483039
3948,Normal,6.69128742811671e-19,0.9999999999951357,5.131267485563652e-27,5.46248572572329e-20,4.864310643330202e-12
3950,Normal,0.0002567336727217877,0.9997432663254684,1.4862541316279323e-19,1.1873701144571837e-12,6.224409921200441e-13
3951,Normal,7.75302024679587e-11,0.9999999999203821,1.5987671633580848e-22,3.3453583699856046e-17,2.0876156250070713e-12
3953,Normal,4.369135151374992e-07,0.999999563085831,3.137984437309179e-23,3.771589029440158e-20,6.537896991941541e-13
3958,Normal,9.944187299920865e-09,0.9999999900370257,3.835585377314314e-19,1.9926237198335307e-13,1.8587755875799607e-11
3960,Normal,5.55716990810072e-11,0.9999999999321897,9.495717258663329e-23,2.4710024499260005e-17,1.2238617562092748e-11
3962,Normal,1.1957104916247374e-13,0.9999999998070508,6.174566237031018e-22,6.94213667661171e-17,1.9282963093949163e-10
3964,Normal,2.372947862864619e-11,0.9999999999604231,2.8322085657555704e-24,7.727705652707153e-21,1.584742109676906e-11
3965,Normal,1.2342883210909895e-14,0.9999999982923622,1.0706584754053458e-20,9.471146847889103e-15,1.7076160298553896e-09
3967,Normal,3.128031626087066e-09,0.9999999966567763,4.3790121565214454e-20,1.234687893863383e-17,2.1519209610204072e-10
3968,Normal,9.804176641596504e-09,0.9999999899110265,1.1851103629320006e-19,2.5230524282503925e-13,2.84544585491399e-10
3969,Normal,5.852298750805609e-06,0.9999941476594384,3.563642156049005e-21,4.119994551142141e-18,4.181080239025843e-11
3973,Normal,2.507603343428631e-08,0.999999973637568,1.0014638497263459e-19,2.3010033251687744e-19,1.2863985292980464e-09
3979,Normal,0.005405312979697065,0.9945946833104615,2.0729627430076185e-15,7.990946825560787e-16,3.709838587036513e-09
3980,Normal,2.584233374217128e-05,0.9999741535503089,4.9424639723504056e-17,2.244534653116628e-17,4.1159488877508685e-09
3984,Normal,0.001984463244961561,0.9980155252739993,1.8961570736626563e-14,2.3148370833255738e-15,1.1481017911552935e-08
3988,Normal,1.5719274966892552e-06,0.9999983998475976,7.182486236928131e-17,8.088655142409636e-16,2.8224904743863777e-08
3989,Normal,2.5867243139496676e-10,0.9999999282703028,3.476189644165963e-16,8.57166692766847e-15,7.14710158705948e-08
3991,Normal,1.1661075692827714e-14,0.9999995679660225,1.0152266309560138e-18,4.793949764672098e-17,4.3203396581690967e-07
3996,Normal,6.675640724046975e-12,0.9999975544310762,6.035448939308035e-16,4.576951617799697e-16,2.445562247129135e-06
3997,Normal,2.3007555818468505e-12,0.9999974575079719,5.950809026699956e-16,1.6193456636662264e-14,2.542489710680425e-06
3999,Normal,1.3067717784312142e-10,0.9999972581230613,6.319604684394455e-15,1.4430658415596645e-15,2.7417462537229315e-06
4003,PWF,2.760773831052871e-06,0.6627249307512925,0.0001612397513263789,0.3369020065278144,0.00020906219573565377
4004,Normal,1.120508567292934e-08,0.9999876356083234,1.2756641953837056e-12,4.5253075733865615e-15,1.2353185310806715e-05
4006,Normal,0.00012639220790399149,0.9998619510643452,9.478713330741383e-11,1.0439574067358055e-11,1.1656622524177493e-05
4008,Normal,0.006873877244748038,0.993109710610026,9.143837765120923e-07,1.9498080564039642e-11,1.549774195138778e-05
4009,Normal,7.739979569994471e-07,0.9999577177613369,2.7688759642433727e-12,3.242189051904218e-14,4.150823790482655e-05
4012,Normal,7.548642309152991e-06,0.9998816369973791,2.966673140109392e-05,1.1604685856693658e-07,8.103158205214112e-05
4019,Normal,7.342830543500452e-15,0.994076755392757,3.122739362853267e-13,1.0467002101009341e-11,0.0059232445964564106
4022,Normal,3.243008839101955e-06,0.9866008492648204,4.846992241837814e-09,1.945902210600309e-14,0.013395902879328812
4026,Normal,4.0053522884614054e-14,0.905269151829739,1.9030069107176834e-11,7.09447590812262e-12,0.09473084814409646
4031,Normal,1.2682375041542766e-21,0.8158473210416162,3.7569782697789015e-14,4.537988231671909e-05,0.18410729907602963
4033,OSF,9.04799097509389e-06,0.032363864010522006,0.9506838849819818,8.174419273405293e-10,0.01694320219907934
4035,TWF,5.077010179431017e-11,0.57967168500228,5.884570630711444e-08,2.42373249869898e-14,0.42032825610121943
4046,Normal,1.1304612352038365e-18,0.9999999931225689,9.932027710065042e-23,3.240387940728495e-14,6.877398678590099e-09
4048,Normal,2.0002993871725696e-06,0.999997999698397,8.402391926043378e-20,1.2789736539489145e-14,2.2031326424000108e-12
4049,PWF,1.7772475865445244e-35,0.03711363538088058,7.437052202095598e-26,0.96288632312398,4.149513930046737e-08
4050,Normal,2.0483894543527327e-08,0.9999999795133347,2.2816056582147358e-21,5.3036079052048984e-17,2.7706677078736e-12
4051,Normal,2.623783962026316e-06,0.9999973762122464,2.626253113215135e-19,2.7667181597400656e-14,3.76404307683415e-12
4053,Normal,9.780120096280778e-11,0.9999999998533412,2.522777519493526e-21,2.817039441331526e-15,4.885475612610217e-11
4054,Normal,7.134964803477851e-26,0.9918682508696569,3.623828529337367e-21,0.008127510723984294,4.238406358768566e-06
4056,Normal,1.4669610261842384e-17,0.999999982482713,3.3435717469056127e-21,4.632032295478445e-14,1.751724067301753e-08
4059,Normal,7.177102708688161e-07,0.9999992820982881,3.7923142254607995e-19,9.157447488355428e-13,1.9052535357542916e-10
4060,Normal,2.499236778125959e-06,0.9999975007160714,9.895660908979474e-19,1.1990589411660565e-15,4.7149344181835795e-11
4071,Normal,0.4671844027619193,0.5328153548384639,3.57398921562858e-11,2.396586192332477e-07,2.705257671033373e-09
4075,Normal,1.6733795828447166e-05,0.9999832640648694,4.215811851881613e-17,9.228311514424736e-17,2.139301967705911e-09
4076,Normal,8.432976670194424e-11,0.9999999926417706,8.180900605381355e-18,2.318278931988666e-15,7.27389718615302e-09
4077,Normal,1.2126833285781495e-08,0.9999999792306515,3.327849096296361e-18,1.4189265953068277e-16,8.64251498638771e-09
4078,Normal,3.693651076882304e-12,0.9999999748348192,6.958123619412647e-17,2.2177783776507128e-13,2.5161265310900007e-08
4079,HDF,0.8785341472009259,0.12146258019457878,6.708799020818891e-12,2.6089748519534125e-06,6.636229346028628e-07
4080,Normal,5.720962535606413e-19,0.9999965723926608,2.817749507421599e-19,1.5590157160942856e-10,3.4274514375475277e-06
4082,HDF,0.9230697509536473,0.07693021719033973,2.0910220354465276e-09,2.3467958289791235e-08,6.297032772030531e-09
4083,Normal,4.413249078691562e-10,0.9999999792515023,5.145519241649909e-17,1.3460154114697403e-15,2.0307171482658292e-08
4085,Normal,1.8814216587500573e-11,0.9999999413834384,2.3779220654968835e-17,6.083589059930305e-16,5.859774683537294e-08
4086,Normal,2.6637194835183985e-18,0.9999981860062229,6.263631443657086e-20,5.978196667098897e-14,1.81399371739155e-06
4087,Normal,4.797832976738301e-10,0.9999998471090669,1.5120996288080762e-16,1.0389882443205027e-16,1.5241114955534525e-07
4090,Normal,3.5819150525309216e-10,0.9999989746068995,9.41301222903764e-15,1.524019080769049e-12,1.025033375570423e-06
4091,Normal,6.526780275560725e-23,0.999687637383667,1.1698331402205503e-18,7.863790149021143e-06,0.00030449882618399
4097,HDF,0.10558502242172776,0.8944103784855769,2.2020499506587845e-07,2.6816211619983063e-11,4.378860884090598e-06
4100,Normal,4.005165658289046e-06,0.9999909114050392,3.8405314172897624e-10,2.4347846428241174e-12,5.083042814733404e-06
4101,Normal,2.344395158394978e-17,0.9998556197201901,2.5390583122412544e-16,3.7083910846013355e-11,0.00014438024272578015
4104,Normal,2.8935655968412032e-05,0.9999362683346107,1.4543093462350702e-10,6.364176234357887e-15,3.4795863983724145e-05
4105,Normal,0.020006527483815796,0.9799500575096792,8.849783390935806e-07,1.234376713076087e-11,4.253001582211363e-05
4106,Normal,4.3727404471240373e-10,0.9998634365522365,2.823573666998261e-12,1.0070037093749971e-14,0.00013656300765594977
4110,Normal,7.046504071975546e-06,0.9998898514820062,3.355524826646156e-09,2.8871765273101174e-10,0.00010309836967932573
4112,Normal,1.8123541957453502e-08,0.999561895701116,1.6416110679348307e-10,1.7751393080698192e-11,0.000438085993429534
4116,Normal,0.08887519493378633,0.8480765161187898,0.0010972845803103027,3.3840295772503575e-09,0.06195100098308385
4118,OSF,0.0005719744313837059,0.04223592268950082,0.9564044331669781,5.7940303834730404e-08,0.0007876117718335418
4119,Normal,0.014757760581408602,0.9721640355171812,0.0014369227512313631,2.389774866329697e-12,0.011641281147789027
4120,HDF,0.19347084872140152,0.7861608141215786,0.00010686303172552227,2.387432482657748e-15,0.02026147412529204
4137,Normal,8.427624264760906e-07,0.9999991572300378,1.0362642015092623e-18,1.1632836649331374e-12,6.372338955200362e-12
4140,Normal,7.914699830152773e-15,0.9999999999927287,4.746581466084504e-26,1.1551411100664482e-22,7.263481270856363e-12
4141,HDF,0.8465429621982061,0.15342586919666443,7.855513243041255e-14,3.116852484826989e-05,8.020261249880806e-11
4143,Normal,0.000682155636589261,0.9993178443342656,8.080194353198845e-17,1.3819004423218972e-12,2.7763148466280866e-11
4150,Normal,2.0598919157521498e-11,0.9999999992591061,1.950840768341979e-19,5.689043001301336e-16,7.202944099952163e-10
4155,Normal,1.9367747871345815e-15,0.9999990642545316,2.7522563064395686e-18,2.3268467763835814e-11,9.357221980813419e-07
4164,Normal,1.1025658027560756e-13,0.9999999129042093,3.53604336549073e-18,2.44142025688004e-15,8.709567805635577e-08
4165,HDF,0.8358850421571474,0.16411495522895042,4.4999826125587184e-14,2.0480083264863066e-16,2.6138571004598696e-09
4167,Normal,5.0664481397952755e-08,0.9999996540127615,1.215043648635065e-15,2.43418835256039e-12,2.9532032171528955e-07
4168,Normal,1.5155327272938987e-08,0.9999995984555035,2.111646627272513e-16,1.8935430606627139e-16,3.8638916885114493e-07
4172,Normal,1.9006241962754273e-15,0.9999704457442012,1.2154989383439142e-16,3.437331930627197e-11,2.9554221423512435e-05
4176,Normal,5.932757284219925e-11,0.9999980766378177,1.8167231940902125e-15,1.1978481210728708e-15,1.9233028517924e-06
4178,Normal,7.567706927798386e-06,0.9999900272548476,2.1026751555982353e-13,2.8799162052849044e-16,2.405038014027174e-06
4179,Normal,4.0211984186667093e-11,0.9999954508406369,1.2235345609801605e-14,2.233252267702192e-14,4.54911911658769e-06
4181,Normal,5.53346227592571e-13,0.9999858207914526,3.612975663522864e-15,8.317134022795323e-15,1.417920798210165e-05
4184,Normal,0.011862890222630713,0.9881296012439105,1.4769732505916304e-07,1.5330250364659492e-10,7.360682831224595e-06
4185,HDF,0.6642677922871365,0.3357262549436792,2.1697467015382726e-06,5.00692977808234e-11,3.7829724134913585e-06
4187,Normal,1.3419846072839162e-08,0.9998430815520942,1.9474357063478514e-12,5.878088530133572e-14,0.00015690502605355112
4192,Normal,0.08775301098949366,0.3752058932981254,0.536698198796218,5.623024945929734e-05,0.00028666666670352137
4193,Normal,0.00011789354913359717,0.9995570947989953,4.923583970598122e-10,7.735752007509233e-13,0.0003250111587389528
4194,Normal,2.8101049629455698e-11,0.9992864187473787,4.5939220419815216e-11,1.0453788093317523e-12,0.000713581177535706
4206,Normal,2.262328991395187e-13,0.9787587153659345,5.491567641031193e-11,2.805489596297673e-13,0.02124128457864307
4207,Normal,1.2327542932574184e-12,0.955290096286303,2.013889773663875e-10,1.0067610047390389e-10,0.044709903410399154
4208,TWF,2.729414201750737e-12,0.9472839778238807,6.761172573075268e-10,4.085630448900396e-10,0.05271602108870964
4216,Normal,4.45478719516921e-23,0.9999972356813078,8.143909594029736e-22,2.5874973333260985e-06,1.7682135893493458e-07
4217,Normal,0.011154059743408423,0.9888459402561108,2.5160007030010587e-19,8.116969613727312e-14,3.9954801227591374e-13
4219,Normal,4.897588656569346e-07,0.9999995102382065,1.370293691252834e-22,3.224957640723507e-17,2.9277887358425054e-12
4221,Normal,0.7783415820311798,0.1364109818383499,1.9745599834555846e-15,0.0852474346023849,1.5280834886338601e-09
4223,Normal,5.824900325347753e-09,0.9999999941595238,7.868282087837807e-22,1.2351124884425392e-16,1.5575817015042307e-11
4224,Normal,4.3103561355006155e-13,0.9999999999265208,7.448658898646927e-22,1.3217093075638502e-17,7.304821251482966e-11
4226,HDF,0.4264645757710226,0.5735354242251445,9.777551419955507e-18,1.1417057007152692e-14,3.821601333747318e-12
4228,Normal,0.152119861504427,0.8478801384828516,5.13665805036064e-18,1.4534467127707023e-15,1.2719986987984468e-11
4229,Normal,1.2310915551129317e-23,0.9999985692944017,7.371887369358946e-22,9.014921633234878e-07,5.292134348624522e-07
4233,Normal,4.7700294536834843e-05,0.9999522996385445,5.075077604013685e-19,5.751535206043468e-17,6.691850599697698e-11
4235,Normal,7.631194313714892e-10,0.9999999991545114,5.964740341436152e-23,2.6379597425465024e-21,8.236912163489545e-11
4237,Normal,1.7921621290416004e-11,0.9999999983207768,3.4580535277937033e-18,5.447696405191366e-14,1.6612470358486997e-09
4238,Normal,1.05068433943332e-16,0.9999999240599216,4.2590104153546034e-20,2.5814452824966488e-14,7.594005255604446e-08
4241,Normal,7.925198401101681e-18,0.9999995976328935,5.214326923519519e-20,9.466059790232514e-13,4.023661599019968e-07
4242,Normal,3.884715220554601e-06,0.9999961139766216,1.0380954890036287e-15,2.0638371788492238e-12,1.3060931727833815e-09
4243,Normal,1.7088422744772016e-05,0.999982910013687,2.246674620252113e-15,2.6725392697966444e-12,1.560893487385149e-09
4244,Normal,0.0002986086949864518,0.9997013904201086,3.736034890492173e-18,2.253260363146157e-16,8.849047051828422e-10
4247,Normal,1.3110257580212452e-08,0.9999999807472035,1.369429672961636e-18,8.374098331553567e-18,6.142538964179434e-09
4255,PWF,0.19652795107424895,0.018889064700736785,1.246907323494187e-06,0.7845814851907194,2.5212697147241494e-07
4257,Normal,8.619797506584981e-10,0.999999641920517,2.1430682984957227e-16,1.6907478046646281e-15,3.57217501314544e-07
4259,HDF,0.9301573990069748,0.06976673552634523,3.384992808398592e-09,7.501449952160345e-05,8.475821654382811e-07
4263,Normal,4.2055103166611385e-19,0.9999581703122989,5.383674316030575e-18,1.7370085298467152e-09,4.182795069262155e-05
4268,Normal,7.358186306889038e-08,0.9999984553836375,6.682528957659629e-13,2.359722010370667e-13,1.471033595273762e-06
4269,Normal,6.151981427147547e-13,0.9999864324135611,5.4953695642391145e-15,4.995745254745269e-14,1.3567585768266833e-05
4271,HDF,0.9079642437527068,0.09203511189340757,7.099116947967948e-08,3.0082003267977004e-12,5.733597079620486e-07
4276,Normal,1.825675091378213e-05,0.9997943273233346,9.495148418623479e-12,8.281518676946826e-15,0.00018741591624807786
4283,HDF,0.08006483033411363,0.9196905912754834,4.476756878644803e-06,1.0085076502915165e-12,0.00024010163251581164
4284,HDF,0.73699065417386,0.25425685788820834,0.004603305138829998,0.0028745686510589217,0.0012746141480426978
4286,HDF,0.3567653103435561,0.6428465315186154,1.9960833913035107e-05,3.2841132986184496e-14,0.00036819730388268877
4287,Normal,0.004298369728259738,0.9946968352340412,3.5713074580002836e-07,1.0189572968206995e-10,0.0010044378050576529
4289,Normal,0.16933738272488721,0.8287726090126629,4.369595749612446e-05,8.326382103008184e-10,0.0018463114723156423
4290,Normal,3.9582603973027216e-14,0.9703571260725925,5.1792772320545094e-12,7.934185089005924e-11,0.02964287384284677
4294,Normal,0.001231691574084873,0.9738466803077576,6.320889908297458e-05,1.1623010109205797e-13,0.02485841921895833
4295,Normal,3.1790830844868735e-13,0.937652853575891,8.938768021137181e-11,1.4580585345046792e-10,0.06234714618859761
4310,Normal,3.987323648791117e-08,0.9999999601237624,2.91256263508038e-23,2.2065344932613906e-18,3.001193503184485e-12
4311,Normal,4.391364242493675e-17,0.9999999999250655,1.0078639821109092e-23,5.01805901964535e-18,7.493452414913585e-11
4312,Normal,1.2456626858538594e-06,0.9999987543323182,1.6804169939428327e-22,4.845533608763216e-18,4.995921478493268e-12
4313,Normal,6.193444945642764e-05,0.9999380655492962,4.7040424103841376e-20,1.105615206519366e-15,1.246266801285728e-12
4319,Normal,1.0625016958759274e-09,0.9999999989071917,5.0368341159526934e-20,1.414416214788541e-15,3.0305287701509405e-11
4321,Normal,0.009214000654234817,0.9907859993262947,7.016620991383102e-19,1.614598727637296e-17,1.9470507821201874e-11
4322,Normal,3.891670837788804e-14,0.9999999993168978,1.548849198252034e-21,3.62677493965665e-18,6.83063330112025e-10
4325,Normal,5.030897654961336e-07,0.9999994968225553,5.833492794081189e-19,2.327418887623513e-16,8.767900458831056e-11
4327,HDF,0.45653304243238196,0.5434669541087309,3.370480056461632e-13,3.1681823563590163e-09,2.903678383961996e-10
4328,Normal,8.882452525592313e-16,0.9999999992406384,1.980711575165608e-23,3.004319960199827e-20,7.593607029898296e-10
4331,Normal,6.192312627392758e-10,0.9999999989851412,9.384852512625233e-20,5.905043428211887e-18,3.956275085683753e-10
4332,Normal,1.1946092321962263e-13,0.9999998163896703,5.159377482913877e-18,1.0572882380751381e-12,1.8360915296831958e-07
4333,Normal,0.0005248409181922806,0.9994751567509687,7.783118150089272e-18,2.5464626686134463e-17,2.3308390928931623e-09
4341,Normal,2.1212946004004844e-07,0.9999997519414618,1.8803241296412592e-16,7.654438677474768e-15,3.592907026297069e-08
4344,Normal,4.792915535470844e-07,0.9999994958247322,7.532524703984187e-17,7.222804391777103e-18,2.4883713993509545e-08
4350,Normal,1.5650021292812932e-10,0.9999981763074183,3.0409697680298435e-16,2.5092116545338358e-17,1.8235360811724018e-06
4354,PWF,0.4194388862171436,0.08536471529745747,1.5696536245528619e-06,0.4951287475674406,6.608126433391258e-05
4356,HDF,0.9953908683429168,0.004608474243517043,4.5494225478012743e-10,2.269086572112041e-11,6.569359329873266e-07
4357,Normal,6.908860819827443e-12,0.9999848282309659,6.956791179240987e-15,3.0248202307611065e-15,1.5171762115328523e-05
4360,Normal,1.2492282796152568e-06,0.9999052166457413,5.482311604886125e-12,1.2093167542736594e-13,9.35341203758851e-05
4364,Normal,3.2278205359349075e-17,0.9993821404259089,4.1646303976245343e-16,2.573548929249374e-11,0.0006178595483552023
4368,Normal,1.2536296476109642e-05,0.9987138416208945,1.4425574746313582e-10,1.3389591454640258e-14,0.0012736219383601439
4370,Normal,1.3509581771063667e-14,0.9925320650741825,2.5061504325852685e-13,4.154804595204231e-12,0.007467934921398699
4373,Normal,0.0043099001547150075,0.9763539650537204,9.399272209928686e-08,2.6043979248686626e-13,0.0193360407985821
4374,Normal,7.812444479515251e-07,0.9551323106516095,9.415498926164456e-09,4.1085668313882203e-13,0.04486689868803272
4380,Normal,1.863776428544568e-12,0.8735947492861296,7.690861823507993e-10,1.1668161164784285e-09,0.12640524877610454
4383,Normal,3.9421392496985734e-08,0.8724864175068938,1.5257153192026844e-06,8.256373742359034e-13,0.1275120173555689
4391,Normal,0.03884361669818757,0.9611563832993241,8.945629727138972e-21,8.999496992578809e-15,2.4794131071057072e-12
4392,HDF,0.9350863288588686,0.06491367113807872,1.4273368259511677e-19,2.0468437796642174e-12,1.0057786626814155e-12
4394,Normal,3.2151347827673377e-08,0.9999999678434952,1.292271186581296e-22,4.27195893712136e-18,5.1569835915605494e-12
4398,Normal,4.928037491884214e-08,0.9999999507156321,5.494339532450467e-22,3.560624449846874e-18,3.992996822129356e-12
4402,Normal,1.9900775653091328e-06,0.9999980099112115,1.9117262060092933e-22,3.8668940735398134e-18,1.1223226770370543e-11
4405,Normal,0.0001621208408372484,0.999837878831253,9.016928218909763e-18,2.8554548170094255e-12,3.2505434181944386e-10
4406,HDF,0.9923154582046335,0.007684541795211841,5.752574571634748e-20,7.239607120354626e-20,1.547197684097401e-13
4408,Normal,0.4660287639201865,0.5339712120729517,1.2819453594103405e-13,2.3768015574892726e-08,2.387180528710362e-10
4409,Normal,1.1727518392964657e-19,0.9999998610577046,1.5204480488348067e-21,1.5666495737097337e-11,1.38926628931747e-07
4420,PWF,7.600671195136744e-34,0.021901230299417696,7.705074897747164e-24,0.9780974985934198,1.2711071625729896e-06
4421,Normal,1.428621849261273e-19,0.9999999345349689,1.783584155139245e-22,4.471809467878684e-15,6.546502664403834e-08
4425,Normal,3.765639762138804e-10,0.9999998924818672,1.7160195898277632e-17,8.335653413905663e-16,1.0714156798859314e-07
4426,Normal,2.5560422265373435e-08,0.9999999627002152,1.244333654151047e-17,5.432248543014964e-17,1.1739362605512442e-08
4429,Normal,5.6583131740329685e-18,0.9999988035717887,1.4728524102504171e-19,8.371474755437325e-13,1.1964273741460862e-06
4433,Normal,0.0016447828395475808,0.9983551097916651,4.3705970624178246e-13,1.261329881194686e-13,1.073682240073023e-07
4434,Normal,0.002108480443322123,0.9978903051221569,3.8939669647970675e-14,9.61261492887071e-15,1.214434472306613e-06
4435,Normal,1.2706933424852413e-08,0.9999985274766503,9.203303113877507e-16,2.425790386607431e-17,1.4598164154075462e-06
4442,HDF,0.9932771082777822,0.006722864761297887,5.841827283260287e-10,1.5935019076897063e-14,2.6376721338232408e-08
4445,Normal,2.037070746661864e-23,0.9993036670646819,1.5935273163481682e-18,2.6424522986163256e-05,0.0006699084123320111
4457,Normal,2.986207690703975e-06,0.9998505734668893,2.203518295800993e-08,9.996028109871699e-12,0.00014641828024107445
4460,Normal,1.0723776713749486e-13,0.9984997098363878,7.284945858108192e-13,2.8096791408486323e-13,0.0015002901624953419
4463,OSF,0.0014676602976324336,0.0034373564746294234,0.9081731973260594,0.08652699909186687,0.00039478680981191387
4477,Normal,0.05219652282083405,0.9478034770806929,9.676121675253157e-18,9.700742768662977e-11,1.4656388901816678e-12
4479,Normal,9.840432236015276e-05,0.9999015956765421,3.388408630222578e-21,6.056701429328091e-17,1.0976499759179225e-12
4480,Normal,1.2405532825161787e-18,0.9999999991737364,2.930201158395144e-23,3.7570485879790465e-14,8.262261231357715e-10
4485,Normal,0.00790300210351416,0.9920969978642504,2.0987834064455818e-19,4.79177269029929e-15,3.2230694838554115e-11
4489,Normal,1.5153473857224147e-05,0.9999848464859508,1.6747989533163025e-20,1.676095753916513e-17,4.019185134576082e-11
4493,Normal,0.24707515907082342,0.7528103221811838,8.754608570151711e-14,0.00011448259209520719,3.615580988749438e-08
4494,Normal,1.935443295521531e-06,0.9999980643874354,1.2137108826912213e-19,4.936921832626288e-18,1.692690298404237e-10
4500,Normal,4.927514805253608e-16,0.9999999948928197,6.15994467249155e-22,4.353690745349871e-18,5.107179865324262e-09
4502,HDF,0.9992263135815826,0.0007736864165198484,5.7081780103184095e-15,1.361066382228978e-14,1.878210776992265e-12
4503,Normal,3.987273832579905e-12,0.9999999920673107,4.96522347431128e-20,1.1703236546316042e-18,7.928702073441286e-09
4504,Normal,4.114829077887339e-13,0.9999997244605519,1.6770960435635233e-17,3.1002696589883847e-12,2.75535936415675e-07
4505,Normal,5.435071120664258e-12,0.9999999887729604,3.683928580240492e-19,4.125493732758299e-17,1.1221604540606866e-08
4511,HDF,0.9943474208118438,0.005595419485249724,5.65162360377626e-09,5.714912864203521e-05,4.9226406515431775e-09
4514,Normal,1.8260528130297623e-17,0.9999982248519451,9.166601772673961e-19,1.3753519070597e-11,1.7751343014400342e-06
4515,Normal,1.6623703119875243e-05,0.9999833197191929,1.0991778646898202e-16,1.0832280024403404e-18,5.657768720253343e-08
4518,Normal,3.0869862536510396e-07,0.9999992044078947,1.059746549145192e-16,3.2219038645895416e-19,4.868934798797176e-07
4520,Normal,1.4412544192388434e-12,0.9999994873069642,3.4956208323762796e-17,5.892692602005322e-16,5.126915939270017e-07
4521,Normal,0.0002312443470549177,0.9997686370957973,1.4160249710869053e-12,1.5946203351628102e-12,1.1855413711875027e-07
4525,Normal,1.4548594571328298e-06,0.9999965175622484,4.4301892602866693e-14,2.9651292482576804e-14,2.027578220515655e-06
4527,Normal,2.761087040168425e-07,0.9999982506400849,3.5563564427621886e-14,9.688674181409443e-16,1.4732511745806824e-06
4531,Normal,1.1042213267584443e-05,0.9999856156907263,2.065280378275429e-12,1.709248985458198e-14,3.3420939238831532e-06
4533,Normal,0.004194209873538811,0.9957712915043648,1.9478843317934018e-12,8.427367543275578e-16,3.4498620147590426e-05
4536,Normal,1.8504279946262085e-06,0.9998709344607365,6.4170743245979966e-12,4.034226579890233e-16,0.00012721510485138256
4538,Normal,3.054394096474011e-08,0.9998222125710986,4.41932030041279e-12,2.337889182483195e-15,0.00017775688053873809
4539,Normal,1.531377131293865e-17,0.9995347102445808,1.042661573591581e-15,7.395208074498271e-10,0.00046528901589734114
4540,Normal,2.195212628504966e-09,0.9995747492849066,3.845282791316543e-12,7.763333125620728e-15,0.00042524851602760956
4543,Normal,4.477448442115274e-08,0.9975583591227516,6.990447386665168e-11,2.5414824252392737e-13,0.0024415960326052747
4544,Normal,8.974497531275658e-07,0.9992580521102801,3.683069812868094e-10,5.6368135029003506e-12,0.0007410500660229649
4545,HDF,0.6436251797566147,0.3202730531682795,0.035715195723092334,9.951742225475872e-08,0.0003864718345912322
4546,Normal,4.242254050083435e-05,0.9990999779017852,1.9926664993449096e-08,1.4178545346260464e-13,0.0008575796309073023
4550,Normal,6.375022597166751e-08,0.9947040012927225,6.47383675642226e-09,3.191017654386345e-13,0.005295928482895624
4555,Normal,3.746949050276077e-15,0.9999999999936457,8.732240124338974e-24,1.4111313464978013e-17,6.350431454849679e-12
4557,HDF,0.9795466315956145,0.020453368404054106,1.6925618311704557e-20,1.8609903709639358e-13,1.4531301644330666e-13
4560,Normal,0.011994765026052456,0.988005234972933,3.1098953243201275e-20,3.849426718717054e-16,1.014236834805548e-12
4561,Normal,3.9134324314426537e-10,0.9999999995999639,1.7822632299544378e-20,4.0358810587868266e-13,8.28924865783304e-12
4563,Normal,0.3797023458169409,0.6202825818626585,3.236689182998201e-15,1.5072275513069267e-05,4.4884389383209356e-11
4565,Normal,1.0440873028023922e-06,0.9999989559078035,3.747984412696239e-21,5.1073461611234775e-17,4.893689009104145e-12
4567,Normal,0.21816289907332587,0.7818371009153554,6.036748033076822e-17,4.231730333025906e-12,7.086882275356472e-12
4580,HDF,0.8521911707033331,0.14780882920554866,3.628450093973843e-16,1.019767649869976e-14,9.110773900367699e-11
4581,Normal,4.931712047861161e-06,0.9999950677257342,3.179429400907305e-19,2.5239890138854813e-18,5.622179345271394e-10
4587,Normal,0.19615128739385843,0.8038487109965411,6.5472119231445705e-15,1.312191381208038e-13,1.6094626667210625e-09
4588,Normal,7.81047560835103e-06,0.9999921871581308,4.1925904034649995e-19,7.728051113642252e-19,2.366260744932046e-09
4591,Normal,9.482700859113923e-05,0.9999051699772643,1.6044425418789836e-18,9.215959123974201e-20,3.0141446006000243e-09
4593,Normal,6.306834981609989e-09,0.9999999772653315,2.446945705097597e-18,1.2739928428379926e-17,1.6427833559289727e-08
4599,Normal,0.1684143896039859,0.831585574456306,1.9560444032941098e-12,2.9334539279962098e-12,3.5934818694734027e-08
4603,Normal,0.25496682567352263,0.745033087541814,1.210210886217363e-14,4.667912541085684e-16,8.678465093578654e-08
4609,Normal,1.2989649810371184e-06,0.9999960866290959,4.157662071950643e-14,1.807445611746174e-14,2.6144058634485193e-06
4610,Normal,0.00011955404347728029,0.9998794212628291,2.19968046193127e-12,7.448401928504548e-14,1.0246914194758839e-06
4616,Normal,6.324054197322868e-15,0.9999543653181568,3.542624796891254e-15,6.271855436970186e-11,4.5634619114622406e-05
4619,HDF,0.9493064291082192,0.050690420146514245,4.8795125806537875e-08,1.4964122563860046e-09,3.100453728553741e-06
4626,Normal,3.1936159627979964e-07,0.9998791266543163,2.94545304670028e-08,2.375232984992252e-10,0.00012052429203367021
4627,Normal,2.0316307856205512e-11,0.9990174700586901,5.312912126492682e-12,9.527574970327539e-14,0.0009825299155854148
4632,Normal,0.3139728357406853,0.6825880801297146,1.4288836955119564e-05,2.7048161128153296e-13,0.0034247952923745963
4641,Normal,0.0011433527009905792,0.9005741760000724,1.1714888215162826e-05,3.245192238599587e-14,0.09827075641068952
4642,Normal,2.79532267335296e-06,0.8148900647414883,1.1816043089658918e-06,1.0128529891197646e-11,0.1851059583214009
4647,TWF,1.5366048020472916e-06,0.8925579346374651,0.010124652744416781,2.516367906073431e-08,0.09731585084963705
4651,Normal,6.885975759648435e-12,0.9999999999848828,8.518093787632883e-23,6.821182741467828e-18,8.231293334527833e-12
4652,HDF,0.9255203199372454,0.07447968006249991,5.347172747868843e-19,1.409078134937756e-13,1.1383953940646285e-13
4657,Normal,5.2521982780586256e-11,0.9999999999306626,3.537304661269137e-22,6.2676885547881074e-18,1.6815442592766208e-11
4661,Normal,0.01374521612977844,0.9862547838506359,1.2460824362715961e-18,2.471205572391612e-15,1.958325597015953e-11
4665,Normal,1.771724722373148e-08,0.9999999738721279,5.3440397454032926e-18,6.34541023042305e-09,2.065214705482937e-09
4666,HDF,0.9965406293742003,0.0034593706223103025,3.474172317308479e-18,2.0173215841949044e-12,1.4721113603275802e-12
4667,Normal,5.942718353573508e-09,0.999999993896906,4.510865798325573e-20,2.176712715122397e-15,1.603735329963665e-10
4670,HDF,0.3967045604343614,0.6032954392299206,1.1972963751977072e-17,8.750457529609121e-14,3.3563054865272356e-10
4671,Normal,7.712857679676542e-11,0.9999999983106928,3.3351104191994083e-19,9.088152197258767e-16,1.6121778711640924e-09
4673,Normal,0.05484365018835088,0.9451557067580841,2.6454528431590485e-12,6.386946859181551e-07,4.356233563448874e-09
4683,Normal,3.640555672032607e-09,0.9999999457695437,4.092012734934165e-18,1.5363974801320137e-17,5.058990072119942e-08
4687,Normal,3.0353980634413035e-08,0.9999998499246893,6.072589420539967e-17,1.5003975324475628e-15,1.197213284702807e-07
4688,Normal,1.4382932571102949e-22,0.9999296268078316,5.798686158032533e-19,1.7775537920405256e-05,5.259765424802725e-05
4690,Normal,2.546290362004308e-08,0.9999997724083828,3.277523894750933e-16,1.609394486811528e-14,2.0212869718232306e-07
4695,Normal,0.009374706763952356,0.9906249946600139,1.6675783102688636e-10,4.3316931332841275e-10,2.9797610665490516e-07
4696,Normal,5.03675319055478e-07,0.9999978214956567,3.3621780393470556e-15,5.58057770715667e-17,1.6748290208017318e-06
4698,Normal,1.2353440056161434e-08,0.9999973858297915,4.295927989407931e-15,9.040226615379511e-15,2.601816755142181e-06
4701,Normal,1.225474551826709e-10,0.9999898549860957,5.094224329026678e-15,2.533674641405776e-15,1.0144891349268122e-05
4702,Normal,1.8548993238986145e-09,0.9999837438769074,3.9617999204662206e-15,1.7986399735086846e-16,1.625426818917208e-05
4703,HDF,0.9667029229591029,0.024817029430196036,0.0005495917620199866,0.007928932198359705,1.5236503215005052e-06
4713,Normal,1.2248711835762673e-08,0.9997033526206113,1.865475740293637e-11,8.483773939711599e-14,0.0002966351119373912
4715,Normal,1.6518637493411742e-12,0.9993794422527592,2.5320943930508876e-13,1.104924906169997e-13,0.0006205577452252885
4716,Normal,1.3769074569193046e-05,0.9996874603598832,3.16834124594389e-09,6.112573228850833e-13,0.0002987673965950983
4720,Normal,6.291756465025072e-12,0.999473345333726,7.886740176768768e-12,1.2806621124127335e-09,0.000526653371433471
4727,Normal,1.6155872298152257e-20,0.963104957662741,1.7762296890121645e-14,0.006418761473979469,0.03047628086326187
4729,Normal,0.029064384736289067,0.9414018077316677,0.007211562330366372,7.911838052939819e-10,0.022322244410493183
4733,Normal,1.6291112035138564e-07,0.9237602627003185,4.945392236379211e-06,2.063505959584826e-11,0.07623462897568963
4741,Normal,4.3358376037281533e-10,0.9999999995603717,5.510870021266233e-22,8.101981483192409e-17,6.044496420239829e-12
4742,Normal,0.19805872046568584,0.8019412790235763,5.239032506793422e-17,5.073897944738776e-10,3.3480683769510886e-12
4747,Normal,0.04904547371856432,0.9509545262710516,2.4662341189062915e-18,1.6685339999464558e-14,1.0367473194792664e-11
4749,HDF,0.9873981877510928,0.01260181224874021,1.46782030389996e-19,3.717159037053715e-17,1.6698528361898018e-13
4750,Normal,0.18079824463374577,0.8192017553271597,1.824385691291341e-16,1.9960718408575956e-11,1.913349165239297e-11
4751,Normal,7.39171036341283e-12,0.9999999996209463,4.2364995219510076e-20,2.1308374146915658e-14,3.7164063704613274e-10
4754,Normal,5.688371011242773e-12,0.9999999999432699,6.49265778747473e-23,6.448242077071714e-19,5.104172863067546e-11
4761,Normal,2.617023902055401e-08,0.9999999725286387,9.233403771786756e-19,6.740923031731412e-16,1.3011216116506094e-09
4764,Normal,0.0004228682941826759,0.99957712952955,5.277658987923498e-16,1.75275903493461e-13,2.176091498474651e-09
4765,Normal,0.004570447266944976,0.9954295479189564,1.951946477229816e-16,9.680015857402682e-12,4.804418269618146e-09
4767,Normal,1.7330427187849474e-12,0.9999999702314957,8.68892032514291e-18,7.235028645805142e-13,2.976604765284125e-08
4768,Normal,1.5166942893754048e-05,0.9999848263719033,3.747644573602478e-14,4.4809614853148723e-10,6.2370693310358816e-09
4771,HDF,0.745507315318865,0.2544926829405379,2.657103578718607e-14,3.1176220801391296e-14,1.7405392668776415e-09
4773,Normal,0.00037468057650519385,0.9996253070460005,1.1613884227479585e-17,1.2723573913999294e-17,1.2377494339580802e-08
4782,Normal,0.014449079927271295,0.985550809313757,1.4042625830508628e-13,3.4622080278437346e-15,1.1075882782603284e-07
4785,Normal,2.2703335451743205e-12,0.9999980176817874,4.297215142456759e-16,1.0164400286984334e-14,1.9823159315214347e-06
4789,Normal,7.569051085138787e-08,0.9999924552771924,1.2202302141632977e-15,3.97142931095317e-18,7.469032295551271e-06
4793,Normal,3.7351116463583674e-10,0.9999727399717376,4.805418130957876e-14,3.224777816364387e-14,2.7259654671023133e-05
4799,Normal,9.015584543698987e-07,0.9999564693269819,4.286265218495374e-09,2.5609912413979224e-11,4.262480268860739e-05
4801,Normal,0.00036098825222490196,0.9995672891238301,2.524296282689417e-09,1.500441170342556e-10,7.171994960465142e-05
4802,Normal,1.7279323370574091e-09,0.9986464783312956,2.0832050636048562e-11,1.415564997165292e-14,0.0013535199199258413
4803,Normal,0.003527845156097474,0.9962747434973077,3.188774719026191e-07,1.3140850491783471e-08,0.0001970793282723453
4804,Normal,3.372098363005696e-13,0.9990353323849691,5.191010547515522e-12,6.673126998995197e-11,0.000964667542771444
4806,Normal,2.0186423405698436e-10,0.996889686606906,2.4751516631394974e-10,1.3956094727763015e-12,0.0031103129423189976
4807,Normal,0.08030612798044985,0.8700270657045365,0.00015379008039433271,5.5559649322482125e-08,0.04951296067497014
4813,Normal,2.8295004572726427e-07,0.9833669637320516,1.1767911074082552e-07,1.9317893745511695e-12,0.016632635636860155
4815,OSF,0.004523007906651293,0.33579978981754455,0.6544141188978709,3.7230178852733686e-06,0.005259360360047969
4817,TWF,5.613703465144869e-07,0.9061083760209009,7.242515111105387e-07,3.019051158366965e-13,0.0938903383569396
4821,Normal,7.879796358749522e-12,0.9999999999848058,6.380463273896017e-23,2.1539943075788565e-16,7.31419686536723e-12
4822,Normal,0.0874772443638176,0.9125227556325328,4.85860459430393e-19,1.1053152351852422e-14,3.638495483687323e-12
4824,Normal,1.4868068346483467e-05,0.9999851319248747,5.853688175236192e-21,3.5122250417027435e-17,6.77890446287982e-12
4832,HDF,0.2040668151690729,0.795933179898523,2.698012882967331e-15,4.8757711051550425e-09,5.6630311895333427e-11
4835,Normal,2.072279770503155e-08,0.9999999792184149,1.4568037715663303e-20,5.359167776861666e-14,5.873371099091357e-11
4839,Normal,1.2413387062777889e-13,0.9999999998116631,1.907704081667399e-23,8.974063680930731e-21,1.8821280040893765e-10
4842,Normal,2.388881066116808e-05,0.9999761107679521,1.036635688982742e-18,8.434033151756714e-14,4.2130234793300356e-10
4855,Normal,1.4699414494235749e-09,0.9999999456175132,1.0382251389646749e-17,1.4522346811364027e-16,5.291254530805715e-08
4866,Normal,3.9878426343740756e-13,0.9999991401935376,9.462317588476926e-17,8.334725585967232e-14,8.598059799943483e-07
4870,Normal,2.4054344410195812e-14,0.9999967913968554,8.191456978311768e-17,6.0528666763599574e-15,3.208603114417628e-06
4872,Normal,6.187420763655402e-08,0.9999983217013602,3.070004684282142e-14,1.6042770156076512e-14,1.6164243853836095e-06
4875,Normal,3.093156345767785e-11,0.9999823973002427,6.330845194820744e-15,3.1988695710401825e-15,1.7602668816192894e-05
4882,Normal,5.6585560855704694e-05,0.9999280707579162,5.3625530942383164e-12,2.467008395164007e-12,1.5343673398302193e-05
4884,Normal,4.618124670144312e-14,0.9999474615296442,4.3581544170498014e-15,2.29899442526849e-13,5.2538470075376225e-05
4887,Normal,0.04691594811131612,0.952792056784687,2.0810262006536417e-07,2.7395242405271335e-13,0.00029178700110284487
4889,Normal,2.2543124877413634e-07,0.9978589490091672,4.7475983086150645e-09,7.865373758509899e-13,0.002140820811199238
4890,Normal,2.2857890718660254e-11,0.9987833640947275,7.687068357192178e-10,1.725398409260593e-10,0.0012166349411678419
4891,Normal,2.3132772898784112e-08,0.9992478636620136,9.770584406593191e-08,5.077504711240784e-10,0.0007520149916189328
4893,Normal,2.4392975802692815e-17,0.9945663807278613,7.621454044943385e-14,2.6663084110802804e-08,0.005433592608978445
4895,Normal,0.00039095725962795487,0.9768823719593137,3.4621822480109316e-07,1.4607884167163235e-11,0.02272632454822574
4900,Normal,4.7510285851212425e-22,0.9502942611257571,2.3697257625333663e-14,0.0011563344747941183,0.04854940439942521
4902,Normal,1.565680411300545e-10,0.9773339671104101,2.3107579230425153e-09,9.755573389047325e-12,0.022666030412508465
4903,Normal,8.984465917164951e-10,0.8223217690174203,6.241391090395962e-08,1.999314319453524e-13,0.1776781676700223
4906,Normal,0.01865342570917324,0.9813465739527645,8.382709909719486e-18,3.3302112446890155e-10,5.0410293532256175e-12
4908,Normal,1.2205764784456267e-12,0.9999999999877023,3.6107732165661487e-23,2.085903881647434e-16,1.1077017989447812e-11
4909,Normal,8.726337312456772e-08,0.9999999126301645,7.218058853072417e-21,6.167908596063825e-11,4.4783268068441924e-11
4911,Normal,2.9181507894650884e-12,0.9999999999750517,5.080587921491274e-23,1.587824886375992e-17,2.203012109297141e-11
4914,Normal,7.264056233942965e-12,0.9999999999516819,5.091542820901765e-22,8.242564702857397e-16,4.105325265290223e-11
4922,Normal,0.5382738931042383,0.46172610678995674,6.227221514193144e-15,1.7177153438028892e-11,8.862154205747491e-11
4923,Normal,1.4856985751046545e-12,0.9999999987632575,5.644575998185847e-20,1.784622612760519e-14,1.2352388118122492e-09
4926,Normal,1.243590006878427e-13,0.9999999830380241,5.888052096120433e-19,2.522056291750044e-15,1.6961848984296616e-08
4932,Normal,2.063602838718386e-14,0.9999999275717498,8.725918279401793e-19,2.7702842776861445e-14,7.242820179425163e-08
4934,Normal,4.4785793043458945e-10,0.9999999943877558,4.3248758460599725e-20,1.3059764255411804e-18,5.1643863278257245e-09
4936,Normal,4.611823646274661e-07,0.9999995297190789,1.1971960015426384e-16,4.166958915360356e-15,9.098552150056384e-09
4940,Normal,0.2033296326528699,0.7965400574995086,1.7213245311481198e-08,0.00013017227828874268,1.2035608755835252e-07
4945,Normal,8.372650613855353e-17,0.9999963305967696,5.829083989633004e-18,3.239705762123688e-12,3.6693999904232625e-06
4949,Normal,9.121276172825829e-10,0.999999655572635,1.871072267160541e-16,4.5790702744871244e-14,3.43515191299579e-07
4950,Normal,3.553407429244658e-11,0.9999987609399927,3.965529613809675e-17,2.301675634061601e-16,1.239024473064481e-06
4951,Normal,3.889746178173156e-19,0.9999684875508014,1.4320204842862316e-18,2.0929720946260402e-10,3.151223990136041e-05
4953,Normal,9.889974658726268e-05,0.9998967256406877,1.3105571362271042e-11,1.1240133486306112e-08,4.363359486062189e-06
4955,Normal,5.671305256820649e-14,0.9999909328491782,1.1305195616473279e-15,5.031815494436245e-14,9.067150713649585e-06
4956,Normal,0.004902636847584436,0.9950951530350666,1.1017410419112793e-13,1.0824378710869448e-14,2.2101172280742514e-06
4957,Normal,1.7816517961416152e-26,0.29809729809235075,1.6813833791338651e-18,0.7016897880868612,0.0002129138207881445
4960,Normal,1.7867470120214793e-14,0.9999546749129741,3.0013764390725655e-15,6.389111331229577e-14,4.5325086941218734e-05
4961,Normal,0.0043545283521560976,0.4968120978850135,0.007407934518298794,0.4912257548377496,0.00019968440678194815
4962,Normal,1.0719406828832202e-15,0.9998868443610613,2.4140895774188702e-15,1.839458551087351e-12,0.00011315563709569976
4963,Normal,3.023995838183127e-07,0.9999690082057205,9.470389405285674e-11,3.524157475580531e-08,3.065405841694747e-05
4967,Normal,4.088536606002906e-15,0.9995320536758843,1.0021521538755991e-13,2.2968772353549568e-10,0.0004679460943237083
4969,Normal,2.482536372735225e-08,0.9999449357172325,2.2478936169767424e-12,1.9668052751602346e-12,5.503945318896558e-05
4977,OSF,0.00020338148330099068,0.29227208821287426,0.7053934075048013,0.00011400678564217555,0.0020171160133813483
4982,Normal,1.1570137222921671e-10,0.9947814062293652,4.691853100475127e-10,1.2189032973812088e-11,0.005218593173559093
4983,Normal,1.7545189229819175e-15,0.9809162884510128,7.144088287842272e-12,2.938996784681211e-10,0.019083711247941778
4991,Normal,0.00022698384490141423,0.9997730161470423,1.1187020170736253e-19,3.342193617040831e-14,8.022929119092562e-12
4996,Normal,3.250831851922876e-09,0.9999999967011906,3.4369359107798406e-20,4.751907232982267e-15,4.797286791509719e-11
4997,Normal,6.572915746292047e-07,0.9999993427059314,3.1518401277900207e-23,7.157951247516738e-17,2.4938050808747787e-12
4999,Normal,4.947208121960214e-19,0.9999999850311201,1.522575442219062e-21,2.1204826669232916e-12,1.4966759396218098e-08
5001,Normal,2.6815903943720913e-17,0.9999999750022868,1.6729102983588068e-20,2.3471367481691143e-13,2.4997478495281766e-08
5002,Normal,7.416678095588782e-26,0.9999002338562224,3.574540908730413e-22,9.849629389777715e-05,1.2698498797102006e-06
5004,Normal,1.6476580081864002e-05,0.9999835220352593,3.5434527653263125e-16,9.009407044773649e-10,4.837178068014074e-10
5005,Normal,0.007513252784862009,0.992486747118073,4.4207757450978176e-18,2.1741962282298364e-15,9.706278566977225e-11
5008,Normal,5.962703200063482e-06,0.9999940368473467,8.275813370289626e-17,6.367719763590622e-12,4.430854880059955e-10
5016,Normal,1.0707110571041638e-15,0.9999998345334312,1.913977401410121e-18,4.2805986663224514e-13,1.654661396090868e-07
5028,Normal,0.0015047143622432982,0.9984952737011283,1.772245016331764e-12,1.4985446486606172e-11,1.1919870718189039e-08
5030,Normal,3.702969227191443e-15,0.9999995574424618,2.097983778359174e-17,2.17129453664691e-11,4.425358216182382e-07
5034,Normal,4.837119790199816e-11,0.9999905794378935,1.1876344316487133e-11,6.6493826895956814e-06,2.7711191693934705e-06
5036,Normal,6.975855928579297e-11,0.999999617098192,4.16084763330062e-17,9.122052932728243e-15,3.828320403860286e-07
5039,Normal,6.959775177433399e-15,0.9999883306000422,7.836492721169017e-16,5.879321096325753e-13,1.16693993620787e-05
5041,Normal,1.6923410498318654e-11,0.9999915423688435,3.4189924045883506e-16,6.399966674649374e-17,8.457614232644894e-06
5043,Normal,1.695256346601052e-10,0.9999650621464041,1.1843449794098136e-13,2.239924501411323e-14,3.493768392938782e-05
5044,Normal,5.695554260779832e-07,0.9999805776939079,6.006794315794782e-13,1.611508331698505e-15,1.8852750063752643e-05
5051,Normal,4.671840818642087e-13,0.9994456840343182,3.4628429083019115e-13,5.643458216215044e-13,0.0005543159643040075
5057,Normal,2.255246758754427e-07,0.998595288178672,1.0256969471035106e-06,9.409071225731748e-06,0.0013940515284792288
5058,Normal,0.0009262339900100871,0.9976975407383412,0.00020197218486982615,9.359952873936753e-10,0.0011742521507835057
5068,Normal,1.458591475139128e-06,0.9999985413519931,2.1654972658298472e-21,4.017132555035662e-11,1.6360508974169694e-11
5070,Normal,2.9031486891486735e-06,0.9999970968435642,8.354266988072287e-22,3.483024347872974e-13,7.398431076171948e-12
5075,Normal,9.546609226935607e-14,0.9999999990402162,1.4949857034044716e-19,7.776185715232619e-14,9.596106694483378e-10
5082,Normal,1.5268269670975433e-10,0.999999999751484,4.993292036703075e-22,1.9057724507297556e-16,9.583311898785394e-11
5083,Normal,1.3271052301597968e-13,0.9999999979704438,1.8920479802980872e-21,3.169133306412975e-14,2.029391921960256e-09
5085,Normal,1.1947144605577328e-19,0.9999993986622978,5.0620016522399405e-20,5.058731282069805e-10,6.00831829161881e-07
5087,Normal,6.464508351707814e-10,0.999999995633475,1.0138889975845273e-16,6.350901006438711e-11,3.6565651843278523e-09
5088,Normal,2.5739193618625278e-15,0.9999999815889435,3.413478981746498e-20,1.4522396271758332e-15,1.841105249271402e-08
5090,Normal,1.7867941399606196e-10,0.9999999955142377,4.799527856058072e-19,2.269295821388464e-11,4.284389952497843e-09
5093,Normal,1.1259531652812093e-14,0.9999999733790392,5.65709211125903e-19,1.172908860789741e-11,2.6609220520487705e-08
5095,Normal,4.488208016097609e-11,0.999999991778601,4.916279504359059e-19,4.769345969889113e-13,8.17603990330883e-09
5096,Normal,1.1548238305963957e-08,0.9999999823660444,6.70404590890557e-20,1.1785789313544483e-17,6.085717389145061e-09
5097,Normal,6.178852897279386e-15,0.999999981796266,2.3480361744180464e-21,3.0728754686210213e-19,1.820372785198477e-08
5100,Normal,2.389821457909165e-07,0.9999997250047422,7.30379455086162e-14,3.9638138391249376e-11,3.597340078950917e-08
5102,Normal,2.758689546342807e-12,0.9999999459326543,4.415516929655916e-18,1.1347002620231044e-13,5.406447357892395e-08
5105,Normal,8.209518633631121e-09,0.9999998733734863,4.473395925461793e-15,3.1718965169194426e-14,1.1841695887999025e-07
5106,Normal,1.1539165075405523e-05,0.9999873266562743,1.368683546029509e-09,7.257868269953773e-07,4.0702313973703805e-07
5107,Normal,2.1231129778474235e-09,0.9999992972460152,3.732340117795787e-16,2.478258939548876e-16,7.006308712784588e-07
5109,Normal,2.3508881738092917e-06,0.9999974621402462,1.0471033439074247e-11,5.8172603468330064e-11,1.8690293635673737e-07
5110,Normal,5.850483715803565e-08,0.999999808373559,2.671071735032026e-17,2.5333640134645433e-15,1.3312160124042797e-07
5113,Normal,6.9747874409996e-10,0.9999994687315024,5.918613863152216e-17,5.090970746291572e-15,5.305710136611067e-07
5116,Normal,2.1467704618903864e-24,0.9991065693251513,3.5823542319637014e-18,0.00043535878850394546,0.000458071886344744
5117,Normal,6.663575932982686e-08,0.9999938110583945,1.286912751252134e-08,5.051934476949155e-08,6.058917373717918e-06
5124,Normal,1.756437994874799e-12,0.9999871890777903,1.082172940654756e-14,7.669110026935118e-13,1.2810919675498194e-05
5132,Normal,5.728709382851861e-07,0.9990286175642715,4.3644380679696744e-08,7.374979782980045e-12,0.0009707659130346281
5136,Normal,5.3150427984823406e-17,0.9934576757563366,5.719670346025379e-13,2.6148294414376358e-08,0.0065422980947969925
5140,Normal,2.0650681018765848e-10,0.9973723358927045,5.888840277198388e-11,6.348151897976123e-13,0.002627663841265542
5145,Normal,2.9508797478755145e-12,0.9999999999691092,6.93721494374735e-22,2.83934080468396e-16,2.7939634440533616e-11
5149,Normal,9.903642796906633e-09,0.9999999900503901,9.039373677726634e-20,2.723658639095899e-13,4.5694728619266835e-11
5153,Normal,1.667235342782957e-36,0.0005449534575029823,9.052108609192784e-26,0.9994550429430348,3.5994623131364745e-09
5161,Normal,1.0864546478793798e-05,0.9999891349980121,1.16584180316801e-16,1.0820854009276213e-10,3.4730048560707945e-10
5168,Normal,2.8833515070534044e-13,0.9999999889063506,7.186313522579452e-19,3.646663857116214e-15,1.1093357425701494e-08
5169,Normal,3.440614173208293e-17,0.999999998356738,2.4456703914121608e-23,4.338634564405462e-19,1.6432620286027306e-09
5173,Normal,1.278110782957531e-15,0.999999776988894,2.885106702476114e-18,1.16404286695714e-13,2.2301098825221623e-07
5181,Normal,7.643713150753458e-12,0.9999998348515033,2.5056684283919626e-16,9.365031377997281e-14,1.6514075913670162e-07
5185,Normal,0.00022407415222644596,0.9997758462069811,1.6162508007381474e-15,3.4934728299226273e-17,7.964079064368388e-08
5187,Normal,1.6112954828822677e-26,0.2907461192466424,1.7379846024335144e-18,0.7091271448484244,0.00012673590493313502
5193,Normal,0.0010648244128081054,0.9703042100866266,1.3301054170255779e-05,0.02860412338581531,1.3541060579709344e-05
5195,Normal,1.2129854807916381e-15,0.9999942241896869,1.70322180374441e-16,3.140209548584982e-12,5.775807171513642e-06
5202,Normal,1.966226630389672e-05,0.9999711350724184,1.4175691639569301e-12,8.483748611555332e-13,9.202659011869429e-06
5205,Normal,4.586775994690129e-19,0.998844224866519,3.459673099858411e-15,3.560842803726629e-07,0.0011554190491971075
5207,Normal,3.2313344215537337e-13,0.9995286888410152,1.0228923587124216e-13,6.732389742437206e-14,0.00047131115849208206
5209,Normal,4.454478283783235e-12,0.9989405696908004,4.059834586709026e-12,3.0450791656443316e-13,0.0010594303003807056
5212,Normal,1.7445820112293143e-05,0.9963390595394043,0.0026962711567587224,1.592304847543366e-05,0.0009313004352492863
5215,Normal,1.4188009800849363e-09,0.9938500613015675,1.2760042835762052e-08,2.0613508743206128e-11,0.006149924498975264
5218,Normal,1.9666953108018584e-06,0.9977860490047834,6.845586693199572e-08,4.3131154098859247e-10,0.0022119154127272496
5220,OSF,1.2008879362491298e-07,0.004095711611120923,0.993903316661686,0.0016186190378082261,0.00038223260059131825
5228,Normal,2.5697268927229137e-05,0.9999743027225758,1.0875148024961483e-20,1.2108341095889062e-16,8.496844297417631e-12
5229,Normal,2.299359441759146e-05,0.9712134296970172,1.1019651126879079e-17,0.02876356984009966,6.868465620075915e-09
5230,Normal,1.739328450816483e-19,0.9999999998171775,2.257700786712649e-25,5.529686203123688e-18,1.828225872200467e-10
5234,Normal,2.640200306908187e-06,0.9999973597256582,1.2452213019716929e-18,1.0546375874900109e-13,7.392949487501315e-11
5235,Normal,1.3617225852618648e-06,0.9999986370054686,5.097981814566211e-17,9.5023620887337e-10,3.2170993932452225e-10
5236,Normal,3.6579635896241244e-11,0.9999999999300693,2.7293041600228674e-22,4.9881552479197e-15,3.3346151394851694e-11
5237,Normal,0.0001507667448252326,0.9998492331908788,9.486711277621605e-19,3.46774464282182e-15,6.429244513675767e-11
5238,Normal,2.1164493434986e-08,0.9999999786571714,3.783841725200795e-19,1.761158549391161e-14,1.7831750341606618e-10
5240,Normal,4.2104641985426545e-16,0.999999981237122,1.6580919888730472e-19,2.086927774779141e-13,1.876266892582491e-08
5242,Normal,1.6324879092021583e-14,0.9999999945218319,4.647691227546476e-20,4.340031643813128e-16,5.478151358294346e-09
5243,Normal,1.1472895716123932e-08,0.9999999875965708,3.1184844862550674e-17,4.4317833666336465e-11,8.862155502280827e-10
5245,Normal,8.747813495715185e-12,0.9999999979428535,3.324924095118856e-20,1.4484234661982114e-17,2.048398705734269e-09
5248,Normal,3.183314461064371e-05,0.9999681664702277,6.149987629789781e-20,7.902013831928877e-20,3.851616358270697e-10
5251,Normal,0.0006926865678141863,0.9993073127742642,4.465035864495456e-15,8.179797660701966e-12,6.497373682048486e-10
5254,Normal,5.117537585867608e-11,0.9999999944451634,5.862410001555451e-18,1.0619762652466777e-14,5.503650600911372e-09
5260,Normal,1.6581833852821698e-10,0.9999999771004658,6.007732001408064e-18,2.8545804091193303e-16,2.2733715371971556e-08
5262,Normal,4.814951608411094e-09,0.999999960630217,6.862013651298247e-18,1.545216987518569e-17,3.455483130626172e-08
5267,Normal,1.0674467107331886e-11,0.9999999498645372,1.3286239410668444e-18,1.3282687016108788e-15,5.012478689884369e-08
5268,Normal,4.989357330322345e-09,0.9999999636474194,2.557214181150302e-18,7.897195884962447e-16,3.136322249388907e-08
5271,Normal,0.0037310636716566853,0.9748136935274526,9.164581910205693e-07,0.02145232745254921,1.998890150504221e-06
5275,Normal,1.9408426741233824e-12,0.9999975924307235,2.2668252803229026e-16,6.432653928206634e-16,2.4075673347066884e-06
5279,Normal,1.1577446655284744e-14,0.9999985144746318,5.0782390627961745e-18,2.8806438443561325e-16,1.4855253562818022e-06
5280,Normal,1.832167571425149e-09,0.9999955061895875,5.172132448938201e-15,1.8224892329615654e-16,4.491978239529222e-06
5286,Normal,1.1699403605422574e-09,0.9999749313675229,1.6071490807199048e-12,1.3129001157562402e-13,2.50674607983256e-05
5287,Normal,5.078680617333116e-06,0.9999830343053911,3.6878583556482415e-12,1.6453821806701891e-15,1.1887010302000279e-05
5292,Normal,4.3485018115616474e-07,0.999926701559554,1.1966554739195757e-06,1.7333944672781753e-08,7.16496008462179e-05
5301,Normal,1.0096049251394956e-15,0.9993635643894614,1.6223368564709454e-14,3.814343182266779e-13,0.0006364356101399946
5305,Normal,4.485688488201184e-06,0.9935383877521017,0.0008691746646328974,4.609011794443497e-08,0.005587905804659304
5306,Normal,1.848446883720808e-12,0.9861583819882562,2.966458253375497e-11,3.8581396028468285e-13,0.01384161797984502
5307,Normal,3.1945128558972943e-10,0.9662741538030529,3.668763595763977e-10,8.184247764833028e-14,0.03372584551053767
5308,Normal,4.1456847394324244e-08,0.8151001415410895,6.309065038745606e-07,8.653281816296304e-13,0.1848991860946939
5313,Normal,1.5972479484067973e-18,0.9999999920189852,2.5232755718681786e-21,2.875995725844097e-12,7.978138870559764e-09
5314,Normal,3.2621235701959457e-12,0.9999999999934277,1.2503770238507636e-24,1.806551172501903e-18,3.3100456235888645e-12
5315,Normal,1.4848811709899208e-14,0.9999999997249063,7.512053480095827e-21,4.622313004269104e-15,2.75074289232777e-10
5318,Normal,1.5406462255089182e-12,0.9999999998934906,5.233127412388883e-21,4.015243768750313e-16,1.0496830873938523e-10
5319,Normal,1.8991992469776077e-07,0.9999998100607471,8.011651716699863e-21,7.562527808116974e-17,1.9328075384321664e-11
5322,Normal,4.78750744581636e-13,0.9999898367607677,5.649397772946662e-20,1.0154929021340613e-05,8.309732252547595e-09
5323,Normal,4.9862862836890015e-06,0.9999949871426753,3.072776602335669e-19,2.6266485268081832e-08,3.045556408821459e-10
5329,Normal,5.266374150494256e-07,0.9999994733369635,4.1172429174115466e-22,2.0431781445412568e-17,2.5621530725296598e-11
5330,Normal,5.833847839762262e-07,0.9999994162563013,8.690838168154951e-18,1.2956798544937208e-13,3.587851690678207e-10
5335,PWF,3.5853839293978834e-38,0.0003633991301881226,3.3233791445947736e-26,0.9996365799577788,2.0912033123659468e-08
5338,Normal,2.0390189385610946e-10,0.9999999985128023,9.388039282166426e-20,9.773746184680023e-14,1.2831981337191604e-09
5339,Normal,2.4738531867045754e-15,0.9999999549848315,3.047113333079537e-19,1.0138818017562548e-13,4.501506469823224e-08
5342,Normal,3.455087350338888e-05,0.9999651920850064,1.2028179652851457e-15,1.8530137589051018e-09,2.5518847523930075e-07
5352,Normal,8.799647264849286e-12,0.9999998397548854,1.2423965142259507e-18,3.232326923634791e-17,1.6023631504924926e-07
5355,Normal,1.1784503585482928e-06,0.999998536919271,6.05451376571548e-16,9.791680631402123e-18,2.8463036998304435e-07
5356,Normal,0.14874374773140722,0.8512550758467043,4.763560135640971e-14,7.863221929679845e-15,1.1764218329708413e-06
5361,Normal,7.038757663387953e-08,0.9999987603704042,3.3613125818479234e-13,2.8400415827465005e-14,1.169241654410387e-06
5363,Normal,0.0027552885994012906,0.9972432976601238,1.9461757454813423e-07,3.3393798844501473e-09,1.215783520485275e-06
5367,Normal,4.486943253368185e-05,0.9999367740474023,3.03024584250735e-14,9.528999764683389e-19,1.83565200337093e-05
5374,Normal,6.630003623351206e-17,0.9993584233375368,3.885387006875149e-15,8.598621990374492e-11,0.0006415765764729847
5376,Normal,1.1280381800852522e-08,0.9951620254685257,1.0411710123909103e-09,1.3403053336372367e-14,0.004837962209908018
5378,Normal,1.0771226481600149e-19,0.982307767744454,2.8984093076802035e-14,9.695337603543974e-07,0.01769126272175661
5380,Normal,2.411936129839514e-06,0.9925693038041328,6.717977118940296e-07,2.570293516398162e-13,0.007427612461768563
5382,Normal,4.948661458926574e-12,0.987107416566188,1.6172329250885817e-10,2.1242295466523097e-14,0.01289258326711884
5386,Normal,1.929628122886462e-14,0.9458000968290258,2.0170856118742258e-11,4.264606996184775e-11,0.05419990310813802
5387,Normal,1.604229421308135e-06,0.9504461063933289,5.870347667483116e-05,1.7844208838774388e-11,0.049493585882730805
5390,Normal,0.0001334695434683793,0.5807899368046369,0.36813293964464544,1.666332140483739e-09,0.050943652340917085
5392,Normal,1.3415822737538207e-09,0.7350607435247946,3.772241888291814e-06,3.6858624771690235e-12,0.26493548288804897
5396,Normal,1.4463397975848152e-08,0.5437106114840107,0.00012581764236539971,8.721729012883929e-12,0.45616355640150436
5398,Normal,6.87977601814275e-07,0.546161043336703,2.036423627913051e-05,3.9701206130132227e-13,0.453817904449019
5399,Normal,1.2742170874007977e-17,0.5930213912592152,2.896735782436708e-10,1.2631204308197962e-06,0.40697734533068036
5400,OSF,2.1235296543752105e-08,0.045351086506960916,0.24289793952937097,8.393157846794991e-08,0.7117508687967932
5406,Normal,3.517113904853758e-07,0.99999964827127,1.0313867825264071e-19,1.1791723747484187e-11,5.547919504964044e-12
5409,Normal,1.4559839673409396e-13,0.9999999999794944,3.0329202393050108e-22,3.514864081544032e-17,2.0360099475835615e-11
5410,Normal,1.5620686202040002e-06,0.9999984379280521,1.1504669411748797e-20,1.3800057010881874e-15,3.326365999262083e-12
5413,Normal,0.0003105542457122172,0.9996279441440592,1.1802783596224571e-15,6.15014705603267e-05,1.39667111236843e-10
5417,Normal,6.752717656368795e-14,0.9999999992948421,8.203059963462396e-21,7.556235617685464e-17,7.050902860585277e-10
5418,Normal,1.4102176899117741e-05,0.9999858978078685,1.4026866997332357e-19,4.854597441336021e-16,1.5231978614481603e-11
5420,Normal,0.00017458361431852706,0.9998254163591191,3.826163237025211e-17,5.8688045139082435e-12,2.0693605725129656e-11
5421,Normal,2.3915797977260607e-09,0.9999999975180398,1.6749576496714184e-21,6.155558333013188e-20,9.03804455873473e-11
5427,Normal,3.918266541166581e-11,0.9999999986781205,4.093488342565108e-18,1.0438983659661013e-13,1.2825925191023925e-09
5429,Normal,2.0635380794987266e-07,0.9999997928742687,8.052457146537373e-17,5.770197921437781e-13,7.7134631987919e-10
5436,Normal,3.034880003767868e-12,0.9999999982330408,6.212759464985817e-20,4.152899208300786e-14,1.7638827160423693e-09
5440,Normal,5.507096416054622e-13,0.9999999355172559,1.6600151260255887e-18,7.222838795539043e-17,6.448219331624784e-08
5443,Normal,3.531516473038772e-05,0.9999646775209604,1.210028953971575e-13,1.8426481086803273e-12,7.312345571156178e-09
5445,Normal,3.1761857591427606e-20,0.9999752642446057,5.1503724945712074e-18,9.380928411174801e-08,2.4641946110166953e-05
5446,Normal,3.560664138413769e-16,0.9999995891295895,9.394157197299917e-19,8.298383999305724e-15,4.108704017374573e-07
5449,Normal,1.1584835568141005e-11,0.9999998534680862,2.5831282460749178e-15,2.2455261262205867e-13,1.4652010177906103e-07
5450,Normal,8.196075161490725e-26,0.4621629376915078,6.09133023544724e-18,0.5376205900046761,0.00021647230381607557
5458,Normal,3.750251548255531e-14,0.9999983374590722,2.95824684854736e-17,2.408184426064123e-15,1.662540887795335e-06
5459,Normal,5.020330141228158e-10,0.999998282412113,1.5884327285143832e-13,1.0189613459984669e-13,1.7170855932421275e-06
5462,Normal,1.0850764486245502e-05,0.9999855649909314,5.277092804063658e-12,3.798304060908568e-11,3.5842013221246136e-06
5464,Normal,1.7412327653727634e-10,0.9999643427386387,1.3171149754435745e-13,2.7517529026555607e-15,3.565708710365854e-05
5465,Normal,4.8010331001415186e-15,0.9999872852740056,4.485195740683329e-16,4.005064298157901e-13,1.2714725588705512e-05
5467,Normal,1.6114571668256412e-07,0.9999924405655052,7.176442858950835e-14,2.2148500670501128e-14,7.398288684365766e-06
5470,Normal,4.6564784306296277e-08,0.9999797066555692,1.5532823770531797e-13,3.1506490771058435e-15,2.024677948795515e-05
5475,Normal,1.6410704357066976e-05,0.9999069842149283,9.526174214296837e-11,1.2625961741268598e-13,7.660498532667798e-05
5477,Normal,4.125464312139337e-08,0.9998366571420819,5.089057536156531e-12,4.27039618199626e-15,0.00016330159818167019
5481,Normal,4.6604700166441264e-07,0.9934508698297452,7.241049564458302e-11,5.630601364471472e-17,0.006548664050842468
5482,Normal,9.037981347860985e-15,0.9936769942389978,1.0067431083316193e-11,5.577474838448689e-10,0.0063230051931783245
5488,Normal,1.5300160049652482e-12,0.9968938646123642,1.2079663535565092e-09,5.558680426432047e-09,0.003106128619458988
5491,PWF,6.215261863419565e-06,0.0004263797935881955,1.3019359280754179e-17,0.999567404944015,5.334594084040756e-13
5499,Normal,6.722647700168841e-21,0.9999999824092939,1.1745947996674745e-22,7.001087550985521e-12,1.7583704947314646e-08
5502,Normal,6.876155720930018e-10,0.9999999992624586,8.878170064621576e-21,6.287238159300586e-17,4.992581925880853e-11
5503,Normal,2.0841225443361604e-06,0.9999979120139185,4.703357680970862e-17,3.735816750831185e-09,1.2772038912388876e-10
5504,Normal,1.7072028733362654e-16,0.9999999999757836,9.11400541147278e-26,5.266247583828125e-22,2.4216257608863075e-11
5505,Normal,7.146596251026884e-07,0.9999992838275917,9.748013693458049e-17,1.2106908488772925e-09,3.020922136014672e-10
5508,Normal,5.4180221268631235e-09,0.9999999943243272,1.9507291339050339e-19,5.431515883593582e-16,2.576502198027504e-10
5513,Normal,3.512295984375352e-14,0.9999999892586263,3.9781515307169938e-19,3.1326761876277787e-15,1.0741335535918784e-08
5514,Normal,7.129167571949011e-09,0.9999999906843514,5.518293741162931e-19,2.757043399557855e-10,1.9107765968541768e-09
5517,Normal,7.816953701675684e-14,0.9999999792053126,1.6236113174491617e-18,7.76289617743447e-15,2.0794601492348972e-08
5519,Normal,1.9802984738384597e-21,0.9999963914416264,3.5788008828618257e-20,4.364797199744629e-08,3.5649104015972945e-06
5520,Normal,7.924298726725545e-07,0.9999992059643977,4.584617295920282e-16,3.967638922375594e-13,1.6053324136379944e-09
5522,Normal,0.0002851150055191776,0.9997148829084825,7.350179293674625e-16,8.499278333217782e-15,2.0859888753563252e-09
5524,Normal,5.1611881245345974e-11,0.9999999975621463,1.4733296634171995e-20,1.816540268377909e-18,2.3862418769148466e-09
5528,Normal,1.7977237175599875e-11,0.9999999894745036,4.284882980466151e-19,9.760658278213021e-16,1.0507518138134504e-08
5538,Normal,2.45334755638466e-13,0.9999991185593922,4.350186265918877e-17,4.345743385170406e-16,8.814403620048592e-07
5541,Normal,2.1015187367136257e-08,0.9999990709680604,5.965931017799122e-15,7.04447599461889e-17,9.080167461018159e-07
5542,Normal,4.49749269559607e-06,0.9999949974926167,5.95039752299002e-14,1.0855334359818377e-16,5.050146281051234e-07
5544,Normal,0.04362977098453311,0.9563691600399031,6.383215504553404e-07,1.0636891200667826e-08,4.20017122088492e-07
5546,Normal,0.01632202699486312,0.983674436278349,5.971108700749664e-14,3.321489254375729e-18,3.536726728041127e-06
5548,Normal,2.634151360895651e-10,0.9999782789389414,7.041901613672472e-16,4.768618422028515e-19,2.172079764273737e-05
5550,Normal,0.000243008317055835,0.9995366080697455,6.483097891279719e-10,1.7816544813188534e-11,0.00022038294707236696
5552,Normal,0.003594047981411928,0.9963207767458576,3.785688783519012e-11,1.8838102036379726e-15,8.517523487164073e-05
5557,Normal,0.0051487603457809365,0.9941196323606597,8.158765594571232e-11,4.2536906018581414e-18,0.0007316072119717068
5570,Normal,2.1879277865817173e-09,0.9999999978117602,8.75635709396414e-24,4.452667869051251e-19,3.120668611096084e-13
5571,Normal,2.8011482485859397e-11,0.9999999999160745,4.589399064891094e-23,4.262077627332063e-11,1.3293346902635572e-11
5573,Normal,8.890547411303935e-11,0.9999999999096698,4.550250272653676e-23,3.483660095452954e-18,1.4247846629637308e-12
5577,Normal,3.4427254231830036e-10,0.9999999996536197,2.7001665774863984e-25,5.572521770553306e-19,2.107786749950827e-12
5578,Normal,2.4641751931673315e-07,0.9999997535776893,1.393264199709342e-21,4.19425992365991e-18,4.7913850040578e-12
5582,Normal,1.5840818957586779e-09,0.9999999983468086,3.026103343184542e-21,1.7641929346157665e-12,6.734540448074123e-11
5584,Normal,7.834783740990246e-14,0.9999999985833438,1.972537230103802e-20,1.3173031373274265e-16,1.4165777123585984e-09
5586,Normal,1.559169546747331e-14,0.999999999639142,1.4050231903033215e-22,2.9396915724781685e-18,3.608425290047913e-10
5587,Normal,7.755279151109979e-12,0.9999999999351606,3.5990293543198846e-23,5.272041800297076e-20,5.708415999667413e-11
5590,Normal,0.00012712831431931396,0.9998728474299614,2.3613747199597777e-17,2.3450589884339475e-08,8.05129467567006e-10
5593,Normal,5.660760715983127e-06,0.9999943387572662,6.03314758150912e-17,6.528438999956945e-14,4.819525339777999e-10
5598,Normal,2.6890229053580252e-08,0.9999999705289516,6.599716058298532e-19,4.408317951920221e-18,2.580819348189322e-09
5601,Normal,1.0652603310233737e-07,0.9999998881220463,1.4929118758713082e-18,1.825887748465747e-18,5.3519206818968314e-09
5602,Normal,5.424114244152905e-12,0.9999999705889591,3.47644484509974e-18,4.57836840031451e-16,2.940561643381144e-08
5606,Normal,3.3929019374730175e-09,0.9999999853576833,4.332188990514087e-17,2.11589793168004e-15,1.1249412633238125e-08
5608,Normal,2.368617243185233e-16,0.9999993062689881,5.717601939679663e-19,3.1395276069025104e-14,6.937309802578698e-07
5610,Normal,2.973945919416992e-06,0.9999969910428235,2.1104855061858115e-16,2.9649357321660188e-12,3.500829203276221e-08
5616,PWF,6.437613759580692e-09,4.828796823566045e-06,5.829839912190829e-12,0.9999951581515315,6.608201318821944e-09
5622,Normal,0.0002138214439342305,0.9997850622414444,6.765852760108757e-12,1.3513380620198452e-10,1.1161727217778342e-06
5623,Normal,2.4591240993819812e-11,0.9999981279551121,8.852829124932468e-14,6.639210592745882e-13,1.8720195442453198e-06
5625,Normal,6.342885294546962e-09,0.9999968005453793,6.401248822501285e-16,1.4168038508612855e-17,3.19311173476584e-06
5628,Normal,8.456093764959466e-12,0.9999866741189256,2.569800384600801e-12,1.3430498112785161e-11,1.3325856618022432e-05
5638,Normal,4.735188043345306e-10,0.9999499295915995,1.0744812891590936e-11,2.5358702406397868e-11,5.006989877824346e-05
5642,Normal,3.2722815483511014e-07,0.9976766310107057,1.570782616868959e-09,8.481051617725135e-16,0.002323040190355997
5644,Normal,8.831117366250978e-11,0.9993604054880832,5.6436395566124105e-08,1.6687586407216428e-09,0.0006395363184513246
5648,Normal,7.014337181829988e-27,0.9916962643841755,3.3836563877092385e-18,0.0011566388484830193,0.00714709676734151
5652,Normal,5.45483779457433e-08,0.9931873516061153,2.3953701510887937e-07,2.971815193261156e-11,0.006812354278773626
5657,Normal,8.898483947956086e-05,0.9999110151604718,4.610221132420378e-25,9.316666832626815e-18,4.865677574775097e-14
5662,Normal,0.00020022364651225516,0.9997997759442819,3.1075904228851756e-18,4.0612696292074184e-10,3.0789147040553472e-12
5666,Normal,1.6131032928627784e-17,0.9999999970906881,4.170197947636786e-22,4.0597566815754816e-15,2.909307699469724e-09
5671,Normal,3.0987696125314436e-05,0.9999690122939864,2.705080969128681e-19,1.1952047985975726e-15,9.88709430430938e-12
5680,Normal,1.701649844006232e-09,0.9999999967254756,3.834162744050544e-19,3.029710965004428e-11,1.5425774702072962e-09
5681,Normal,3.4457457535726063e-06,0.9999965537058724,1.7209230048917428e-18,2.541694018739738e-12,5.458323525418504e-10
5682,Normal,0.0014131569809195939,0.9985868425161442,1.7647120230883962e-17,3.529351686338004e-17,5.029362945676999e-10
5683,Normal,7.279794581501634e-07,0.9999992616343891,4.424842608051885e-18,5.565381147822412e-11,1.0330498901311406e-08
5686,Normal,6.49496115424821e-08,0.9999999322401466,2.2784367308834987e-16,7.092164161078393e-14,2.8101706413706304e-09
5689,Normal,1.96191431086389e-07,0.9999998013903453,6.1965068634838505e-19,1.0996054440513223e-15,2.4182225557632435e-09
5699,Normal,0.02687904221509182,0.973120851167714,1.457075928014181e-08,2.5222564198143436e-08,6.682387079410381e-08
5701,Normal,6.034494404283129e-09,0.9999998574468785,2.2074658343713787e-15,1.9206470450056107e-15,1.3651862298053816e-07
5703,Normal,9.024890432736899e-11,0.999999780796248,2.250801239814479e-14,4.21332972930037e-13,2.1911305928245464e-07
5705,Normal,0.0035857450833610767,0.9964140025194835,9.420050935319526e-10,9.304862187634356e-12,2.514458452609452e-07
5709,Normal,4.81147812524475e-12,0.9999960409177011,9.305702846849592e-14,1.8147759132418717e-12,3.959075579638403e-06
5711,Normal,3.858322640310058e-05,0.9999527736290883,2.0389156449158187e-13,1.4468572669723971e-15,8.643144303266273e-06
5712,Normal,7.648995036495001e-10,0.9999791019012936,2.1121987047925273e-13,9.27560608888394e-16,2.0897333594895106e-05
5719,Normal,6.578461096303006e-12,0.9997470737787015,2.5544598624598195e-12,5.436018183639811e-14,0.0002529262121110478
5722,Normal,6.814502424075245e-08,0.9999287056820639,3.6585347248445345e-12,1.320173474127926e-14,7.122616923994993e-05
5724,Normal,1.986852050074767e-09,0.9998957968301886,3.8481563372182306e-10,4.736035890417605e-10,0.00010420032454021531
5726,Normal,7.322169782226178e-11,0.9995116998937942,1.0055835125396276e-12,3.5073432068190775e-15,0.0004883000319750334
5729,Normal,4.4530458293835903e-07,0.9991340563727685,7.570501955906888e-09,3.560752984539981e-12,0.0008654907485857918
5732,Normal,4.905699480373494e-17,0.9891501289861072,1.5081272152441534e-13,1.3243187015418725e-11,0.01084987100049881
5737,Normal,6.753843479236372e-07,0.9758839420595761,1.5014280252739414e-09,4.902190285620152e-17,0.024115381054648076
5745,Normal,1.2272225858710655e-10,0.999999999876422,9.48630748600875e-26,4.215540403162994e-19,8.558443656954945e-13
5749,Normal,3.441513792240533e-13,0.9999999999927776,3.49621695549754e-24,1.4464474063565458e-18,6.878283560832967e-12
5750,Normal,4.526820342504873e-05,0.9999458045976037,4.0869492985315694e-19,8.923606400215548e-06,3.5925708958483015e-09
5753,Normal,1.4657988467206328e-19,0.9999999997183668,2.9120515239355275e-25,1.488888257014634e-18,2.81633207735064e-10
5759,Normal,8.430279434944562e-09,0.9999999914694776,8.53781271605865e-20,5.3877595989558824e-17,1.0024297198470126e-10
5762,Normal,0.0023001118964972294,0.9976998879959335,3.163903917096291e-16,7.695252283921984e-14,1.0749203802021744e-10
5764,Normal,1.93126953615152e-08,0.9999999805922453,7.281938184153045e-23,9.992380905669307e-22,9.505945718242013e-11
5768,Normal,1.3284988633535875e-07,0.9999998666661527,1.393445164081739e-19,3.646096585539202e-15,4.839573495915878e-10
5769,Normal,5.075157496869425e-06,0.9999949238303603,1.0271626475192593e-16,1.0652181982715199e-15,1.0121417494888108e-09
5773,Normal,1.0554597486405534e-14,0.9999998877269859,2.7547295790054453e-18,4.78800729163179e-15,1.1227299882256785e-07
5775,Normal,1.9694662526228204e-12,0.9999999667604684,2.8508557456530902e-18,7.181435856418691e-17,3.3237562049655906e-08
5777,Normal,0.0057730985360755814,0.9942268982126701,3.939692857440445e-14,4.76033651156379e-16,3.251214524324368e-09
5779,Normal,1.2676728195426225e-09,0.9999999877222855,2.2407246113706164e-18,2.8204734609507793e-16,1.1010041306081882e-08
5782,Normal,4.148102815633041e-13,0.9999997248068753,3.467095674653797e-17,6.753231013812715e-14,2.7519264244295796e-07
5783,Normal,3.5766063212706723e-07,0.9999996035206542,1.9551081034435287e-16,1.109465095109619e-18,3.881871352453812e-08
5787,Normal,9.510711073566594e-10,0.9999994929184988,7.979841403175566e-16,9.537903381775183e-18,5.061304293941171e-07
5789,Normal,2.2177006232873594e-07,0.9999995319070644,3.736586494889097e-14,1.4969760777132914e-16,2.463228358090754e-07
5790,Normal,3.812903811570842e-08,0.9999995290640438,1.2402961554542497e-14,6.057711351477886e-13,4.328062999175395e-07
5792,Normal,1.9419542427260277e-11,0.9999983934899382,1.5747839259705945e-15,1.976360656427082e-14,1.6064906209156143e-06
5793,Normal,2.5362040008812004e-13,0.9999938612724323,3.9821871140096665e-16,1.6438033497618176e-15,6.1387273120055025e-06
5795,Normal,6.604998015478685e-10,0.9999962230253855,6.43515181713085e-15,2.4311023576998977e-15,3.7763141059292197e-06
5799,Normal,1.0422546716163325e-11,0.9999833782686752,2.2747518383202377e-12,1.0698295335360061e-12,1.662171755770128e-05
5808,Normal,1.6709037969294662e-08,0.9995748913737463,5.730723201907468e-12,1.1483332268266487e-15,0.00042509191148389953
5810,Normal,6.061873540687164e-12,0.9989936085457499,2.2786157748048304e-12,1.9044956547534433e-14,0.0010063914458903448
5815,Normal,1.229529348859272e-06,0.9975601289194267,1.0850004474650549e-07,1.4986496332170792e-12,0.002438533049681088
5817,Normal,6.500220964871769e-11,0.9852608517582876,1.2859176069728655e-08,2.423487393605258e-13,0.014739135317291766
5819,Normal,8.635890931146386e-10,0.967346220492014,9.12446873607262e-08,9.093532540156917e-14,0.03265368739961862
5829,Normal,5.303075447822875e-11,0.9999999999469507,1.6538403570077017e-25,1.6925938124109598e-19,1.8459881691640205e-14
5830,Normal,1.450876105246676e-15,0.9999999999998713,7.408594776638715e-28,1.886301662353289e-20,1.2725298314527694e-13
5832,Normal,1.0184463805206936e-09,0.9999999987555545,4.647595803340453e-21,2.2452065362783926e-10,1.4786437670976877e-12
5834,Normal,3.572290177087072e-09,0.999999996427609,7.156719089495909e-23,1.7137081547884055e-16,1.00684116989354e-13
5837,Normal,1.9233978945833076e-12,0.9999999999974989,2.3849963331089453e-23,2.8815863531171364e-17,5.777296704279319e-13
5838,Normal,6.065479326546685e-20,0.9999999983280902,1.594676237470453e-23,4.79150924631098e-14,1.6718618724886737e-09
5840,Normal,1.1333841295669818e-13,0.9999999999983138,1.2935269192384257e-25,1.5285041427336508e-19,1.5728736828687164e-12
5848,Normal,2.207438754386721e-06,0.9999977925590262,8.775432118709301e-22,8.507412303897021e-20,2.2194694563405293e-12
5849,Normal,5.504904968471327e-26,0.9679165151284156,1.548192114799675e-20,0.03207857021067742,4.914660906975394e-06
5850,Normal,3.0432780859406064e-09,0.9999999969134078,3.0213885412449158e-21,4.2146144981120844e-14,4.3271936421218794e-11
5852,Normal,8.998636302455359e-13,0.999999999961638,7.638774607601724e-23,1.1350296270988194e-20,3.7462117012433584e-11
5855,Normal,3.6924847889693925e-06,0.9999963067056344,2.1866645835523226e-15,6.155954393217752e-10,1.939789259555761e-10
5856,Normal,1.7223455789207958e-08,0.9999999827001499,2.7852524352143574e-21,1.7152090934309147e-16,7.639411219883215e-11
5859,Normal,0.00016099862618888978,0.9998390013279256,3.143668843012213e-19,5.047741052550577e-20,4.588548161910034e-11
5860,Normal,2.0403192277945607e-11,0.9999999993239057,5.436114146458111e-21,1.462569729811605e-20,6.556910597431883e-10
5871,Normal,1.5677239878292465e-20,0.9999804755432218,2.1971126775503647e-19,9.968200094322184e-10,1.9523459958249547e-05
5872,Normal,2.2643206026057787e-08,0.9999999677414014,4.1056947369113557e-14,4.279568717339319e-12,9.611072008049714e-09
5873,Normal,2.1496195616883797e-10,0.9999999841956111,4.388849900350471e-18,3.5475061714308476e-15,1.558942336543136e-08
5876,Normal,2.6875030846251222e-12,0.9999997962637621,5.4850546125141204e-17,5.607346017927733e-14,2.0373349424506726e-07
5877,Normal,1.976631750643505e-06,0.9999979675725362,3.253014545897752e-11,1.080049988489132e-10,5.565517785557432e-08
5878,Normal,8.729004498763928e-08,0.9999998611689047,7.179822628128717e-16,6.3068775445773674e-18,5.1541049672704213e-08
5879,Normal,1.0429326516220209e-10,0.9999999117043202,3.681233438413719e-14,9.587433178709186e-13,8.819039089495895e-08
5881,Normal,6.195912221508027e-07,0.9999992932861596,4.682828278518865e-12,1.1698488119825424e-12,8.711676564463815e-08
5884,Normal,4.959863938169035e-16,0.9999898889235088,9.185909677398105e-17,2.1812542112250445e-13,1.011107627247287e-05
5890,Normal,0.0005649793375331761,0.9994327067628926,3.480194192134912e-10,3.9626109239591636e-12,2.3135475921406268e-06
5893,Normal,1.066736659023075e-08,0.9999948650477354,3.083278525396582e-11,2.674187453682799e-14,5.124254038477294e-06
5898,Normal,3.2353719247389584e-10,0.9999279422557141,4.2769123594722884e-13,5.856464630703508e-15,7.205742031502034e-05
5899,Normal,0.0001507221694737223,0.9935493398958567,0.006211704345083916,7.8654182232566e-09,8.822572416740801e-05
5900,Normal,2.0296408289063156e-15,0.9994887706026764,3.3347921697112725e-15,1.9653426674755927e-15,0.000511229397316281
5903,Normal,6.953858811023697e-12,0.9987966253724299,1.1345499285369207e-10,3.571284448695548e-14,0.0012033745071254934
5904,Normal,9.9297575376305e-18,0.9911413311422234,4.470650596999604e-14,4.453266202190345e-11,0.008858668813199161
5906,Normal,1.5205714377966776e-12,0.9951833220474703,8.215221394794993e-13,9.867632746563357e-17,0.004816677950187539
5909,Normal,1.5958764034227379e-09,0.9732098995066674,9.644639849022037e-10,1.4590751576136896e-14,0.026790097932977725
5915,Normal,6.79350829449903e-14,0.9999999999997806,1.5859993235147435e-25,1.3592619320160896e-19,1.5144949832502983e-13
5917,Normal,1.3830587352916453e-12,0.9999999999983797,1.5883531491073554e-23,1.5117739916296432e-16,2.371588026306049e-13
5923,Normal,5.526648415513239e-09,0.9999999944732955,4.096041456837484e-24,1.0863294578031113e-19,5.6139392233955196e-14
5924,Normal,2.2596046573129285e-14,0.9999999999991116,4.7934337097645925e-27,3.0482539782210314e-22,8.657313122450584e-13
5926,Normal,1.9236122730447884e-16,0.9999999999902422,3.939357261320522e-26,1.7085732093152137e-21,9.757476644646186e-12
5931,Normal,6.519156836601365e-10,0.9999999988332489,1.1293761242943609e-18,4.778066890074407e-10,3.70287951925838e-11
5932,Normal,1.8834763109977804e-07,0.9999998116508106,7.372125726227721e-19,8.094327502876755e-13,7.487985590470462e-13
5933,Normal,3.609664127683791e-12,0.9999999999941347,2.907668413368144e-24,4.1999562255541685e-22,2.2556840850445243e-12
5934,Normal,2.1359024225368518e-07,0.9999997864092435,2.1147109258829226e-21,3.700496781255469e-18,5.143208159221896e-13
5939,Normal,7.236687760976969e-16,0.9999999982104896,1.4097867627689674e-20,5.674239837939923e-16,1.7895090617321858e-09
5941,Normal,7.47724821716661e-09,0.9999999876657777,6.1185401572680064e-18,8.725792329717482e-10,3.984394797737197e-09
5943,Normal,3.6429904748519154e-09,0.9999999963032049,5.623974913890745e-20,1.4826480620487086e-18,5.3804693968187234e-11
5944,Normal,9.675479148364743e-12,0.9999999995943804,2.7069816164248243e-19,1.40417285878857e-16,3.959440012123347e-10
5947,Normal,1.4983367839388578e-10,0.9999999991621025,3.163795553974991e-17,2.619852725803271e-14,6.880376839369269e-10
5956,Normal,5.4069718213065124e-14,0.9999998653325498,4.695561737408184e-18,9.22074071895417e-17,1.3466739603290197e-07
5957,Normal,1.1058377674157101e-11,0.9999999795233383,4.474806160242618e-18,8.978558323326308e-19,2.046560333756829e-08
5961,Normal,3.6198137531681924e-13,0.9999997844644171,1.4662907664050036e-17,1.136141168788815e-17,2.1553522096908466e-07
5962,Normal,1.939912636391351e-12,0.9999998903613261,9.985993490610907e-19,1.6903883682780487e-21,1.0963673401782822e-07
5963,Normal,8.265210836883639e-16,0.9999990199821527,5.3530323846102835e-18,5.430005867563788e-17,9.800178465825724e-07
5968,Normal,2.7306030541622095e-08,0.9999994622837254,3.8834443661166e-09,7.193342946744742e-12,5.065196064110506e-07
5969,Normal,9.7719090314221e-08,0.9999987409812334,2.241270792818575e-07,7.296645256486243e-10,9.364429325242187e-07
5970,Normal,2.915198422570073e-12,0.9999977036694152,2.124865239557532e-17,4.380313620400202e-20,2.296327669555302e-06
5975,Normal,5.740252607540136e-10,0.9999830907653791,7.229078586801404e-13,1.4138082692580564e-17,1.690865987278296e-05
5976,Normal,3.058835792674841e-16,0.9999795518489969,1.9247463735289167e-17,6.193489643213346e-18,2.0448151002817758e-05
5979,Normal,2.953969017753002e-09,0.9999624041959406,6.4431210213351104e-09,6.342233630547035e-14,3.758640690592287e-05
5985,Normal,4.6305195737673957e-07,0.9566698024121644,2.4829757223084276e-06,2.658303576185748e-12,0.043327251557497726
5986,Normal,1.3560849474320239e-05,0.9953154383341671,3.171490210842907e-08,4.011302379249815e-20,0.004670969101456467
5989,Normal,1.8162328703826063e-07,0.7445909434230585,0.0037599942216729946,7.6798120612402e-09,0.2516488730521694
5990,Normal,1.4357878003044526e-10,0.9927007654834225,0.00016536547783429164,1.1288844802010037e-09,0.007133867766280103
5993,Normal,2.4199419336902123e-05,0.9687831331414027,0.0003334178453958953,8.801640086670657e-17,0.03085924959386424
5996,Normal,2.4022363941258737e-18,0.6593295454770307,5.443691342986738e-12,2.271317671511089e-09,0.3406704522462079
5998,Normal,2.990662775180527e-11,0.6922885728348922,4.4349978199269586e-08,3.6027621918857924e-13,0.3077113827848627
6002,Normal,3.883913113698026e-09,0.9999999961160728,4.9280699698503424e-27,2.8603711188836423e-18,1.4061897718393341e-14
6005,Normal,3.975458843875557e-19,0.9999999999967197,5.539058494214752e-26,2.359734204168724e-19,3.2802580530563024e-12
6008,Normal,4.897128280640174e-08,0.9999999510225768,3.9301432595661596e-23,4.878605473207256e-12,1.2618474676339016e-12
6013,Normal,2.6901295152960132e-11,0.999999999972606,3.99850720112365e-27,1.9974863562141687e-21,4.92711353391346e-13
6016,Normal,1.5313627304788068e-13,0.9999999999941537,4.1201375816682466e-25,1.0521367338035682e-19,5.693239186907878e-12
6017,Normal,1.875713171249217e-08,0.9999999812421564,1.090156885292208e-21,1.1727084375356172e-17,7.119586581934413e-13
6018,Normal,5.1759492549344977e-08,0.9999999482401084,1.0068354861642703e-24,1.6593263171157746e-24,3.9905127255013577e-13
6020,Normal,8.814355340683074e-12,0.9999999999778582,1.4487845915085127e-20,1.5059613344362588e-15,1.3325891847337937e-11
6028,Normal,5.225334431273921e-11,0.9999999999228519,1.8605217889825517e-23,5.687537084056296e-19,2.489476149787528e-11
6031,Normal,2.7203253198639777e-07,0.9999997276768265,4.394752670802668e-15,8.648696077354086e-11,2.0415011545192292e-10
6032,Normal,6.856651584393036e-10,0.9999999992700761,3.0070759623427303e-21,5.6496031697405484e-21,4.425866076612997e-11
6036,Normal,3.290178025973374e-17,0.9999999306887865,1.410706590082108e-20,9.920872924361887e-16,6.93112126561713e-08
6044,Normal,1.132164534649852e-11,0.9999999900444058,9.65020850390046e-20,2.2276953698726428e-18,9.944272652004774e-09
6050,Normal,1.3783935434201997e-13,0.9999996240870991,2.7265328376103832e-18,4.224539841228498e-18,3.7591276309037963e-07
6051,Normal,2.010842146595812e-13,0.9999995125720906,1.0754560121775898e-17,6.719453374810808e-17,4.874277081209233e-07
6052,Normal,1.0082709687314232e-06,0.9999988279810098,1.540789983436469e-10,4.863782931460135e-13,1.6359345602684008e-07
6055,Normal,1.8604303870813495e-12,0.9999986805147154,1.9133903316923475e-17,3.9750727192494835e-18,1.3194834242250262e-06
6056,Normal,1.1969754159372979e-09,0.9999986193485546,1.0501776771991126e-13,3.672225650070198e-17,1.3794543648706583e-06
6059,Normal,3.431646726792273e-14,0.9999827132801884,2.539367818447762e-15,1.1659839784491669e-13,1.7286719658156e-05
6060,Normal,1.1592772084532042e-23,0.9959563778662165,5.658999325836031e-17,0.00045840001710554547,0.003585222116677917
6062,Normal,2.307986249849916e-14,0.9999796215416505,7.791396086554289e-17,2.597592623301901e-18,2.0378458326348523e-05
6063,Normal,1.627255295435455e-09,0.9999484340030403,1.4667794668811582e-09,4.859412173018079e-09,5.1558043512590744e-05
6064,Normal,1.8927762957467964e-08,0.9999681648674903,1.1706483691915194e-10,1.224322270800458e-15,3.181608768073913e-05
6065,Normal,2.6721742997035637e-17,0.9980721396773097,1.931925071118215e-14,2.1144500429023797e-10,0.001927860111226078
6068,Normal,8.388777640602267e-12,0.9997475584590897,7.563722693705284e-11,1.481537009961383e-13,0.0002524414567361952
6075,Normal,1.561883452686312e-10,0.9976295388637355,9.574920534108257e-11,1.10214479557009e-13,0.0023704608842166517
6079,OSF,1.9133685649478e-09,0.002987309213056418,0.9968848399258405,5.880492265332641e-07,0.00012726089850791905
6083,Normal,7.5642166310227846e-06,0.9710892840793871,0.00035411977974012925,8.224019371382312e-15,0.02854903192423361
6084,Normal,6.182652484131647e-07,0.8308082039953063,0.1363730191423652,3.7717225223036084e-10,0.03281815821990782
6085,Normal,7.930646277077953e-14,0.9999999999999115,1.5365141961860592e-29,1.8086230080512163e-22,9.195223768761559e-15
6086,Normal,1.6996037303660968e-12,0.9999999999982849,9.755745956357474e-27,6.080546180633186e-21,1.5390821440252885e-14
6089,Normal,1.2338877402925007e-10,0.9999999998765985,2.9102232529939223e-26,3.1909210221268334e-21,1.2808339842100603e-14
6090,Normal,1.4065245432586386e-11,0.9999999999859082,2.907011108123752e-26,2.8325640419181372e-21,2.6674183080638645e-14
6091,Normal,2.34544040966573e-17,0.9999999999974336,3.270025941670603e-25,2.6592100909410554e-19,2.5664302952641153e-12
6094,Normal,1.0574563531024517e-05,0.9999893086491506,1.4723321984774477e-18,1.1678375646715521e-07,3.5619763284484982e-12
6097,Normal,1.6667526718514887e-12,0.9999999999978004,5.135509670278619e-26,3.664642255490906e-19,5.328496209943459e-13
6100,Normal,1.880463515415099e-17,0.9999999999985578,9.624732961667058e-29,1.4174513260001129e-25,1.4421543537147136e-12
6102,Normal,5.614921595879036e-15,0.999999999989736,7.67571748954005e-25,2.889537462133573e-22,1.0258342096836473e-11
6103,Normal,4.610435883598486e-09,0.9999999953886826,2.2129639036241447e-22,7.219966942810115e-19,8.815426851611819e-13
6105,Normal,1.4826208273210235e-11,0.99999999997892,1.7827457824112063e-24,2.281956199048548e-19,6.2536766413611565e-12
6107,Normal,1.2784557239071765e-08,0.9999999872060503,3.110770316409159e-19,1.0366714483918325e-14,9.382116473267068e-12
6109,Normal,2.1607704105262303e-17,0.9999999992333265,1.4523680886110207e-23,1.690100122679585e-19,7.666735469313707e-10
6113,Normal,2.5296869595157778e-19,0.9999998767976065,4.242788123430988e-21,3.897603943508605e-13,1.232020037938671e-07
6129,Normal,1.614617339540869e-10,0.9999999868858382,4.125987386956992e-18,1.7648058846487905e-19,1.2952700100113338e-08
6138,Normal,3.2247352448000794e-20,0.9997528132001344,5.012801326087411e-18,1.08491845458492e-08,0.0002471759506810709
6141,Normal,2.800774593690233e-12,0.9999968060692294,2.551682479040337e-15,6.494242186805496e-17,3.193927967268685e-06
6144,Normal,7.572620912092653e-13,0.999993500362911,5.186987650275816e-16,1.938091503671143e-16,6.4996363309758115e-06
6145,Normal,7.393156599604068e-14,0.9999830317066809,5.762022888122002e-15,6.94581431038946e-13,1.6968292544782535e-05
6146,Normal,2.8270785590511787e-09,0.9999942579577695,6.6170228858599135e-15,1.575905587006825e-17,5.739215145221607e-06
6148,Normal,1.4486835696223675e-21,0.9973089396644722,1.4911540079880207e-16,5.367533119004605e-05,0.002637385004337619
6152,Normal,6.570492748036601e-11,0.9997218835235091,1.2658924203631028e-11,1.4064631087843403e-15,0.0002781163981256541
6154,OSF,2.0616185874627397e-06,0.2436118924615729,0.7556507315973344,0.0003586263472690982,0.00037668797523614976
6156,Normal,9.727521959571939e-13,0.9989596408519166,8.700394357213948e-12,5.126683970849495e-15,0.0010403591384052044
6158,Normal,6.2787175629659545e-15,0.9940050455002963,1.007979635978488e-11,1.353949395573297e-10,0.005994954354222593
6160,OSF,1.8384807455007048e-08,0.14209421723147497,0.8547640501274892,0.0004197064400618496,0.0027220078161665044
6162,Normal,2.2491103283336847e-09,0.9986896192143384,5.389185163341299e-07,2.435531498791951e-12,0.001309839615599337
6163,Normal,1.178630828509707e-10,0.9909020237424849,2.186429976465495e-09,7.416861325394703e-15,0.009097973953214673
6164,Normal,3.1574945492844217e-06,0.9974247841125035,5.530820883377275e-05,3.9274832529062984e-14,0.002516750184074166
6165,Normal,3.9310038530862436e-14,0.9866532939337492,2.581088036971062e-12,9.08121073863276e-14,0.01334670606353959
6174,Normal,3.819260667852939e-16,0.9999999999999657,1.3108811692901228e-28,8.238240332299936e-24,3.398148987580195e-14
6181,Normal,7.889771246747928e-11,0.999999999920953,5.642640575311038e-23,8.78865251436544e-16,1.484845108826255e-13
6182,Normal,1.3363889413974063e-21,0.9999999995700751,7.872953864156357e-25,3.796777677040494e-14,4.298869181908752e-10
6186,Normal,3.015198499008885e-20,0.9999999991292636,1.1024404252498937e-23,1.736202303137835e-14,8.707190705499778e-10
6188,Normal,1.510951165466834e-07,0.9999984030161342,1.5231832067475398e-17,1.4458264163176584e-06,6.233294415967455e-11
6190,Normal,8.545017219930565e-21,0.9999999775288265,6.934915941591723e-23,9.237413034906957e-13,2.2470249757936492e-08
6194,Normal,5.560307878871647e-13,0.999999999976082,1.2891158555130491e-21,3.469484730051939e-17,2.336194363451431e-11
6196,Normal,1.4226500775196065e-16,0.999999999348006,1.3820200238911657e-21,2.4080241479436935e-16,6.519937139283301e-10
6200,Normal,1.2268212143582597e-10,0.9999999998551058,2.240508676593217e-20,1.5358826728045122e-16,2.221201230514765e-11
6202,Normal,5.39964533234809e-12,0.9999999996126636,7.503118060232363e-21,3.86699814519179e-14,3.818980949880392e-10
6205,Normal,7.886362983197989e-13,0.9999999999137265,1.237263158913837e-23,1.7891116357209298e-21,8.548500546098025e-11
6210,Normal,1.5776152227432757e-07,0.9999998421584966,9.408513237007334e-21,1.8642576076252204e-22,7.99811173157435e-11
6214,Normal,5.6291222524146976e-12,0.9999999974421298,4.5079844640478456e-20,7.952775378903386e-20,2.5522411382513795e-09
6215,Normal,3.8590252875472745e-06,0.9999961404030066,5.9037255478575814e-18,1.7244075676032303e-19,5.717059321175378e-10
6216,Normal,2.220744847825294e-10,0.999999996972569,4.399997609046511e-18,6.676569603481484e-17,2.8053563342225836e-09
6220,Normal,2.069101171492318e-06,0.9999979033845291,2.364569301840169e-18,5.426681084441553e-19,2.7514299421199908e-08
6222,Normal,2.883187745501591e-06,0.999997088931118,1.5036923432311113e-15,9.720621267228287e-14,2.7881037601905224e-08
6229,Normal,1.6590652445887288e-06,0.9999979495974101,2.1704930050746442e-10,1.1220555578388072e-12,3.911191740214493e-07
6231,Normal,5.359704283378733e-14,0.9999932727500191,4.873698811977307e-16,1.2434375350348697e-14,6.727249914428542e-06
6232,Normal,2.7943703776432707e-10,0.9999973084636642,2.760006974019582e-15,6.193216094834862e-16,2.6912568953168314e-06
6239,Normal,1.8134931403628302e-05,0.99684514619462,0.0029688060322642985,3.956434820398963e-05,0.00012834849350810626
6245,Normal,2.894514387247042e-13,0.9994181483756331,3.439668793812972e-13,2.238060146382341e-13,0.0005818516235096629
6246,Normal,8.574931312358129e-08,0.9996824270707563,2.8818850383218297e-10,6.319488703498315e-17,0.00031748689174206833
6249,PWF,2.0326300671452571e-07,0.12552043490712705,0.8118815167275489,0.053816601521838446,0.008781243580478989
6253,Normal,2.89299249709496e-10,0.9896197530933984,3.050134170395366e-09,3.650692067338868e-15,0.010380243567164448
6255,Normal,9.623222448687143e-07,0.9943271839526368,7.299047580366444e-05,7.907749263120395e-13,0.005598863248523826
6260,Normal,3.773953167141313e-08,0.999999962260386,3.2002459770664615e-25,2.404370851226506e-16,8.20624218167253e-14
6261,Normal,4.259234576045634e-08,0.9999999574076317,1.488435781981924e-23,4.7891718415583804e-17,2.2511343743390857e-14
6275,Normal,9.88681105855038e-13,0.9999999999952486,2.117263829842488e-25,4.687177422876625e-22,3.762768066580396e-12
6280,Normal,5.351844456895654e-06,0.9999946094642276,6.073661123441302e-16,3.852049065936931e-08,1.7082428211644887e-10
6285,Normal,2.0543366589328802e-16,0.9999999767521511,2.308972853593747e-20,1.1862639492917195e-13,2.3247730129332896e-08
6288,Normal,7.613257764991053e-10,0.9999999990992606,1.4145994049314704e-21,5.0588729345428614e-18,1.394136280799532e-10
6293,Normal,2.7049202352999236e-13,0.9999999980257243,7.841632909058794e-21,2.244825858536453e-19,1.9740053018675617e-09
6300,Normal,0.0003222806098866885,0.9996777156899129,4.688010149981393e-14,9.524143149650964e-15,3.700144002941014e-09
6308,Normal,1.36740550767221e-12,0.999999736035542,5.2345692115649534e-17,1.5078154409990847e-16,2.6396309049582013e-07
6316,Normal,3.9705451605057417e-10,0.9999984287281207,3.097936483713775e-14,2.268905922630086e-12,1.5708725250146766e-06
6318,Normal,0.0015330154431132804,0.9984654986104822,3.9599091090852107e-10,1.0879741458115801e-16,1.485550413521585e-06
6319,Normal,2.4710239042988045e-06,0.9999930718567461,3.8558596908989e-11,3.6248989452521906e-11,4.4570445420348044e-06
6322,Normal,9.361335554835939e-05,0.9327688176532599,0.03345117937289713,0.03332322840451687,0.0003631612137777506
6327,Normal,2.663800885612222e-08,0.9998644025544349,2.2334720241260528e-11,1.1815576683979361e-17,0.0001355707852215999
6328,Normal,2.9089582041650513e-07,0.9999322502474557,5.059132628511038e-07,3.229540826626844e-12,6.695294023155932e-05
6330,Normal,1.6663945808865718e-12,0.9993590465023477,1.7122163993598976e-12,1.2558948333009636e-12,0.0006409534930177106
6335,Normal,3.0685069933921745e-14,0.9828215440158048,1.0141832193587206e-11,6.756216536168987e-11,0.0171784559064604
6340,Normal,1.698014765010739e-08,0.9914182891573563,0.0013182070598215924,2.2009575421294993e-10,0.0072634865825788155
6341,TWF,2.593186473687909e-07,0.802400815583094,6.023413830174337e-07,9.202879106783754e-15,0.19759832275686653
6345,Normal,1.9995622404522922e-08,0.9999999800043484,1.2979568471332142e-27,4.080707259585088e-20,2.9161224679897864e-14
6352,Normal,5.129589283981654e-12,0.9999999999924221,5.659004578159739e-22,1.3565783212408938e-12,1.0918037155262352e-12
6354,Normal,4.49139999921689e-12,0.999999999994945,6.087644254282378e-26,2.5413156176804383e-19,5.635828462437358e-13
6359,Normal,1.3983626731289704e-10,0.999999999855461,1.9424789496643156e-23,1.7527956506463972e-16,4.702549723676526e-12
6360,Normal,9.342011142866487e-07,0.9999951444737207,1.2537343139392528e-16,3.921223715977636e-06,1.0144892595669076e-10
6361,Normal,1.1149883889375007e-09,0.9999999988849038,2.7502785951451942e-25,4.6031847344259394e-23,1.0772910458513612e-13
6364,Normal,1.15461494690002e-14,0.9999999998667355,4.894292141464332e-23,5.2688403939784204e-18,1.3325301336965265e-10
6371,Normal,8.21957447084705e-06,0.9999917804235966,3.633206258595826e-21,1.9238777681904223e-21,1.932521939029049e-12
6377,Normal,1.0196332419554593e-16,0.9999999955703331,9.665939738708152e-22,4.545887434245074e-19,4.42966672554375e-09
6378,Normal,1.1346143326711038e-12,0.9999999995187241,3.897083073344807e-21,1.408550387844267e-20,4.801413138881897e-10
6383,Normal,1.6477226063312322e-10,0.9999999988639772,3.1268972516279233e-19,1.1298269265199152e-19,9.712505586944837e-10
6388,Normal,3.548377883565952e-10,0.9999999483293758,1.6517088196943391e-18,2.8774970110512507e-19,5.131578641457139e-08
6391,Normal,7.155791106387827e-08,0.9999990652631106,6.121930320670335e-09,1.6884833260113784e-07,6.882087154851787e-07
6392,Normal,8.043025390750155e-07,0.9999988479419119,3.5652146612737276e-16,9.575450926150439e-19,3.4775554866813036e-07
6395,Normal,1.5805361945755836e-06,0.9999973352445508,4.9576854588581344e-15,6.56334786810119e-18,1.0842192496070272e-06
6398,Normal,1.2603878047972806e-12,0.9999773876773467,1.1991526095094945e-15,4.325671521024531e-17,2.2612321391572054e-05
6403,Normal,3.786949420221996e-12,0.9998990034366279,1.1832992359076807e-13,1.3543136242945881e-14,0.00010099655945327766
6407,Normal,2.823840338627938e-11,0.9999678496105745,1.5965018765298064e-09,2.422601128108189e-12,3.214876226253861e-05
6411,Normal,1.8008781754402992e-11,0.9997476021555964,1.3589503953052654e-09,2.9502009751825555e-13,0.00025239646714932546
6419,Normal,8.166408212906919e-08,0.8035420890344482,0.00012590332138495618,4.144019749108116e-10,0.19633192556568277
6421,Normal,1.2153976576949615e-12,0.9999999999987825,1.2545789562502171e-28,4.791880307241058e-23,2.1492103085719054e-15
6424,Normal,2.503827304041173e-14,0.9999999999999298,2.299097670050281e-28,8.700200713757841e-21,4.509146260360744e-14
6425,Normal,1.0040691900559444e-09,0.999999998995915,6.623589576700074e-28,6.565177042773871e-21,1.5904810105947755e-14
6426,Normal,4.988399330042786e-06,0.9999949991291084,6.448120457410975e-20,1.2471131280075095e-08,4.303680460033233e-13
6430,Normal,2.568881101355161e-08,0.9999999743110238,3.355262245119216e-25,9.039356872307057e-18,1.6518894960761708e-13
6433,Normal,5.002416697322853e-10,0.9999999994988434,3.3082959995955402e-24,2.3907389445503896e-16,9.146823160803475e-13
6450,Normal,1.1835085972508558e-10,0.9999999998283031,2.0463986423213174e-19,2.767689890007137e-15,5.334323304532876e-11
6468,Normal,1.1953625174556454e-15,0.9999998733232259,1.2467031612011575e-19,1.967909254377796e-18,1.2667677286605012e-07
6472,Normal,6.668609778772644e-11,0.9999999376906784,2.2856457379859276e-17,9.396257104550759e-19,6.224263549418305e-08
6475,Normal,0.0028102857358326826,0.9971886390834502,1.354141810407041e-10,1.3242953870769753e-10,1.074912873414769e-06
6481,Normal,4.1194033521884075e-16,0.9999840928443922,1.116468030212722e-16,8.203470855211312e-15,1.5907155599136788e-05
6487,Normal,6.155953483122079e-19,0.9992228420738455,2.310455132043675e-16,3.75068475375744e-11,0.0007771578886474806
6495,Normal,1.6642333114316138e-12,0.999122850235227,5.3880962354031984e-12,2.869232482774564e-15,0.0008771497577177785
6497,Normal,3.079008448580667e-16,0.9944906815780181,3.760796925019141e-13,1.530120643482841e-11,0.005509318406304394
6498,OSF,7.098598904954484e-07,0.009524811093418009,0.9703202946234577,0.018828666001067168,0.0013255184221667483
6501,Normal,5.820562657504501e-05,0.9915711192428877,6.972083236864094e-07,8.798185946749157e-13,0.008369977921333777
6502,Normal,6.792567946607893e-11,0.9832149812527186,9.726031380174754e-10,3.3927973013422507e-12,0.01678501770335985
6504,Normal,1.0509142736541144e-06,0.9545074990241506,1.748578004858499e-07,3.7867486512267804e-13,0.045491275203396714
6506,Normal,1.440461875189194e-07,0.9132053197238877,7.321780872352246e-07,2.183226223727943e-15,0.08679380405183527
6507,Normal,2.3320810213158316e-08,0.8410683824994448,2.470705256439479e-07,1.1926691941547485e-13,0.15893134710910023
6513,Normal,1.7936223943966191e-06,0.9999982063761264,2.0032850198961925e-22,5.030163217968507e-14,1.4290196316375774e-12
6518,Normal,2.0856147959358945e-11,0.9999999999787884,7.395222195683083e-25,9.33694424883373e-21,3.554770772438816e-13
6520,Normal,9.278213961768535e-06,0.9999907217856783,5.4352653992360475e-21,2.043208067925659e-16,3.596749677215408e-13
6522,Normal,2.2795203996754073e-15,0.9999999999824694,9.978005745383167e-25,2.1079640490985864e-21,1.7528268559084095e-11
6526,PWF,1.1182762249562115e-10,1.498988590060461e-08,3.510033715353552e-17,0.9999999848982603,2.6242887544420424e-14
6527,Normal,2.9718011848192156e-10,0.9999999996978135,1.3225709148950746e-22,8.478620899857288e-20,5.006382381509756e-12
6528,Normal,1.3995207449978122e-09,0.999999998580088,1.2709444261570955e-19,6.814528575270626e-15,2.0384423929883644e-11
6530,Normal,1.520873056944961e-08,0.9999999847812846,3.3079602738613894e-21,1.313325394564051e-18,9.984858688548425e-12
6533,Normal,0.00017019485797189303,0.999829804707351,1.7473795750908999e-19,3.0481210037801214e-15,4.346740845038353e-10
6536,Normal,1.1076220793666042e-10,0.9999999993863304,2.0687108896385714e-21,8.116748705589787e-18,5.029074453843908e-10
6540,Normal,8.390542881144999e-06,0.9999915968897801,5.423031604574435e-13,9.06104657638442e-09,3.5057498574915806e-09
6543,Normal,1.0071692261432182e-10,0.999999994862464,9.24951476391903e-19,4.162347297571936e-18,5.036819054959601e-09
6544,Normal,2.1539963243820715e-14,0.9999999186676976,1.6095648924156846e-18,7.045278336256047e-16,8.133228024532478e-08
6545,Normal,1.143285991903054e-08,0.9999999796790975,1.6058293543885118e-17,1.1861282033959322e-13,8.887924033582635e-09
6546,Normal,1.9747388535010874e-15,0.9999990783171706,4.6462646903185406e-18,7.471345571553533e-13,9.216820801614008e-07
6549,Normal,5.256707821395612e-16,0.9999996088213772,8.820526303991115e-19,5.624102178028708e-16,3.911786216679334e-07
6550,Normal,1.165594483131352e-10,0.9999999417815163,6.2795824004097675e-18,8.737739871621856e-16,5.81019234845067e-08
6551,Normal,8.099522531146413e-10,0.9999999748544361,5.668293196297439e-15,1.1793841181710747e-13,2.433548816190205e-08
6552,Normal,2.490764066512822e-12,0.9999998742775436,7.351794109590819e-17,2.6635603901806347e-15,1.2571996299488206e-07
6565,Normal,1.9492463889840902e-10,0.9999903382965374,2.3960605783852824e-13,2.6717930762794746e-15,9.661508295741875e-06
6570,Normal,0.0007457513180582695,0.9991571709595565,7.451008374002028e-12,1.2446913690857345e-17,9.707771493414363e-05
6571,Normal,2.6750395231597784e-12,0.9998203442816546,2.6692635768062313e-13,1.8153543226491115e-15,0.00017965571540171327
6574,Normal,2.496025034292528e-16,0.9951684352737796,6.857150694533427e-14,6.880088087650048e-09,0.004831557846063441
6575,Normal,1.184677020670012e-10,0.9989950463212853,1.2083566250014484e-11,9.345000576089248e-16,0.001004953548162493
6576,Normal,4.533309395013404e-06,0.9995559037807471,1.0307844322943528e-09,5.004459573839156e-13,0.00043956187857297396
6585,Normal,0.00046209048930924575,0.9865222004476816,5.051601848296924e-06,9.005571328924876e-16,0.01301065746116005
6589,Normal,5.577790908998498e-07,0.93756094340439,1.6412960098363263e-06,1.4811143598458438e-14,0.06243685752049435
6591,Normal,2.339810476040512e-17,0.9999999999948499,5.774408148271488e-25,1.2110695598039548e-18,5.150068655088505e-12
6597,Normal,7.349415184381508e-09,0.9999999926503692,1.0653807295164011e-25,3.3278901862847303e-20,2.1557854859159975e-13
6607,Normal,1.288713088516461e-11,0.9999999999621854,2.3146178166135498e-23,6.875524684764021e-17,2.492730860384786e-11
6608,Normal,1.0648901125172734e-10,0.9999999998739046,3.2995605315399173e-21,3.240330482193462e-17,1.9606219952945094e-11
6613,Normal,0.01729600850682455,0.036108494654526924,1.2901494531477349e-11,0.9465954960711002,7.5464688953713e-10
6614,Normal,7.77928738971342e-09,0.9999999921367589,1.0044529149731077e-19,7.522384881435587e-17,8.395358456266167e-11
6615,Normal,1.2641510738811397e-13,0.9999999986952244,3.794975859114253e-21,1.080647935602319e-18,1.3046491815448749e-09
6620,Normal,1.4504203916171227e-12,0.9999999949405315,2.8364256173107733e-20,1.0881274458794632e-17,5.058018089774287e-09
6626,Normal,9.44849157028148e-06,0.999990549514741,2.656408311755704e-18,1.6780670230324597e-16,1.993688626667157e-09
6629,Normal,1.2395347344221744e-11,0.9999999851212276,1.3800202066445932e-18,1.850628227805101e-17,1.4866377196422614e-08
6631,Normal,0.0001396592085273054,0.9998603104888301,5.2824202654797784e-15,2.201313051864737e-12,3.030043602402318e-08
6632,Normal,0.007802716394508412,0.9921969390263233,5.4128767290006e-12,7.43582508599488e-08,2.702155043186792e-07
6638,Normal,3.437481001751993e-06,0.999996009788809,4.564088468632521e-15,4.2133800057278487e-14,5.527301425227841e-07
6641,Normal,0.03339350341211943,0.9666062744801108,8.725933912931114e-14,3.8620372324646455e-20,2.2210768246587106e-07
6642,Normal,2.4831392443163536e-14,0.9999981603987864,7.076642047655036e-17,1.0626768771533606e-15,1.8396011875779487e-06
6643,Normal,1.9480588009033073e-05,0.999979228169702,1.1347129686215065e-14,7.756136771641361e-20,1.2912422776277208e-06
6646,Normal,5.659795159544696e-07,0.9999956858874418,2.566370109184776e-14,5.301954383375305e-16,3.7481330161385734e-06
6652,Normal,0.3207925966865989,0.6791966274395127,7.993060373435049e-08,3.009240894270102e-10,1.0695642360651052e-05
6663,Normal,2.408108259371477e-20,0.9431588613578731,1.1208607510829399e-14,0.00020523186024714956,0.056635906781868584
6665,Normal,1.2611245547920458e-09,0.9959327155583515,4.202594131529705e-09,5.4466545720384753e-14,0.004067278977875335
6672,Normal,0.0004294773061551353,0.9332600987347239,6.504671977173162e-06,4.718280424676196e-17,0.06630391928714383
6680,Normal,7.349301822342793e-05,0.999926506981768,2.3364416772757077e-24,5.0471430430369476e-20,8.644128576026192e-15
6681,Normal,3.2686516082071376e-06,0.9999967313481385,2.6014385373956742e-21,1.7279482724415733e-13,8.060696696643405e-14
6684,Normal,0.0001372437164324298,0.9998627562835557,2.0114478227378039e-22,4.551386547012036e-16,1.1397385817190052e-14
6685,Normal,9.944452304042547e-11,0.9999999999002176,3.9340921589577475e-23,5.602079055123688e-17,3.37753119584854e-13
6686,Normal,2.5575929618201614e-10,0.9999999997433435,1.232293871307917e-21,1.650441572473068e-14,8.805268628452086e-13
6688,Normal,1.3035395693732326e-15,0.9999999999878308,7.194380005330233e-24,1.0003151402749663e-18,1.2167905654368609e-11
6693,Normal,4.663359750830377e-18,0.999999992748005,3.913333868624683e-22,4.4267119813961486e-14,7.251950702352025e-09
6696,Normal,0.0006530016397023885,0.9993469979689262,6.843555042730661e-19,3.3451184263178787e-10,5.685955227804101e-11
6698,Normal,1.5441418673879266e-13,0.9999999999002414,2.264441744908612e-21,4.73360221106655e-17,9.960426302829557e-11
6699,Normal,4.989488670124562e-05,0.9999501051092133,6.077787787650425e-20,5.74215074160676e-17,4.085282410175986e-12
6703,Normal,4.5113485214286524e-14,0.9999999981991036,6.772015039355314e-21,1.9399903009076355e-16,1.8008511376299106e-09
6707,Normal,0.0027840898374443643,0.9972159101189741,3.3743243172398723e-18,3.5088041342489974e-17,4.358137064337993e-11
6713,Normal,5.022064888236503e-11,0.999999999516635,1.6751964224106127e-22,2.4149495246194467e-21,4.3314443502465166e-10
6724,Normal,3.682176695700948e-11,0.9999999554338742,2.855832715740351e-18,4.866757319680149e-17,4.4529304075238435e-08
6727,Normal,5.355288273272699e-09,0.9999999724623659,1.3203921382149108e-16,5.221751545054051e-17,2.2182345646216246e-08
6730,Normal,2.2637608437099737e-10,0.9999997944575998,1.3713473432733265e-17,2.2349481304606465e-17,2.0531602423581783e-07
6733,Normal,3.5162726805464473e-09,0.9999998755820084,4.464133176654159e-14,4.265705917880478e-14,1.209016315722059e-07
6737,Normal,8.439346415674684e-10,0.9999992263798743,1.4132502503597432e-13,2.4894158193328686e-14,7.727760249536254e-07
6741,Normal,8.022410355450063e-06,0.9999088889032696,4.638971908693698e-05,1.3427733506104648e-05,2.327123378179453e-05
6743,Normal,1.4888123690747166e-13,0.9999636516211988,9.34261409409407e-16,1.165891034090411e-16,3.634837865127518e-05
6749,Normal,1.3329109030030777e-20,0.9923777940547133,2.6034985628555717e-16,1.1295288166222385e-08,0.007622194649998406
6751,Normal,8.816843956520529e-09,0.9995055554309725,4.129997729326846e-10,7.693653306801168e-12,0.0004944353314902144
6752,Normal,3.337509476264444e-08,0.9977301022383528,5.943489589405333e-11,3.67891953931757e-15,0.002269864327113866
6753,Normal,1.4875519257531585e-13,0.9966589355230699,1.5014210624847623e-11,5.645553169213818e-13,0.003341064461202535
6756,Normal,1.2341645093433148e-12,0.9964346156973065,1.5468343881623646e-11,2.652929400600325e-12,0.0035653842833382314
6758,Normal,1.3325742010848022e-15,0.9814847256066073,6.143463208959896e-12,2.064479877323425e-10,0.018515274180799984
6763,Normal,3.8983382017752056e-05,0.9999610166144913,5.546658767724616e-21,3.4411155531717195e-12,4.963975107295176e-14
6764,Normal,1.4055567656522969e-18,0.9999999999313381,9.813909893283093e-25,1.1359675600451132e-16,6.866178784717185e-11
6771,Normal,9.875941236053742e-12,0.9999999999887703,1.0996992055447696e-24,7.187502995793572e-18,1.353802225188614e-12
6772,Normal,7.897311338321025e-21,0.9999999610042454,4.1545141947370964e-22,2.384279731359212e-10,3.875732673727918e-08
6780,Normal,1.6789176891125575e-05,0.9999832095205359,2.1518760771989014e-18,9.654541765406846e-10,3.371188422452568e-10
6783,Normal,1.7984702637140858e-09,0.99999549565079,5.742655282105655e-16,4.499950069401605e-06,2.6006698287130246e-09
6786,Normal,0.00018734198642839022,0.9998126580013027,1.7619731519691419e-19,5.583256886841563e-18,1.226899612949994e-11
6787,Normal,2.305758728116921e-05,0.9999769423529399,1.919183068054056e-16,1.7025153919198587e-12,5.8076289818887543e-11
6789,Normal,2.7769374674737754e-07,0.9999997222190896,2.924357569105151e-21,2.796423819877963e-18,8.716370653396682e-11
6791,Normal,2.702999045158014e-24,0.9994306688999265,8.18547992317702e-20,0.0005385336407967283,3.0797459276756766e-05
6793,Normal,7.03144079907232e-17,0.9999999322406748,3.794025814815339e-20,2.34120775132392e-15,6.775932268059731e-08
6794,Normal,8.865007605332624e-13,0.9999999961625592,3.1415328547288673e-20,4.380438682394852e-19,3.8365542639615134e-09
6800,PWF,9.014633234370028e-35,0.0020847426260825167,9.75582730323649e-24,0.9979147203054919,5.370684255782611e-07
6805,Normal,3.4034030371093385e-12,0.99999994002975,3.812447834929387e-18,3.61518912283816e-18,5.996684656999128e-08
6806,Normal,9.234603802788449e-11,0.999999974838256,4.073399534445901e-19,2.3278115693610833e-19,2.5069398105022042e-08
6807,Normal,1.3461494722430353e-12,0.9999998176449914,1.505392337189742e-17,2.242634454742334e-17,1.8235366246985604e-07
6809,Normal,1.5414733347319843e-05,0.9999845517478307,7.905962518774715e-15,2.672196539151051e-18,3.3518814060207106e-08
6810,Normal,1.0614938250931083e-09,0.999999871910556,1.354589670275176e-16,2.424491388645331e-19,1.2702795020169548e-07
6814,Normal,3.227148685407503e-08,0.9999998551177479,3.844443777072945e-17,2.374820375026043e-18,1.1261076524301543e-07
6821,Normal,5.08772876329465e-11,0.999984123383748,3.16759034647196e-14,1.429276634958969e-17,1.5876565343108636e-05
6822,Normal,1.125810981783108e-11,0.9999904162873241,4.01788100268307e-15,4.672766539161036e-16,9.583701413405066e-06
6823,Normal,7.620476316083196e-15,0.9999207610133812,2.7984802060872697e-15,1.524500892673371e-13,7.923898645594459e-05
6833,Normal,4.735354430728383e-07,0.9994038835419482,2.5142655553499778e-11,1.2850638442017878e-17,0.0005956428974661416
6837,Normal,8.526242917900192e-06,0.942463468670641,1.7050997912821795e-05,1.595356197813615e-11,0.05751095407257469
6839,Normal,1.55150213950507e-11,0.9960492918749714,8.631455064393494e-07,2.935188234659794e-10,0.003949844670488328
6840,Normal,1.889883112176405e-10,0.9684692684776047,1.691421575188633e-08,1.3734381562181668e-14,0.031530714419177444
6841,Normal,3.3349738074300583e-16,0.9759359451378214,1.6829671532263354e-12,1.7800841564512937e-13,0.024064054860317288
6846,Normal,2.2548857028818206e-18,0.9999999999994507,1.8870578364580426e-27,9.058700563649055e-19,5.49419729144022e-13
6847,Normal,9.175973815964114e-14,0.999999999945228,3.6848133644148358e-25,5.0626361813156783e-11,4.053839655533635e-12
6850,Normal,1.1006297773826588e-11,0.9999999999889639,6.237573995942041e-26,6.682913585609703e-21,2.9731359807087825e-14
6852,Normal,4.491081045682562e-11,0.9999999999550724,1.1583234619345917e-28,3.92223373531095e-22,1.6781101950490174e-14
6854,Normal,5.7197196635148185e-09,0.9999999942802512,2.5597304944253794e-25,1.5924347272193018e-21,2.912178895408227e-14
6861,Normal,6.517631707682497e-20,0.9999999956934558,3.781222403481078e-23,5.611640034667012e-15,4.306538514543625e-09
6864,Normal,5.0627610659739924e-15,0.9999999999214151,2.780578620960922e-23,1.370180761738716e-20,7.857985204285652e-11
6865,Normal,4.525324894290856e-06,0.9999954668543128,1.688680474032718e-16,7.810671331127421e-09,1.0121383733725824e-11
6866,Normal,3.2801892311259457e-12,0.9999999999663896,1.2338225881407543e-21,2.423223879998547e-18,3.0330326662156576e-11
6867,Normal,3.2243431446653512e-12,0.9999999999894331,1.5247614825703075e-24,3.677427791610298e-19,7.342606743202842e-12
6868,Normal,1.6241660792480703e-07,0.9999998375799692,5.485331736014679e-19,3.729181031849167e-15,3.419105980892291e-12
6870,Normal,3.020929443138669e-08,0.9999999697823898,1.6049243082625919e-21,3.017154396433114e-20,8.315805046434283e-12
6872,Normal,2.112043893941869e-07,0.9999997887865331,1.0495369202804737e-19,2.306149118882501e-18,9.077531755468799e-12
6873,Normal,2.327562563333706e-10,0.9999999996879958,2.682189800656842e-22,9.066218493650431e-23,7.924791457628639e-11
6874,Normal,8.109469759877775e-11,0.9999999997794624,7.784646469284466e-21,9.014210785843365e-20,1.394428813866997e-10
6880,Normal,8.52333162784507e-28,0.9999992816664882,3.4585813813605254e-24,3.874406908828331e-09,7.144591048628421e-07
6882,Normal,1.0959681603047167e-12,0.9999999559287416,1.3535740915702322e-17,2.465678866927125e-16,4.4070162184903423e-08
6885,Normal,4.3661801264969415e-11,0.9999999915941044,2.858200551396746e-18,2.6366897411115126e-19,8.362233821463553e-09
6887,Normal,1.4301987769469847e-12,0.999999988030765,1.0391592278674364e-19,2.0960608004484016e-17,1.1967804807345982e-08
6889,Normal,5.230836132352368e-12,0.9999999881434354,2.5715145864258823e-19,4.357792889536284e-17,1.1851333820857057e-08
6895,Normal,4.487193362615596e-09,0.9999998521257022,1.92842916930716e-13,3.236677982048729e-16,1.4338691118728328e-07
6901,Normal,4.4519517841785395e-14,0.9999634586343342,5.73319112294446e-14,2.8150446319538596e-14,3.654136553573083e-05
6905,Normal,1.0439690631228908e-16,0.9998956837145845,9.520474999575325e-16,1.8026098014636739e-12,0.00010431628361183539
6911,Normal,2.994710125061201e-09,0.9999491739082395,5.8153601671879364e-09,3.136814433787429e-14,5.081728165883528e-05
6912,Normal,1.1399686840835908e-09,0.9998103208723209,4.2792389150695916e-10,2.5038334040738628e-15,0.00018967755978393423
6913,Normal,1.291445432125955e-14,0.9997000661291682,5.3891987807929106e-14,1.2296151811507195e-14,0.00029993387075286424
6923,Normal,3.8440194375234473e-10,0.98968273462177,0.0029240470090725014,2.592408127724706e-08,0.007393192060674203
6931,Normal,7.687270517752957e-23,0.9999999998966913,4.325949473341617e-27,1.5869014515117796e-17,1.0330875321575904e-10
6942,Normal,3.182831785139407e-08,0.9999999674367293,1.6029535234608162e-18,7.324374246531932e-10,2.5154472054145043e-12
6943,Normal,2.6800958404650786e-20,0.9999999995692146,4.0445874378892847e-25,2.8000539030662376e-18,4.3078548994540307e-10
6944,Normal,2.835359334134141e-13,0.9999999999963569,2.2745978765448118e-24,5.3204235151299e-22,3.3595942867993605e-12
6950,Normal,1.2600476423664345e-19,0.9999999888847114,5.985185288985238e-23,7.589699533902592e-16,1.1115287792557963e-08
6952,Normal,2.6089671816882592e-12,0.9999999997992286,3.573682699986493e-19,2.700579485559643e-15,1.9815985174503423e-10
6954,Normal,8.073691188645763e-11,0.9999999998543351,9.338155325141705e-21,2.5416016167322956e-19,6.492808885065727e-11
6956,Normal,5.4865952200614565e-09,0.9999999944669598,2.7568376253293923e-18,3.2751218473089275e-16,4.6444691230283506e-11
6957,Normal,4.282549252332996e-12,0.99999999993751,5.9056111085365156e-24,3.1808626260372044e-22,5.8207407340775756e-11
6970,Normal,9.065865568908684e-15,0.9999999163265818,6.324838873323823e-20,3.031233020022684e-19,8.367340914536544e-08
6976,Normal,7.976658212804501e-10,0.9999999070565704,2.3382645470542343e-15,2.1010923119457093e-13,9.214555150027204e-08
6978,Normal,1.6101240629333797e-26,0.793785987671559,6.129043070988226e-18,0.20501687018249,0.0011971421459510188
6979,Normal,3.0691768644598564e-09,0.9999997980651711,5.6759742207235956e-11,1.6001966374055232e-12,1.9880729211614004e-07
6982,Normal,1.7939812302385916e-15,0.9999989798818809,8.994610030145273e-19,8.047905154507175e-19,1.0201181173284177e-06
6985,Normal,1.7344614810284846e-16,0.9999677401853225,6.534284772391497e-17,3.0695534444041645e-16,3.225981467691111e-05
6986,Normal,2.2784600266029515e-17,0.99998777732271,1.591846794004234e-18,1.920536657730621e-18,1.2222677289936462e-05
6993,Normal,1.768088489264672e-12,0.9997852844697687,4.0373589195387236e-11,1.1976835348741286e-13,0.00021471548796983902
6994,Normal,2.662994331324531e-16,0.9989910784547485,1.0415505453210761e-14,1.510014846883284e-13,0.0010089215450898544
6996,Normal,5.9533451634022e-15,0.9984282375859087,2.687698574972188e-13,5.781541387183062e-12,0.0015717624080350645
7008,Normal,4.66740060140569e-12,0.9999999999952823,3.2786429904308708e-24,1.007146498527447e-15,4.9240905867373664e-14
7015,Normal,2.218979254941781e-10,0.9999999997778493,7.539835332936767e-27,1.7726968043115225e-19,2.5280911861448723e-13
7024,Normal,2.3978838309959284e-14,0.9999999999451884,2.8818853579820076e-23,4.10497604474959e-17,5.478762323292402e-11
7026,Normal,1.3472022365933062e-11,0.9999999999791419,3.513690166047548e-25,3.003706884424772e-20,7.386094221074871e-12
7029,Normal,7.840985280148487e-09,0.9999999920485089,2.840377698174094e-20,1.919199120045167e-13,1.1031397321871307e-10
7030,Normal,9.144059232443695e-10,0.999999999080675,7.898501194761695e-23,8.10876315748905e-22,4.919040615333371e-12
7031,Normal,3.186876658154665e-17,0.9999999951556992,2.952014623559411e-21,4.713351677765267e-16,4.844300417745781e-09
7036,Normal,4.047988889210127e-11,0.9999999998578398,1.871150234945896e-21,6.56498921989747e-21,1.0168028374259782e-10
7038,Normal,2.266058381262536e-11,0.9999999997309433,2.052736426617822e-20,3.0103988695859525e-19,2.4639611332719173e-10
7040,Normal,1.6581745659291033e-13,0.9999999995375974,2.0954628189014975e-23,5.586805940250609e-22,4.622366640891217e-10
7041,Normal,2.2044912979321816e-15,0.999999955019461,5.494578499723124e-19,1.0547549226787028e-15,4.49805356306713e-08
7043,Normal,1.7957059053456354e-14,0.9999999803088756,5.712626707666179e-20,8.27082027184365e-19,1.9691106388455125e-08
7045,Normal,4.872412360412998e-12,0.9999999955349869,5.124329183391341e-21,4.4722311029408644e-21,4.4601407088244845e-09
7050,Normal,3.240230739580537e-10,0.9999999883700372,5.166535577792118e-15,3.568008092932032e-14,1.1305898915513916e-08
7052,Normal,9.986724756983255e-12,0.9999999369727229,3.151184397187764e-17,1.068317233968626e-17,6.301729041567011e-08
7053,Normal,3.6275259006219894e-12,0.9999998989645351,1.161041056106546e-18,1.5470128208849918e-17,1.0103183733453433e-07
7064,Normal,0.003130106938828779,0.9968673277789131,1.537766399336568e-08,2.6337194139434356e-17,2.5499045941786823e-06
7065,Normal,1.4032482582740338e-14,0.9998829463169449,7.005807412010172e-15,1.1141466726621228e-13,0.00011705368292273315
7070,Normal,1.9603801424478488e-10,0.9997941334912099,9.016385246094478e-11,6.6038542376447535e-15,0.00020586622258166048
7071,Normal,6.44886200831442e-07,0.5537219134197673,0.4440042196990487,0.0007820467649693831,0.0014911752300138215
7077,Normal,7.408841351536284e-19,0.9651361214108696,6.674594133652901e-14,3.253507215138424e-09,0.0348638753355565
7078,Normal,5.182385997722451e-12,0.9933364618821368,8.080753771825296e-12,3.06561210191084e-15,0.006663538104597
7084,PWF,1.3792383935922184e-10,0.0037527966310317044,0.9765132213635285,0.013386628162416802,0.006347353705099169
7087,Normal,1.978607616371823e-29,0.7046856610306627,1.052834645966859e-18,0.2884870334730848,0.006827305496252619
7088,TWF,3.5680969763856555e-13,0.9180538638416731,4.36714897325907e-09,4.7213084606678227e-14,0.0819461317907739
7091,Normal,5.605657937184047e-12,0.9999999999943714,4.9653832431273175e-28,1.6138825179819205e-20,2.301197967013637e-14
7092,Normal,2.9338263980351163e-06,0.9999970661736008,3.2442549302232395e-24,5.106820237702572e-17,1.0679424293742557e-15
7095,Normal,5.516085653413177e-09,0.9999999944838851,1.6097574112143154e-23,5.424783430424273e-17,2.909574981371868e-14
7100,Normal,3.1583714718346583e-07,0.9999996841626735,1.1472081833923541e-25,1.586308418012871e-20,1.793276156134697e-13
7101,Normal,1.7485425959883255e-13,0.999999999999426,4.125742432304666e-26,6.913244027670713e-23,3.991342649927167e-13
7103,Normal,3.7096340693827996e-11,0.9999999999596908,5.005196536654119e-24,2.2677528682933034e-17,3.212866293779663e-12
7112,Normal,9.586433797597843e-10,0.9999999990303586,7.91776641945989e-24,3.501945219135475e-21,1.099798773458661e-11
7122,Normal,7.223898706080904e-06,0.9999927757991566,2.6793455865993824e-20,3.358295941694769e-19,3.021372108262286e-10
7130,Normal,5.0187486781029634e-14,0.9999999687805491,1.5244687005104135e-19,1.5339429830088817e-18,3.1219400737128144e-08
7133,Normal,6.9737426777954e-07,0.9999992970490047,7.119363986396584e-15,7.647069310439161e-16,5.5767195704288176e-09
7134,Normal,3.5190938654762325e-11,0.9999999003129195,2.5426706733886296e-17,1.7533112954733028e-15,9.965188779692654e-08
7136,Normal,7.46389302367853e-08,0.9999999104397758,4.8127538765789545e-14,7.582779094131098e-15,1.4921238361642134e-08
7139,Normal,0.0013988190267071883,0.9986011385257355,3.236049736889875e-12,2.0007680317781685e-17,4.244432127340879e-08
7141,Normal,1.7206261288326842e-05,0.9999826386948399,3.389860674318851e-13,9.760302134223592e-18,1.5504353275752988e-07
7143,Normal,1.5327237513426492e-09,0.9999984637601871,7.914860771865197e-17,1.207934875696818e-18,1.5347070891034995e-06
7148,Normal,3.736251540071583e-09,0.9999912652759011,3.75608622887149e-13,4.941905028590754e-18,8.730987471818046e-06
7162,Normal,7.874176742865082e-09,0.9985098719192975,2.531396357336675e-08,5.430367767194675e-16,0.0014900948925616734
7170,Normal,1.814630912334505e-10,0.9999999969347793,3.762447493041167e-22,2.8832982788027884e-09,4.59445411861047e-13
7172,Normal,4.5863905796334934e-11,0.9999999999524009,3.1186800184220843e-25,1.2339047241369046e-12,5.014043923044042e-13
7174,Normal,1.0475482727594148e-17,0.9999999999996362,1.1509294222252934e-26,1.914348169766723e-20,3.6383375329035203e-13
7177,Normal,9.731858288006279e-17,0.9999999999996492,1.0958099047155768e-26,3.292450354512885e-21,3.507644966189621e-13
7178,Normal,5.71179531556864e-09,0.9999999942881699,7.994884058701949e-23,3.750702945598024e-15,3.094817126280493e-14
7182,Normal,8.57346119032562e-08,0.9999999142653727,1.9908479436552904e-22,1.2484094908969179e-15,1.426096276388878e-14
7183,Normal,8.321414464736747e-25,0.9999999825172508,1.7433062267363426e-24,1.0792907694548061e-09,1.6403458534687323e-08
7189,Normal,1.7096130323559806e-06,0.9999982903831359,5.821892361691666e-19,3.5172477677624638e-12,3.1433158184121935e-13
7195,Normal,8.359849320646331e-08,0.9999999163988676,1.8108788562012238e-18,3.586927705781539e-13,2.2804608421782018e-12
7196,Normal,1.5146475132088416e-10,0.999999999774708,2.3519402527375236e-21,5.635116172310166e-14,7.377087245653991e-11
7199,Normal,1.0730225230047884e-13,0.9999999999512065,1.7884299552521863e-24,1.7021547253896247e-22,4.86862463136229e-11
7200,Normal,1.0608603702867368e-11,0.9999999999710574,7.199576190124657e-22,2.1477102160171786e-19,1.8333904629208993e-11
7203,Normal,3.0444988225623852e-05,0.9996089640954745,5.3271544293709045e-12,0.0003605871368264303,3.774146246955949e-09
7205,Normal,1.734372097508054e-12,0.9999999999005627,8.373558640072138e-21,1.5318963624479834e-18,9.770285008181663e-11
7206,Normal,1.010480229593391e-11,0.9999999999614568,2.0719123184627715e-22,5.1716045835626955e-22,2.8438329975798915e-11
7213,Normal,2.4167108840166623e-16,0.9999998463827257,6.590158253350492e-20,4.7870982000761485e-17,1.5361727402877014e-07
7222,Normal,2.2711464849375814e-10,0.9999992860730685,3.0970763696669615e-16,2.2435479763372175e-14,7.136997939387335e-07
7225,Normal,5.113920513002337e-14,0.9999982831571025,1.8579674433816497e-17,1.8635874011510554e-19,1.7168428463130532e-06
7227,Normal,1.0895873237789034e-07,0.999999552282381,7.999768842136025e-10,3.1023704355728197e-13,3.379585996096024e-07
7231,Normal,2.5044335155962312e-12,0.9999940654040659,8.434755690735905e-14,1.2500813846676117e-16,5.934593345159079e-06
7232,Normal,1.4059910409767836e-12,0.9999854351906107,3.813254801151982e-14,1.7014136797261103e-17,1.456480794520757e-05
7233,Normal,5.5867437530163716e-14,0.9999027866201864,2.9926979699034664e-13,6.853585866699605e-10,9.721269409985286e-05
7238,Normal,1.9453884832058688e-14,0.9997383726495878,5.289718124488912e-14,1.3062215183250732e-14,0.00026162735032688394
7239,Normal,1.2441962833874012e-14,0.9994876212169949,1.3252608040822474e-11,1.1052047779027927e-11,0.0005123787586880842
7241,Normal,2.172744164285683e-09,0.999477808127323,7.614255437175367e-07,3.3742922520004526e-08,0.0005213945314665321
7246,Normal,6.442736967814422e-10,0.9877377420372112,4.294240454812836e-10,7.703810804678271e-19,0.012262256889090896
7247,Normal,6.2811385382137274e-15,0.9936318447447066,1.66386806920179e-11,4.093011143067738e-15,0.0063681552386444145
7249,Normal,7.606147599149133e-16,0.9662153351157582,2.25162735104596e-11,2.0158439399875994e-12,0.033784664859708984
7254,Normal,6.802415294400323e-11,0.9322618824109573,2.2438257338254197e-06,1.3081752512452065e-13,0.06773587369515403
7255,Normal,4.987089851174859e-10,0.8205927762044534,1.2494156228399744e-06,3.068185822447743e-15,0.1794059738812117
7257,Normal,5.7191696079401725e-12,0.9999999999942781,5.029562703818929e-31,6.575392986642139e-24,2.6480273365560903e-15
7258,Normal,2.3650696692802993e-13,0.9999999999997524,5.0177131855323543e-26,2.5012255954282084e-18,1.107970575732971e-14
7260,Normal,3.009132098245085e-14,0.9999999999998836,2.6703302219765195e-27,1.1318555720330333e-17,8.635070214877338e-14
7263,Normal,6.383833575206203e-16,0.9999999999998804,1.25167015060136e-28,1.1149581893606758e-21,1.1894710413796506e-13
7267,Normal,1.2846948408341228e-14,0.9999999999997708,1.2412464468941575e-26,9.932084610051012e-23,2.163721522533813e-13
7268,Normal,1.3649868051677392e-17,0.9999999999953005,5.242275027668613e-26,1.5657740081431832e-21,4.699483189202283e-12
7271,Normal,1.372145538986038e-19,0.999999999930249,1.0698346623139492e-24,1.2614917755538388e-17,6.975100232908082e-11
7272,Normal,5.3660140260911776e-09,0.9999999946339153,2.984657486849716e-26,1.3201811376589055e-19,7.056078146162421e-14
7292,Normal,1.3858553052423861e-09,0.9999999985544312,6.801704574424612e-19,7.170250291905206e-18,5.97135623656934e-11
7295,Normal,2.6871057286203707e-18,0.9999999434766247,7.424733247655952e-21,1.2183828617221978e-16,5.652337520336616e-08
7298,Normal,5.351808471832041e-12,0.9999999983466615,1.9795598998872127e-19,3.8911579498451677e-20,1.6479866729657745e-09
7299,Normal,8.780003666190894e-13,0.9999999955584105,6.434822193864785e-20,6.438624812157913e-21,4.4407115917717885e-09
7307,Normal,3.413883896588766e-08,0.9999999575669258,3.799338106480371e-16,8.709332006870073e-21,8.294234859689217e-09
7315,Normal,5.561299746529161e-07,0.9999993618666663,1.0944948431754251e-10,1.0482706776413431e-16,8.189390946941751e-08
7319,Normal,1.9786159212290766e-14,0.9999906391385295,3.3465062047924775e-16,2.567961892620918e-15,9.360861447917162e-06
7320,Normal,1.8701645737820253e-14,0.9999578140014181,3.086969659600885e-14,7.415282823462089e-16,4.218599853159134e-05
7321,Normal,4.750010785276955e-11,0.9998734560989075,1.730432224528908e-12,1.888394066921771e-14,0.0001265438518430859
7324,Normal,7.14757897547687e-11,0.9999681118701831,6.042318780623373e-09,3.0849546798669476e-13,3.188201571379798e-05
7325,Normal,6.37350813800319e-18,0.9972178991518694,7.606207560167358e-15,6.561421659262945e-11,0.002782100782508738
7331,Normal,1.3559868315621005e-13,0.9977511344483433,6.56636366306859e-13,5.12049621042498e-17,0.0022488655508645593
7339,Normal,5.333929122302298e-11,0.928709012318212,1.5380781853334554e-06,6.511401486693127e-15,0.07128944955025682
7342,Normal,2.2294958521762422e-14,0.9999999999999761,5.30857517569562e-29,8.24814979285266e-23,1.6074413712864522e-15
7344,Normal,3.0841132858326686e-12,0.9999999999968912,1.0161829339293944e-24,7.294395550181353e-15,1.746879959735661e-14
7346,Normal,7.620624947968593e-09,0.9996616544599412,2.1496223779657802e-19,0.0003383379137901995,5.64372245841536e-12
7347,Normal,2.353844873656885e-12,0.9999999999976252,1.2360619278573718e-24,8.350294230085528e-16,1.9903360618702245e-14
7349,Normal,4.563616885202357e-16,0.9999999999999882,1.6574068312354635e-31,1.1864440171496563e-24,1.1318162824018226e-14
7351,Normal,1.004861784172884e-12,0.9999999999989846,2.1714144910858908e-27,7.418709895489597e-23,1.0534345908917608e-14
7355,Normal,1.5661417885272612e-13,0.9999999999994678,2.772450660132102e-26,2.4109550031546027e-17,3.754958611803681e-13
7358,Normal,7.476092243145749e-13,0.9999999999990863,2.2837530299218473e-24,4.0215608417005225e-19,1.6609157428747695e-13
7371,Normal,2.9644116054344114e-13,0.9999999999224453,3.774017183692369e-23,9.385936145377193e-18,7.725836442025067e-11
7372,Normal,3.2763420942795233e-13,0.9999999999620339,1.6151127421041998e-20,5.260092193209906e-17,3.763846672141074e-11
7373,Normal,1.7252592820107507e-12,0.9999999999821736,7.3892129778813195e-22,4.483173827042707e-20,1.6101111689912213e-11
7374,Normal,3.5279364661331755e-14,0.9999999999023437,4.153741827714687e-22,3.496304093999698e-20,9.762098208271414e-11
7378,Normal,8.702216060326448e-10,0.9999999991098687,6.953732285743125e-17,5.963012837599846e-15,1.9903656723010815e-11
7382,Normal,9.731683190474425e-13,0.9999999995489603,2.599584691893823e-19,1.249259242702907e-18,4.50066396582579e-10
7385,Normal,6.5241157935481835e-15,0.99999998886574,2.5233190405476744e-19,1.0104540057942528e-17,1.1134253430744194e-08
7387,Normal,1.1662581242074692e-16,0.9999999865009654,3.2779615935171634e-22,1.1001938953645993e-21,1.3499034368257272e-08
7395,Normal,4.778143167049627e-12,0.9999998141756291,5.2279991854016476e-17,2.4404209028474753e-21,1.8581959268784592e-07
7396,Normal,8.975839945498554e-16,0.9999989123900096,2.9481559199770066e-18,4.877387775649113e-17,1.0876099895686326e-06
7397,Normal,3.492997662348916e-14,0.9999968511193142,2.3304523015143225e-15,1.4311177927320822e-16,3.1488806483903582e-06
7405,Normal,5.724134371269783e-13,0.999964141265141,1.669666188823178e-14,1.9661421511970768e-19,3.5858734269898344e-05
7406,Normal,1.0207091538542118e-14,0.9999874088117553,8.293487978745013e-17,3.6292185626660266e-19,1.259118823448022e-05
7407,Normal,6.594820322932789e-13,0.9999424332158844,9.919003318874779e-11,6.130676232759892e-14,5.7566684204824786e-05
7411,Normal,1.071930941818062e-15,0.997156200683341,1.600184465480347e-12,1.3294865062461911e-13,0.0028437993149248862
7413,Normal,8.385222136772294e-14,0.9986312765106741,7.088630903517265e-11,3.6600126341680844e-14,0.0013687234183192528
7416,Normal,3.5306391053851994e-11,0.9982775969398222,4.377255370877544e-09,1.0881227187387802e-15,0.0017223986476149276
7418,Normal,3.067051514703082e-14,0.99892681943951,5.973119313532767e-12,6.289457975289764e-15,0.0010731805544798854
7421,Normal,9.18565806351585e-13,0.9938075346213111,5.482393174207302e-07,3.3583787369256157e-12,0.0061919171350945925
7422,Normal,6.018881341139661e-13,0.9964752336321143,3.370830369923914e-09,6.854355589413688e-15,0.003524762996446583
7427,TWF,5.14455880144475e-17,0.9103707769902916,1.5194010921804132e-11,1.3008804948392045e-12,0.08962922299321358
7435,Normal,1.3717950599205607e-15,0.9999999999999726,3.907796969784349e-27,2.702820559117348e-21,2.612552347617344e-14
7437,Normal,4.600451796640115e-15,0.9999999999999548,3.594091601106217e-26,1.139883428533951e-19,4.0609204315107076e-14
7438,Normal,1.8924098609412362e-20,0.9999999999944449,1.822249240502679e-25,4.169395214235024e-18,5.555137655904011e-12
7444,Normal,7.059950321625715e-21,0.9999999999967915,2.295380874504526e-29,1.0179439703619356e-21,3.2086192964398442e-12
7455,Normal,2.2847722552370036e-13,0.9999999999845068,2.5459427367497465e-20,8.511514150252106e-16,1.526377779207813e-11
7456,Normal,6.844216940410576e-20,0.999999999330311,4.043440206285056e-24,5.510708156819217e-16,6.696884906517585e-10
7457,Normal,5.268865855195514e-16,0.999999999946416,7.384302446313674e-24,2.182622448862157e-15,5.358133544454683e-11
7460,Normal,2.2158258415805117e-16,0.9999999994135214,1.5532741956499425e-22,5.08458712834313e-21,5.864783920387657e-10
7464,Normal,3.7409039666906053e-17,0.9999999968589453,2.1341649634934036e-23,1.2004411953329362e-16,3.1410546384173553e-09
7466,Normal,1.0808789489681569e-14,0.9999999979140107,2.4346064590351854e-20,2.701460608751308e-13,2.0857084099787948e-09
7467,Normal,1.2881885570787517e-22,0.9999999913703105,1.9733299679019493e-25,6.070212844743548e-20,8.629689537546896e-09
7468,Normal,9.710466175246396e-16,0.9999999991000941,3.952539811549233e-24,8.223644189609841e-23,8.999049092255741e-10
7472,Normal,1.0680730112243803e-11,0.9999999957442459,2.0220601707452957e-13,1.975796703805183e-12,4.242895459623793e-09
7479,Normal,2.481088912707972e-12,0.9999998432503484,2.1923612336791576e-16,2.0391609652969023e-19,1.567471702230935e-07
7481,Normal,8.563441043639818e-17,0.9999992680319141,3.408936842792944e-19,4.454871309169751e-18,7.319680857914217e-07
7484,Normal,5.387955448926369e-15,0.999967613742742,1.0595443784878613e-14,3.717901771238535e-16,3.238625724164123e-05
7490,Normal,6.858993782997382e-19,0.999608048268386,2.368749743599373e-16,1.834716963489422e-12,0.0003919517297789252
7496,Normal,9.845646642468898e-14,0.9985967966993017,2.5117931984416757e-10,1.0925651872331679e-13,0.0014032030493113356
7497,Normal,1.5008492961286501e-12,0.999855925979563,2.3951163834917328e-08,5.575169583699828e-13,0.00014405006721493065
7501,Normal,4.640656164741602e-12,0.9972603508687435,0.0015868330431100918,1.0854018032876467e-08,0.0011528052294877448
7505,Normal,1.7060045723655968e-13,0.9876172036613444,8.658723990582191e-06,2.4038995599903507e-08,0.01237411357549884
7509,Normal,6.721948193687162e-18,0.9685275495047059,7.601484202416384e-13,3.683278736001321e-12,0.03147245049085076
7512,Normal,8.188042533251988e-18,0.9999999999999463,1.4282190787976017e-26,1.932174413779811e-18,5.3819802556255336e-14
7513,Normal,6.730971305468666e-22,0.9999999999997582,9.334194958290984e-30,6.139556130147485e-19,2.4185444626195407e-13
7515,Normal,1.3416214683037126e-18,0.999999999999814,1.482427126439012e-26,6.05728247083062e-20,1.859881960282527e-13
7516,Normal,1.5678423144699506e-15,0.9999999993845431,1.3072308946126608e-26,6.140922292100468e-10,1.3631755345069935e-12
7520,Normal,5.809785228472642e-24,0.9999999991929779,1.0042348581286146e-24,6.416176875481582e-12,8.006059421455708e-10
7524,Normal,2.526496586924385e-16,0.9999999999999953,3.6373917791483407e-31,2.225374243229495e-22,4.467717570055945e-15
7526,Normal,2.48482921522988e-15,0.9999999999997647,3.9666601503442817e-29,3.9784682462391475e-20,2.3278231744285487e-13
7530,Normal,3.093471576438234e-14,0.9999999999996505,1.258112362656506e-26,9.65335965242291e-25,3.185807447270106e-13
7537,PWF,1.0009913388494643e-33,0.006254830104808204,1.031554816335386e-23,0.9937450258432949,1.4405189688347235e-07
7542,Normal,2.734967796239229e-17,0.9999999997774984,8.904332256134945e-24,8.550100744675521e-18,2.2250153987142037e-10
7549,Normal,2.2275735906157334e-13,0.9999999989184232,2.95366653016236e-18,8.339426925527794e-17,1.0813539135765741e-09
7555,Normal,7.987871097927147e-14,0.9999999977213726,5.668332962614974e-20,4.2281893611079704e-16,2.2785471235035195e-09
7556,Normal,1.2621227273825306e-09,0.9999800300356573,7.470573427485391e-10,1.9763334137894928e-05,2.0462102482082225e-07
7560,Normal,7.761591572716106e-13,0.9999996913681843,5.754743574032341e-15,1.4999082976025453e-09,3.0713112545402975e-07
7561,Normal,4.576213934110825e-13,0.9999998270747618,1.2730551181219333e-15,1.7290153090584103e-11,1.7290748922588519e-07
7564,Normal,1.0486942048084942e-19,0.9999728172371334,9.577694928003382e-19,8.677709396197224e-13,2.7182761998814516e-05
7566,Normal,5.300744323166392e-19,0.9999739974966695,3.0473263898714733e-18,1.6507599694757945e-13,2.6002503165497612e-05
7568,Normal,2.376826735202197e-28,0.441513300092107,3.5999041139690966e-19,0.5576691389012379,0.0008175610066551444
7569,Normal,1.459808251092364e-13,0.999987198205508,2.3111842916512567e-14,1.082401537049939e-15,1.2801794321787556e-05
7570,PWF,3.52514170310833e-13,4.092065782384847e-05,2.2855201352385741e-07,0.999958492715402,3.5807440796881667e-07
7575,Normal,2.7645516965153816e-10,0.9999539494746382,1.1393003020545013e-12,3.037412148606599e-18,4.605024776719914e-05
7579,Normal,2.8952661022564015e-14,0.9996095691415624,5.425169714202415e-13,1.3715707450371912e-15,0.0003904308578646171
7586,Normal,2.2050603512843707e-09,0.9989561663858109,0.0003362066754631507,1.7415379706246046e-10,0.000707624559511839
7592,OSF,1.919880476708238e-10,0.9313743868085766,0.01016166778561829,0.0005379952864487269,0.05792594992736824
7599,Normal,6.356893520992044e-13,0.9999999999993365,2.9811884418310465e-25,5.6342341751137866e-18,2.7811058469804126e-14
7610,Normal,7.254692539240385e-13,0.9999999999986202,1.7925050141212486e-23,2.1668361843131844e-18,6.543189290011904e-13
7612,Normal,3.271662966390495e-16,0.9999999999824574,5.0010740805397106e-24,3.311541393095339e-20,1.7542265653990564e-11
7616,Normal,9.56691591842752e-12,0.9999999999868515,5.708909597255694e-21,9.034143721805196e-16,3.5807231015201923e-12
7617,Normal,9.641595233360226e-15,0.9999999999963234,4.411710967650173e-26,2.307524440412157e-20,3.666857748601661e-12
7622,Normal,3.903749821979735e-13,0.9999999999681127,1.4485399641464286e-22,6.226618355427636e-21,3.149694971366305e-11
7626,Normal,1.1706832544960894e-14,0.9999999991527326,1.857849908812341e-21,5.270624144148171e-20,8.472557350378053e-10
7629,Normal,1.2439030767966909e-15,0.9999999921777191,2.789033593163128e-20,3.3836481325604356e-18,7.822279613532667e-09
7633,Normal,4.457107260549216e-17,0.9999998658409821,2.170760473916669e-19,5.142778909566962e-16,1.3415901736525213e-07
7640,Normal,8.425833843107754e-12,0.9999999939647828,7.160553581051314e-18,5.862714519421693e-19,6.0267914034624e-09
7646,Normal,1.0772650248187602e-14,0.9999982877822267,9.063740878484628e-17,5.946482386273806e-17,1.712217762364892e-06
7649,Normal,4.823881703367288e-13,0.9999990872409117,6.8932087595228064e-18,5.113586813746819e-22,9.127586059040348e-07
7650,Normal,1.488138130665903e-18,0.999999596381187,7.289933469714345e-21,8.315783952977384e-20,4.036188130707881e-07
7651,Normal,2.5639185004165806e-10,0.9999982614701548,1.6141782295461371e-07,4.587050116883073e-08,1.5309851292140016e-06
7663,Normal,9.312611200787137e-17,0.9998336936741449,1.7349610310975705e-15,6.760753418119165e-15,0.0001663063258465275
7665,Normal,2.7584822699973573e-14,0.9990727166152278,1.795313512669039e-11,2.3722366760203952e-12,0.0009272833644194101
7668,Normal,1.8724360678716194e-12,0.9995066143625299,2.8007453106302133e-07,1.931466569830194e-10,0.0004931053679200914
7671,Normal,1.7937498292552798e-11,0.995901456405485,1.4056799172478103e-08,2.6365645471113883e-14,0.00409852951975209
7672,Normal,2.8623837424736746e-14,0.9960077127501751,6.351106997679873e-08,7.31276384054913e-08,0.003992150611087952
7675,Normal,2.6696672625652365e-12,0.9929384269059806,0.0005797553620490637,7.288668242014833e-08,0.00648174484261841
7679,Normal,2.991180513144377e-13,0.9819578997543215,9.541198313408957e-06,5.240462104851746e-09,0.018032553806604002
7680,Normal,2.211124744440426e-13,0.9522652209438205,3.594962245621406e-08,6.567303921447181e-13,0.047734743105679205
7682,Normal,2.0754342979753854e-10,0.9391013668603216,0.0004992133249387483,6.32164209746128e-12,0.06039941960087458
7683,Normal,1.7111767406362934e-12,0.9291681722098071,1.6900667215346924e-05,5.808014027631094e-10,0.07081492654046496
7687,Normal,1.2944729234902638e-12,0.8369697009282512,9.328631672268094e-09,6.109218465725681e-15,0.16303028974181655
7688,TWF,5.066934422372599e-23,0.7546584167962624,3.555875250480559e-14,3.756799868838322e-05,0.24530401520501363
7692,Normal,8.721573307539479e-14,0.9999999998743916,5.256597907222062e-26,1.2448841310241696e-10,1.032752050061111e-12
7693,Normal,1.8674237002847144e-18,0.9999999999999887,1.3516701653046403e-32,6.458423048496643e-26,1.1415594847494484e-14
7695,Normal,5.258439376257377e-18,0.9999999999999698,8.853963556401166e-32,1.672059137241682e-25,3.026766416108955e-14
7697,Normal,3.70879924649641e-11,0.9999999999300357,4.633300937712233e-25,2.3926678339590732e-11,8.949601434653266e-12
7698,Normal,5.331612512780714e-11,0.9999999999466498,1.665350648638098e-24,5.7533946867107835e-19,3.409357664321984e-14
7704,Normal,5.709031549501496e-24,0.9999999997534623,4.199911359716182e-28,7.199999153741022e-19,2.465377598453191e-10
7706,Normal,2.3085222773496927e-10,0.999999999768929,6.041687839210542e-22,4.411510147647651e-18,2.1882457361308157e-13
7707,Normal,1.0050969154590042e-17,0.9999999991186941,1.131164807323027e-21,3.0057704563797497e-16,8.813055160437121e-10
7709,Normal,3.1332108318778626e-17,0.9999999978820866,8.101408681364312e-21,2.2039238264556162e-15,2.11791114515106e-09
7710,Normal,5.491193335033384e-12,0.9999999999868762,2.278534230098756e-22,2.2271599409576612e-20,7.632700459179637e-12
7713,Normal,2.9630436128627134e-13,0.9999999999090909,4.1220539409063807e-22,5.5035304249853695e-21,9.061269042008568e-11
7717,Normal,1.5928178930514322e-13,0.9999999999558364,2.3037741009250262e-23,1.3206081068853574e-17,4.4004245384450896e-11
7718,Normal,9.812501136123517e-11,0.999999999809845,1.664747666787733e-16,3.7591794084664154e-13,9.165396593726685e-11
7721,Normal,2.694497923506989e-15,0.9999999993698835,4.7618930515555404e-24,4.353648688169657e-22,6.301138596870126e-10
7722,Normal,1.1778476929437445e-11,0.9999999991779973,3.0878782052390277e-19,2.4385079233823988e-20,8.102242140568406e-10
7724,Normal,4.623165630164419e-16,0.9999989837461903,2.583924118890655e-17,9.12829144720289e-14,1.0162537179755245e-06
7725,Normal,5.4825823831514445e-15,0.999999997647856,2.8984741307353736e-22,4.2613184045235156e-20,2.3521385412264485e-09
7726,Normal,2.2015290538813742e-16,0.9999986023117259,9.81082433750367e-18,5.913125274133056e-15,1.3976882679819379e-06
7727,Normal,1.1089061455507592e-19,0.9999940024530425,3.630017865387622e-19,6.745719696911256e-12,5.9975402118400805e-06
7728,Normal,1.2688796639391524e-18,0.9999995944930783,2.263945339297776e-20,2.189329038352345e-16,4.0550692145502667e-07
7734,Normal,1.2020171071097667e-12,0.9999995293141335,7.576061116749363e-15,6.770592054437013e-17,4.706846568093376e-07
7740,Normal,1.5113729061755197e-13,0.999984900679022,6.961623286157389e-15,3.169048788659487e-18,1.5099320819788826e-05
7741,Normal,2.1451700952000243e-12,0.9999974906833062,1.3973959405949638e-11,1.9839238332147845e-14,2.509300554695028e-06
7753,Normal,1.1279987276205431e-19,0.9961506731010857,1.7280492258043298e-15,3.81198864679194e-11,0.003849326860792681
7755,Normal,2.5590025858245904e-14,0.9996833349348897,1.752126305484883e-13,1.661797139779347e-16,0.0003166650649094832
7759,Normal,1.5256182989585028e-14,0.9779206702670682,1.2177132155246603e-09,3.596008821698068e-12,0.022079328511607325
7761,Normal,1.0378600035626774e-13,0.9966039929850472,6.470320721757308e-13,1.9766688812552352e-18,0.003396007014201933
7763,Normal,2.174667845091266e-16,0.9999999999999991,4.5157493895959955e-32,8.568776397878233e-22,6.264408258599236e-16
7764,PWF,1.2908863257049541e-15,7.264962468532964e-08,9.340639032079513e-23,0.9999999273503741,8.259918907311261e-17
7766,Normal,6.341749104181766e-15,0.9999999998253225,1.0530203589565193e-26,1.5636130952048597e-10,1.830987909314957e-11
7768,Normal,9.723616524230918e-14,0.9999999999997875,7.777001498098308e-29,1.0710313658065387e-16,1.1521373582916255e-13
7770,Normal,9.069242883883587e-16,0.999999999999705,6.134913584780899e-25,2.0922332518586544e-18,2.940854327634542e-13
7776,Normal,3.659719655137406e-18,0.9999999999725363,2.657115823041532e-23,1.549602900519358e-17,2.746371907353764e-11
7785,Normal,1.7267041048121467e-10,0.9940048386385769,1.4156364535603002e-14,0.005995154642460592,6.5462778070671784e-09
7786,Normal,1.3900869515428728e-12,0.9999999999982088,1.267507216639525e-24,5.125848942567184e-23,4.0113230187150406e-13
7798,Normal,4.921198712050972e-14,0.9999999997290281,2.4027556905045977e-21,1.3613102334414795e-21,2.709228010176885e-10
7806,Normal,9.13495545488895e-17,0.9999997681907252,1.6324608644948406e-18,1.2153015990844029e-16,2.3180927452501563e-07
7807,Normal,1.7391223374334155e-12,0.9999999997168789,2.0793802698878734e-17,7.988285019111951e-19,2.8138192307457e-10
7810,Normal,1.2911485521381618e-17,0.9999999747771826,4.603801598408388e-22,8.806584639824565e-21,2.5222817335969886e-08
7811,Normal,1.1993140117472796e-23,0.9948469664035507,1.1072265429295067e-16,0.0038345840839349716,0.0013184495125141498
7814,Normal,5.77399706035225e-13,0.9999999479777808,2.44871529014245e-16,4.593436590722987e-19,5.2021641591303664e-08
7816,Normal,2.9720759147136665e-19,0.9999968845234266,1.6541557286350902e-19,3.2109261217182275e-16,3.1154765730553893e-06
7818,Normal,2.2516832521542296e-21,0.9999955421346388,5.674351637068678e-21,4.085952495706431e-17,4.457865361185488e-06
7819,Normal,1.9280103302137332e-22,0.9946507793270281,2.593162895399829e-16,7.993898313708118e-06,0.005341226774657892
7828,Normal,9.28844932009923e-15,0.9999851540345646,5.29326708486185e-15,1.7980525369024428e-16,1.4845965420593465e-05
7829,Normal,1.107889097256297e-15,0.9999403208453649,1.5521771568941787e-15,5.895983433835525e-17,5.967915463225756e-05
7830,Normal,8.38924850491194e-15,0.9993581145598873,7.143116191847184e-13,1.8071590749343042e-16,0.0006418854393896425
7834,Normal,8.031048256606032e-14,0.998056056636547,1.7857613180162074e-08,2.7941436890531763e-11,0.0019439254778182379
7836,Normal,2.765982423120294e-12,0.9952575039507332,1.2190931271213696e-09,1.2421880846063532e-15,0.004742494827406517
7839,Normal,1.0787882893338816e-10,0.9984069376976696,0.00011362285387052526,3.881425292321394e-12,0.0014794393366995913
7841,Normal,3.5628508756460544e-13,0.9833410997001003,1.3368900888178912e-09,2.514888737757881e-15,0.0166588989626508
7844,Normal,6.667553693200295e-15,0.9907287052203998,2.5743188925026717e-08,6.19240670273291e-12,0.00927126903021222
7849,Normal,3.623735868655011e-15,0.9519810081153397,9.249052954156459e-11,5.3597139557288575e-15,0.04801899179216083
7853,Normal,1.1529726477479155e-15,0.9999999999999901,1.2348511851198033e-27,4.526035961288152e-21,8.795549294512257e-15
7857,Normal,1.4446478993394965e-13,0.9999999999998469,9.799983198531262e-27,2.2725556743104648e-20,8.68171937790619e-15
7859,Normal,3.2872290407483396e-12,0.9999999999966891,3.878220559887557e-24,4.1486496475126294e-15,1.95909010935119e-14
7860,Normal,1.7979077611028484e-16,0.9999999999999951,5.310291352514885e-31,7.277498842017024e-22,4.699027860173494e-15
7862,Normal,3.9663706531608786e-15,0.9999999999995492,3.416660564048025e-24,4.681256875671865e-17,4.466482409763301e-13
7868,Normal,3.0043635163239554e-14,0.9999999999995375,1.3944806746485463e-25,2.266903805974723e-22,4.324128302044386e-13
7874,Normal,7.786236866553326e-15,0.9999999999855194,2.317480364770384e-23,3.194318929308775e-21,1.4472956444410264e-11
7878,Normal,1.1721859156538684e-12,0.9999999963619773,1.1753670998241147e-16,2.8220521336447294e-09,8.147982637942483e-10
7882,Normal,2.8350550562577867e-14,0.9999999991189126,2.6235150628703403e-20,1.7831515999701813e-19,8.810590802040221e-10
7886,Normal,2.080891927441347e-15,0.9999999468578734,8.53601362406516e-18,5.048327955721618e-16,5.314212383652798e-08
7895,Normal,1.65812490671492e-19,0.9999998067235998,5.143354098488509e-21,9.491000334635415e-17,1.932764002045333e-07
7899,Normal,5.133525854544949e-13,0.9999999307850965,4.717583371574345e-14,6.7556896424414425e-15,6.921433604172068e-08
7903,Normal,1.2554361638266489e-16,0.9999998153204829,3.060493701291268e-18,1.6308715641982189e-15,1.846795153934693e-07
7907,Normal,1.3797636730327063e-11,0.9999993424682708,1.9317314487275462e-10,9.007731653791487e-13,6.573238576335549e-07
7920,Normal,1.6386489692201998e-11,0.9997580851106854,7.719633931935896e-10,2.4616081393182685e-14,0.00024191410094008604
7921,Normal,3.196228539323082e-10,0.9999144569344541,1.2858471077624058e-06,3.645229262811029e-12,8.425689516991748e-05
7922,Normal,1.1819375555934045e-10,0.9998652062571608,7.118475657913589e-07,5.701232390388956e-12,0.00013408177137840178
7926,Normal,3.038693320069585e-17,0.9967127312306717,5.261828016191856e-14,2.140901643239339e-13,0.003287268769061637
7928,Normal,2.950512254555551e-11,0.996858650694509,4.924821366440393e-07,6.243655298918045e-13,0.0031408567932248227
7930,Normal,4.1232203489413397e-16,0.9925411076925948,8.413307321117596e-13,9.44858380733517e-14,0.0074588923064689535
7931,Normal,3.3324603545998447e-11,0.9913900333074092,0.001653566246084704,4.699580916896901e-09,0.0069563957136006705
7932,Normal,1.3012957631718135e-10,0.9739721383151076,6.240775060662326e-07,5.608870595904036e-14,0.026027237477200486
7937,Normal,1.8205492118107484e-11,0.9499422401063552,0.01114297501985705,2.5635608433156767e-08,0.03891475921997396
7942,Normal,2.020269242917183e-17,0.9999999999999889,2.8562648218584414e-30,6.159936089052794e-21,1.1123049284014905e-14
7952,Normal,3.0027972341150277e-23,0.9999999990657262,1.1153281379080156e-25,1.1329264323125635e-14,9.342624696087062e-10
7953,Normal,4.4191782966014934e-16,0.9999999999997422,1.1548253520189366e-27,2.1189347570210298e-19,2.5731391036519626e-13
7954,Normal,7.296598307588814e-12,0.9999999999924196,1.1860881817416139e-25,4.6427933894345186e-23,2.838091699302388e-13
7956,Normal,1.5328728689711728e-12,0.99999999998922,4.075856797068027e-24,5.106916396577301e-12,4.140296486636748e-12
7963,Normal,1.4317907656442835e-11,0.9999999999816307,2.502068720374484e-21,5.298898488821375e-18,4.051447281419175e-12
7965,Normal,6.686680016964815e-12,0.9999999999784768,1.6867579692698552e-22,2.1136165679770315e-21,1.4836618505563e-11
7971,Normal,6.137903258034678e-14,0.9999999999969882,1.5518148948924087e-25,2.9059334247093623e-20,2.9504970445377846e-12
7977,Normal,2.6591776310279047e-13,0.9999999992367057,3.418194083198755e-23,1.0915624533602952e-19,7.630284659310237e-10
7978,Normal,4.6180605633266483e-10,0.999729400896882,1.8636795005858462e-10,0.0002702878653580352,3.1058958606442735e-07
7981,Normal,2.1840496965715661e-16,0.9999999886220009,1.2146510672687437e-21,4.115997124275817e-18,1.1377998929657926e-08
7990,Normal,2.1090721996928674e-11,0.9999997646526851,4.745153758161146e-17,6.256235418823977e-21,2.3532622421732562e-07
7993,Normal,2.250457356573458e-21,0.9999258912400023,2.3061326459093577e-18,1.7501740818092547e-09,7.410700982354149e-05
7994,Normal,5.1968425692716076e-14,0.9999937530044457,1.782880527320629e-15,1.1745720256553925e-16,6.246995500468897e-06
7995,Normal,2.4178180373141847e-11,0.999999465106627,4.8708252000781793e-14,4.261525840377113e-17,5.348691461589309e-07
8000,Normal,2.884647615700105e-17,0.9999955814582424,4.067203990577277e-18,3.8435988455670773e-17,4.41854175759377e-06
8001,Normal,9.928325752695229e-15,0.9999178126191939,6.068100769338273e-12,7.999184112236251e-08,8.210738288697907e-05
8003,Normal,1.0987747669081794e-20,0.9995967077860272,1.4852641770653728e-17,4.494890410778324e-11,0.00040329216902385787
8004,Normal,5.469569656818898e-14,0.07271715766622452,6.173419348862632e-08,0.9263995695968574,0.0008832110026698771
8014,Normal,8.936811081196563e-14,0.9995637120906851,1.368912913344048e-09,9.38102464038257e-11,0.000436286446502295
8019,Normal,1.7725689889804944e-17,0.9435246248681255,4.241255912978819e-12,4.161542088105009e-09,0.05647537096609105
8020,Normal,4.977372263984805e-14,0.9810392299986871,1.598127256758628e-09,2.5844121320018245e-12,0.01896076840055154
8022,Normal,9.187802397660397e-13,0.9926043649637318,9.83390509880116e-12,2.5811050153652928e-17,0.0073956350255154684
8025,Normal,1.157591608351637e-10,0.9118452456856782,1.0716638524447365e-05,2.9242243576381623e-13,0.08814403755974576
8026,Normal,6.547172133462832e-14,0.9425463879227544,2.7929732384413935e-05,3.037806798021595e-08,0.057425651966727845
8028,Normal,1.2222897191527618e-10,0.8440001009769896,0.010797442361107896,3.347627237572229e-11,0.14520245650619734
8031,Normal,5.685639708181582e-15,0.9999999999999747,3.0503124684870774e-26,6.1909706580562205e-18,1.968450332156101e-14
8039,Normal,2.622531308172157e-13,0.9999999999986103,5.476858668566042e-23,2.5331713879195e-13,8.741245930590639e-13
8042,Normal,6.6467044955002905e-15,0.9999999999990754,6.175689864154469e-28,7.795638805073801e-18,9.180346221104347e-13
8046,Normal,4.134858770323041e-14,0.9999999999396633,4.247093596146918e-24,4.2212420320592164e-11,1.80829509231143e-11
8047,Normal,2.279253168988232e-13,0.9999999999989859,8.784142171083003e-24,3.8464501035190845e-19,7.860997851111495e-13
8048,Normal,1.7337957099145697e-13,0.9999999999991098,4.576034040142892e-25,5.0451314659489285e-22,7.168436166974029e-13
8049,Normal,1.5552149495404951e-12,0.9999999999981601,1.1607807749077966e-24,1.427846833377445e-21,2.84718422059405e-13
8051,Normal,4.849298959045945e-12,0.9999999999890503,3.546543280402829e-20,1.8981734657029797e-13,5.910425089166141e-12
8053,Normal,7.525729685954752e-13,0.999999999997838,2.1549287621105106e-22,2.0824432978432305e-18,1.409453734856243e-12
8056,Normal,7.904715534951156e-18,0.9999999999937511,5.068718079494605e-28,7.785514631559654e-23,6.24893708159668e-12
8057,Normal,1.4418503421336777e-14,0.9999999999767144,4.011811685735567e-21,4.729974093401661e-17,2.3271152556356258e-11
8060,Normal,3.4687041721982747e-15,0.9999999998184961,8.227774665527819e-22,1.573934944936595e-19,1.815004758520862e-10
8063,Normal,1.6475087011976796e-14,0.9999999993899862,5.069035841774932e-21,2.2210857139718626e-12,6.077762600401259e-10
8065,Normal,2.8988493321232056e-15,0.9999999904717186,8.706878534101406e-20,7.400144629998806e-18,9.528278463161944e-09
8067,Normal,2.581258335604859e-19,0.9999987105849574,1.274432259038943e-19,6.986251509245555e-14,1.2894149728002907e-06
8076,Normal,1.7492806902346272e-12,0.9999999977545135,5.412380956631728e-19,2.4582778418856475e-22,2.243737155929136e-09
8077,Normal,4.062946661362276e-12,0.9999999982178569,2.6919486400395395e-16,3.065983442816594e-18,1.7780798643382076e-09
8078,Normal,5.4260681861735615e-14,0.99999971324072,2.3965810881221235e-15,3.096594915136837e-15,2.8675922018381646e-07
8086,Normal,3.107430775095187e-10,0.9999998952952733,2.8934068878139055e-12,4.950384244543495e-17,1.043910902633083e-07
8087,Normal,1.7320332916074752e-11,0.9999985735678806,1.929048293295177e-15,2.1137396056193395e-20,1.4264147971767137e-06
8094,Normal,3.952845142006078e-12,0.9999643286575546,3.135030288004769e-13,4.096732155596933e-18,3.567133817897137e-05
8095,Normal,1.794071962242423e-18,0.9999824164261674,1.4554104690768652e-18,2.0216627672346855e-18,1.7583573832602553e-05
8098,Normal,1.851670804254842e-11,0.9999049674057586,1.9194022112504236e-10,4.857636097302974e-16,9.50323837839193e-05
8100,Normal,2.319983973773172e-13,0.9988227585841956,1.0433110777354031e-11,2.3158776538573868e-16,0.0011772414051391302
8101,Normal,1.0580633980710373e-14,0.998399457850188,5.8642472817211274e-12,4.012433707507487e-15,0.001600542143933261
8102,Normal,3.9038815776482217e-13,0.999009994615093,3.183768006773094e-09,6.263697311762887e-13,0.0009900022001222187
8106,Normal,1.1344739959572507e-12,0.9985384155751401,0.00014230167166501016,3.237930574683257e-08,0.0013192503727546753
8107,Normal,7.603179553930229e-17,0.9992842752756262,1.952504563438898e-14,4.8155486496436284e-17,0.0007157247243541002
8112,TWF,5.021926943828819e-15,0.9925106870132264,4.9001777385583325e-12,2.0472027259296933e-16,0.007489312981868212
8114,Normal,7.35555120562383e-14,0.9999999999999123,8.643478973711924e-26,1.89509023756102e-16,1.3927660095162106e-14
8117,Normal,1.952577975756575e-24,0.9999999995594102,1.8244437043648156e-25,1.3402048208780427e-12,4.3924961110911223e-10
8120,Normal,1.0576348768259323e-11,0.9999999999867388,4.6168048810359935e-23,2.6376573728099133e-12,4.721175297176501e-14
8122,Normal,1.9004026925830412e-21,0.9999999999352336,1.4444744972165236e-24,5.0404941202704034e-15,6.476139716305241e-11
8128,Normal,3.708840504816955e-21,0.999999999972309,6.766713566663772e-27,9.54247067704456e-19,2.769092820816246e-11
8129,Normal,9.324642916729434e-18,0.9999999999889976,5.879903317803354e-25,6.722622173533661e-21,1.1002425274970796e-11
8135,Normal,5.804276021236309e-18,0.9999999999055811,2.0626648529697883e-23,3.0615845024622247e-19,9.44188777493064e-11
8139,Normal,4.583659731594713e-12,0.9999999999818824,2.7023272509437184e-18,3.497672333818388e-12,1.0036354481323196e-11
8142,Normal,2.393600065020415e-12,0.9999999999898048,1.6647864047087004e-19,5.479788247290797e-16,7.800928023991644e-12
8145,Normal,3.303049346543785e-17,0.9999999996994167,9.677348750418621e-24,3.159729334362282e-18,3.005834099037842e-10
8150,Normal,1.1062495824694143e-14,0.9999999972718572,2.0158934847967312e-20,2.4715388495309318e-14,2.7281069295688186e-09
8152,Normal,6.696692455210438e-14,0.9999999996117639,1.175203310782821e-20,1.6418218329057947e-21,3.881691245948686e-10
8155,Normal,1.7030670504830125e-11,0.9999999989750599,1.469040883152715e-14,1.659139474314723e-13,1.0077289158478138e-09
8156,Normal,8.397652411029075e-12,0.9999999999330426,3.5951982041878e-17,1.1899558922336264e-18,5.855982622131559e-11
8159,Normal,2.3211097194429556e-12,0.9999999983709208,4.3987680293900265e-20,2.636582471525778e-24,1.626758106053189e-09
8161,Normal,1.1270809921315783e-18,0.9999999060057838,1.0951397850374005e-21,2.1392093073591086e-20,9.399421626377467e-08
8167,Normal,1.1590055896054632e-14,0.99999794678669,1.1868922988006968e-16,4.0136597222484994e-19,2.0532132984651683e-06
8174,Normal,1.8155492752309586e-15,0.9999887485212543,1.2192682654349181e-17,1.2950931484745321e-20,1.1251478743895915e-05
8176,Normal,1.1479300487481901e-14,0.9999870252345958,3.493809331457021e-16,5.478909286066543e-19,1.2974765392449073e-05
8178,Normal,6.987834613495634e-12,0.9999457986707753,2.5065815910815044e-09,5.113737291525392e-15,5.419881565020969e-05
8182,Normal,2.828143999546966e-17,0.9831719455956193,8.440767558900329e-13,4.022086629190336e-12,0.01682805439951459
8183,Normal,1.1505276100203152e-16,0.9980530854007594,1.2069178792497074e-13,7.38578045705817e-14,0.0019469145990459256
8190,Normal,1.0182910721790811e-19,0.8052573663140501,6.009675221850342e-13,2.110139029849353e-08,0.1947426125839587
8191,Normal,1.0158993206300586e-15,0.984175861721379,1.0706052186467539e-10,1.887729292626785e-11,0.015824138152682132
8192,Normal,2.7384934218612464e-16,0.9844197392209361,2.8460408812779393e-12,2.123130882042213e-15,0.01558026077621551
8194,Normal,2.369511351607013e-18,0.6970414946100733,1.2733081552012548e-11,4.1997918133539066e-11,0.3029585053351958
8198,Normal,9.720703097876222e-15,0.9677344871110669,2.9875834471952774e-07,1.0672684686117473e-10,0.03226521402385177
8205,Normal,9.577757980164624e-22,0.9999999999993527,1.499777734334133e-27,1.120927639807679e-19,6.472706285798946e-13
8212,Normal,6.614842047335179e-20,0.9999999999988147,7.127338492013479e-26,3.7496009489035825e-19,1.1852615327322834e-12
8217,Normal,1.6292530019304825e-11,0.9870459936795544,7.778877385899506e-17,0.012954005949643492,3.545095396201924e-10
8220,Normal,5.538827842028431e-16,0.9999999999998457,4.900622328322581e-28,4.208006217088122e-26,1.538086624502536e-13
8221,Normal,1.0605829252411031e-19,0.9999999999983842,3.115564210311439e-29,7.532041939830265e-24,1.615828008923408e-12
8223,Normal,2.1834746449573615e-20,0.999999999936694,6.318595507866327e-25,6.045731676961003e-19,6.33060878016073e-11
8224,Normal,8.549160376922372e-13,0.9999999999986606,1.2269425069883101e-20,1.3416747818584612e-13,3.504485222600614e-13
8231,Normal,1.5195133864256432e-19,0.9999999997411155,4.399430331412709e-24,3.939136367341777e-20,2.58884566233837e-10
8234,Normal,2.946097645108408e-17,0.9999999999796753,2.8836624570283957e-26,1.4372543612384006e-21,2.032475259501124e-11
8235,Normal,7.588223188638098e-16,0.9999999999308464,4.578721337944159e-22,6.209152229127562e-20,6.915284212658562e-11
8236,Normal,7.274245927978644e-16,0.9999999990561153,5.576862105930859e-22,1.0567314535338815e-13,9.43778291581425e-10
8239,Normal,3.3279621515485534e-15,0.999999999758638,8.550830286271254e-19,1.3146331586801652e-15,2.4135746786025667e-10
8240,Normal,1.32978726997055e-13,0.9999999999952323,2.5066962568577168e-20,1.1052871383716945e-19,4.6346264422546915e-12
8242,Normal,1.4973344251891518e-25,0.9999831105242498,2.3850198903488803e-21,9.514806105191168e-08,1.679432768911983e-05
8245,Normal,2.8252210593959526e-15,0.9999999989288366,9.158342542619838e-21,1.4586603677198281e-21,1.0711605658356373e-09
8247,Normal,1.1693503719746939e-15,0.9999999955162846,7.3142754126423685e-19,2.0148730179470456e-18,4.483714127897027e-09
8257,Normal,6.0783089183267355e-15,0.9999913379733931,7.544966237318975e-15,3.171774463889668e-11,8.661994875531247e-06
8260,Normal,1.304046522452219e-13,0.9999996663294236,8.237528436012568e-17,7.054143009511333e-22,3.3367044577075e-07
8263,Normal,4.0640837434180917e-19,0.9972278494199334,4.867970088286928e-15,2.0011892412659653e-10,0.0027721503799428724
8265,Normal,1.496607523397562e-15,0.9999931195317769,4.0664188157678373e-14,1.1754448073301229e-15,6.880468179788015e-06
8271,Normal,2.781876787214685e-16,0.999726999088625,2.4303262376138785e-14,1.7736213945122912e-17,0.0002730009113504284
8275,Normal,9.574614417546879e-16,0.9942616600691959,1.2045825955215226e-11,3.1774949476194965e-17,0.00573833991875725
8277,Normal,2.2790239198901204e-12,0.7946787010566158,0.1987004177712451,5.129792769731373e-09,0.0066208760400672615
8278,Normal,3.3330602623509476e-15,0.9278906220295079,9.414667987862814e-07,4.004449218012471e-12,0.07210843649968555
8279,Normal,6.096639575390972e-13,0.9878580659398637,0.0009451469523299702,4.560493079144295e-11,0.011196787061591733
8283,Normal,2.0048042030956373e-17,0.9486693541092047,1.1866576635053985e-10,8.275598072482509e-13,0.05133064577130202
8287,Normal,1.180813591369576e-24,0.9999999999998739,7.352496168573344e-32,8.588448364487974e-21,1.2620683307585331e-13
8291,Normal,5.0329105472513505e-24,0.9999999999986966,5.788155029451103e-30,8.131779636311567e-18,1.303404197870091e-12
8293,Normal,8.192970798172153e-20,0.9999999999999993,2.0168626605064322e-35,5.987750657155639e-28,6.569239640370029e-16
8294,Normal,1.2278198523677798e-19,0.999999999999562,4.8853982556212826e-29,4.7419520210351864e-17,4.380259910239087e-13
8296,Normal,2.613420203104001e-21,0.999999999998499,1.1446108293880811e-27,1.4317466137413022e-21,1.5010662764406704e-12
8301,Normal,3.54333025096643e-17,0.999999999999739,2.6114602859298234e-26,2.6070475649541308e-21,2.610058360952992e-13
8319,Normal,2.7295816388882237e-19,0.9999999990448097,1.5451349165207655e-24,7.098449455841238e-20,9.55190268393499e-10
8323,Normal,1.370396735850936e-12,0.9999999999742235,5.079982629178075e-21,1.6571290882039576e-23,2.4406176433453112e-11
8331,Normal,1.1379898409283967e-14,0.9999999783238076,2.089525330636104e-18,5.35665515405819e-21,2.167618091619617e-08
8332,Normal,1.7870981304237403e-13,0.9999999778818351,1.9823436331189363e-18,1.3781933581286088e-18,2.2117986129532337e-08
8334,Normal,1.1707763691955231e-14,0.999999426111566,4.1522787730293755e-16,1.437568461813591e-14,5.738884076087667e-07
8340,Normal,4.549738952983716e-15,0.9999979922462794,1.0410547673572118e-17,2.0219824544034192e-19,2.0077537160807535e-06
8344,Normal,6.4066696586586096e-15,0.9998318931236586,2.40009446078294e-13,1.4286769591603525e-14,0.00016810687608050898
8345,Normal,7.359981775658761e-15,0.99993700850198,1.1168853055076802e-10,1.0282715442790756e-12,6.299138529589422e-05
8350,Normal,1.4141386377063826e-13,0.999455724228102,4.755643486428622e-15,3.1381450111235102e-21,0.0005442757717516738
8352,Normal,1.2309347402278965e-17,0.9962597624147586,1.68344745690557e-14,1.5742221534556468e-16,0.003740237585224512
8353,Normal,5.222543753287729e-13,0.9970611997719078,2.8503642604434156e-10,2.873305552035431e-18,0.002938799942533599
8355,Normal,1.1925805893676849e-10,0.9918674502915747,0.004597347451774766,1.6793199340961192e-11,0.0035352021205992384
8361,Normal,9.709979703009415e-17,0.999999999999999,2.545264600987292e-30,5.2591354760443885e-24,9.096728055111891e-16
8362,Normal,9.656249611827888e-14,0.999999999999903,8.442471440150282e-28,1.135409125099506e-19,4.87929372161832e-16
8364,Normal,2.736122286726512e-16,0.9999999999989101,1.1338134617545143e-24,9.290740625481707e-13,1.606477521546568e-13
8367,Normal,2.3693615719714298e-24,0.999999999980449,6.66520479577229e-29,3.0554358427252887e-19,1.95510919114292e-11
8375,Normal,5.747639226836475e-10,0.9999997337187215,2.1336050412999218e-19,2.6570619940214916e-07,3.151812309848006e-13
8379,Normal,6.3770492409877e-13,0.9999956576076559,1.9578269848494e-21,4.342087288431278e-06,3.044180591118062e-10
8387,Normal,6.799480475331895e-17,0.9999999999925704,3.0868086298066307e-27,4.512117274430053e-24,7.429605436311064e-12
8388,Normal,4.834824477987876e-13,0.9999999999993594,2.1445048293627147e-23,1.506726732797741e-21,1.5706169891301105e-13
8390,Normal,1.482296881436101e-15,0.9999999999889557,2.84314854204182e-23,8.401971758697999e-21,1.1042801758101924e-11
8395,Normal,2.1876716400251496e-17,0.9999999991914398,1.1386294845422969e-23,3.545102732893041e-20,8.085601986465491e-10
8402,Normal,1.2497882364716143e-20,0.9999999884269221,1.0031135451445672e-23,3.40466688963112e-19,1.1573077922913704e-08
8403,Normal,1.821277939331806e-12,0.9999999997592506,2.9983110919255694e-15,6.976802452591183e-15,2.3891804014283646e-10
8409,Normal,7.783024913578844e-18,0.9999999582148209,5.049896802433743e-22,2.553969924305113e-22,4.1785179046867134e-08
8412,Normal,4.529072115933236e-15,0.9999999700274744,8.667877395376064e-19,2.717681067044644e-22,2.997252091273032e-08
8413,Normal,1.17819700380347e-13,0.9999999935365664,2.3346458260977004e-19,4.276395550911016e-21,6.463315720499707e-09
8415,Normal,6.864572024601655e-21,0.9999946864955669,9.442654328329232e-20,4.095090914319746e-18,5.313504433163474e-06
8419,Normal,2.7111003639230104e-20,0.9979257744148827,1.4068580785356133e-15,2.3244687365834964e-09,0.0020742232606471424
8423,Normal,1.0321773480821758e-13,0.9978349918161978,3.666282413110076e-09,8.590130324043332e-07,0.002164145504384214
8425,Normal,7.449332715195303e-12,0.9999919091174759,1.032479315228423e-11,1.941793000895264e-19,8.090864749966413e-06
8426,Normal,5.441428501657184e-14,0.9998730298358228,3.594553864384684e-11,3.5127124678908666e-15,0.00012697012817364746
8427,Normal,7.466631196242483e-15,0.9996979658969749,2.2307758744390444e-11,1.5028018324174595e-14,0.0003020340806949985
8429,Normal,1.193931003961796e-19,0.9954617986567267,5.278321190451028e-15,1.2022029201999418e-10,0.004538201223047773
8430,Normal,4.83492352001894e-14,0.9995633254351431,2.414773153212949e-09,2.1675981816944308e-13,0.00043667214981862976
8431,Normal,2.960460338085191e-11,0.9765424144933529,0.02312797008340839,2.6490744390441347e-09,0.0003296127445596868
8434,Normal,2.5293000959901276e-15,0.994741359379367,9.52157812636006e-09,1.8111400920065003e-09,0.005258629287912237
8437,Normal,1.3166787575960395e-10,0.9290692552202833,0.06213781764801513,6.613394261138899e-11,0.00879292693389973
8442,Normal,7.832832343862264e-20,0.9999999999999964,7.146186965053572e-31,1.8944717575164535e-24,3.5361704737145326e-15
8443,Normal,6.124182647452239e-17,0.9999999999999991,1.061858792255256e-29,5.252554578545071e-22,8.032329626860521e-16
8451,Normal,2.1921869324749773e-17,0.9999999999998332,4.06980709623385e-25,1.541244237995925e-14,1.513341399174211e-13
8457,Normal,4.606615442895273e-17,0.9999999999999047,2.1031675491959046e-26,1.6133346848756615e-20,9.520751529657893e-14
8458,Normal,7.2541492164294e-14,0.9999999999999238,8.379172826046243e-27,2.676972941867108e-21,3.620069768061529e-15
8461,Normal,4.916779998887228e-12,0.9999999999679804,1.023362258027851e-20,2.6779287755259345e-11,3.236544500756866e-13
8462,Normal,3.1217326557885165e-14,0.9999999999999326,6.64690817150189e-26,4.406398905317143e-21,3.6186081013188833e-14
8469,Normal,2.065630765199045e-18,0.999999999998761,2.3362999637669778e-29,5.544600098595498e-25,1.2390093756132434e-12
8470,Normal,1.174887562721416e-12,0.9999580078122215,2.5481702697501947e-18,4.1987579319330195e-05,4.607284293236696e-09
8471,Normal,7.860929877199997e-15,0.9999999999987395,1.167583779718267e-25,3.274457267938978e-25,1.2526918089459109e-12
8472,Normal,1.270547175896662e-13,0.9999999999997923,2.558989809306441e-24,1.6627361933327752e-23,8.069183516250304e-14
8475,Normal,2.1355600141080856e-17,0.9999999997026838,2.052089330979836e-23,2.9025643535625307e-17,2.9731618788705294e-10
8478,Normal,2.5185575615330733e-20,0.9999999997326061,3.2876978436439137e-26,5.963466274968238e-23,2.6739398133912036e-10
8480,Normal,9.980477615975937e-18,0.9999999989160033,3.4168986489834868e-22,3.5857489405344497e-20,1.08399664619704e-09
8488,Normal,4.193167779990447e-13,0.9999999996404417,5.036311209583632e-16,1.3362674478506098e-16,3.591383233604594e-10
8490,Normal,2.1792852848073084e-14,0.9999999984317512,7.016342839018282e-17,1.1989017780577517e-17,1.5682269301526221e-09
8492,Normal,1.9004002344229196e-16,0.999999977074351,4.939384869927024e-18,4.793610980526061e-18,2.2925648746232933e-08
8494,Normal,8.018895725997317e-18,0.9999998834411309,7.022493138983118e-21,2.5794636476280056e-20,1.1655886910686936e-07
8506,Normal,3.0722812573760105e-15,0.9999952896897135,6.056278926303168e-14,3.9396102157393166e-18,4.710310222646989e-06
8508,Normal,6.878965898964872e-15,0.9999920044734466,5.38593462074775e-13,1.5075053891430594e-17,7.995526007887997e-06
8512,Normal,1.803561461087674e-13,0.9999738481867121,4.5522794793938174e-10,3.706744508024929e-16,2.6151357879181257e-05
8515,Normal,4.367553587077219e-13,0.9998272614311042,8.624931334125262e-07,2.679744651929388e-13,0.00017187607505768268
8516,Normal,5.549118558645842e-13,0.9997137150809459,1.8315195191408712e-07,1.2741160349743446e-14,0.0002861017665344365
8517,Normal,1.036895498953822e-14,0.9981711780550948,6.77329297042507e-13,4.798775074016472e-21,0.0018288219442175336
8519,Normal,2.675312494347126e-18,0.9933728459596016,2.96464135256828e-14,2.272265127887451e-16,0.0066271540403685615
8537,Normal,3.1589447574546144e-15,0.9999999999999283,9.202501007058775e-29,2.6960602224689336e-21,6.857546615545126e-14
8540,Normal,2.5723096422202398e-15,0.9999999999998792,1.129082412991113e-25,7.351485606483568e-21,1.1829109978627466e-13
8546,Normal,1.1542915530998288e-21,0.9999999998669398,7.785833407557622e-25,1.0717378728847851e-17,1.3306030898004488e-10
8551,Normal,3.938017800284837e-14,0.9999999999980606,6.140038608951097e-22,1.2198349809443221e-18,1.900085196023612e-12
8552,Normal,9.163935824433858e-15,0.999999999887698,4.1651541853729023e-22,1.9045397463589794e-15,1.1229078936993267e-10
8554,Normal,1.3109671774269014e-19,0.9999999943112179,4.516366687277909e-22,3.0211989452299337e-15,5.688779081613157e-09
8561,Normal,1.8769126933708e-13,0.9999999999878413,1.1278777848260492e-20,1.0091504694419839e-20,1.1970945749581419e-11
8563,Normal,2.402807940669958e-12,0.9999999999749962,1.2155441363721919e-16,1.313059414439836e-15,2.2599464557803083e-11
8565,Normal,2.6161172971198178e-18,0.9999999901118818,7.163984720555257e-23,8.897567319709053e-22,9.88811820026943e-09
8570,Normal,4.876694698666598e-21,0.9999999813046372,6.8989554288061755e-22,8.713744302851584e-19,1.8695362848976434e-08
8571,Normal,1.273345973895869e-18,0.9999999625910846,6.886019269319857e-22,1.3925226426071793e-20,3.740891536556697e-08
8573,Normal,3.334534568497426e-17,0.9999998713436811,2.5415418249693673e-20,1.0021568584700511e-20,1.2865631891142294e-07
8580,Normal,3.8200554740674846e-18,0.9999935703307008,3.39867118623142e-18,4.987908475687727e-19,6.42966929921538e-06
8583,PWF,8.023615983078214e-20,3.679024908893259e-10,1.1623098947648996e-12,0.9999999989405397,6.903955385103162e-10
8587,Normal,7.662234915121891e-16,0.9999148699134235,2.9902104667833242e-16,5.591767429576999e-20,8.513008657545012e-05
8590,Normal,1.2253876539676402e-14,0.99908883579681,4.975732611100104e-09,2.6460907796741403e-08,0.0009111327665373304
8595,Normal,5.887353704526944e-13,0.999856387278312,6.29428320057289e-05,5.68299969122257e-12,8.066988341048175e-05
8600,Normal,6.1564637139883e-14,0.9982049031954411,6.610874506005208e-09,4.6863893348898354e-17,0.0017950901936228379
8604,Normal,1.858511315334704e-14,0.8465977085302989,8.344171245117712e-06,1.498196705982184e-11,0.15339394728345554
8605,Normal,1.6560852896631005e-12,0.8409957148157301,0.14914925429817869,1.4660018031557827e-12,0.009855030882969093
8607,Normal,1.3614252103098e-14,0.9390250635566656,1.3835342131855919e-09,4.601317459082824e-16,0.060974935059786066
8611,Normal,1.9892124302256164e-18,0.9999999999999998,1.5263084859232365e-29,8.384266249269291e-21,3.2112056091059967e-16
8612,Normal,1.814082986096029e-15,0.999999999999998,1.2582797097649698e-27,5.6967466290616064e-18,1.678278135122973e-16
8616,Normal,8.532914172482735e-14,0.9999999999999145,3.585303502076432e-28,3.960796457817646e-20,5.649334508774066e-17
8618,Normal,1.6042734856436484e-16,0.9999999999999889,1.005499324519717e-25,2.4693229721132924e-15,8.517007488698405e-15
8619,Normal,1.7706276202679268e-24,0.9999999999996553,4.7925877735722915e-29,8.291144015834972e-20,3.4474446983128446e-13
8620,Normal,4.957530035096766e-20,0.9999999999999962,6.750939602129724e-33,5.2451208067976185e-24,3.7608645117915695e-15
8621,Normal,9.231551505542628e-16,0.9999999999999977,1.4934577218116191e-27,9.501451932632294e-21,1.4224771494807517e-15
8622,Normal,2.5946624497787934e-14,0.9999999999945555,9.240978226649018e-25,4.537855768786934e-12,8.807620205010943e-13
8628,Normal,4.206675703717709e-14,0.9999999999999575,3.3831680249495934e-27,8.274622106771543e-23,4.917581255624042e-16
8634,Normal,7.928336293145859e-13,0.999999999999136,2.3686479491783318e-20,9.844518695160802e-15,6.13481920662825e-14
8635,Normal,1.0609978368164557e-15,0.9999999999999805,6.758964654465595e-26,7.723792831406975e-23,1.834370559351577e-14
8637,Normal,2.9245130751054794e-22,0.999999999979995,3.229591873018403e-26,3.1186566238402336e-21,2.000502426609152e-11
8638,Normal,2.0492511338110663e-16,0.9999999999998617,4.678611122739313e-26,8.405629566747361e-24,1.3814866924666598e-13
8653,Normal,5.981811017717906e-18,0.9999999978264265,3.8028917461345514e-23,1.5690484126653954e-20,2.1735735701919195e-09
8656,Normal,3.9307369258506486e-13,0.9999999939355294,8.754606945106781e-12,4.365085443850782e-09,1.690237663170626e-09
8661,Normal,2.874895926423925e-14,0.9999999997484181,4.1107586354324125e-15,4.059111718499577e-18,2.5154906284457846e-10
8664,Normal,5.300686722162655e-20,0.9999998789483553,2.714047153971951e-20,2.762398072275131e-20,1.2105164480985754e-07
8674,Normal,1.8644684504987978e-16,0.9999992541668052,2.540255323395138e-13,2.935116311741702e-17,7.458329404936473e-07
8675,Normal,1.966162236806873e-17,0.9999828755811176,4.881781256206574e-19,6.138896736309102e-24,1.7124418882350075e-05
8680,Normal,7.217949468668796e-14,0.9890203042232953,0.009706604985647333,1.0890817260356134e-05,0.0012621999737247717
8681,Normal,1.9445742773254459e-16,0.9999644679770715,7.548287122140976e-12,5.6525799104611935e-18,3.5532015379955845e-05
8683,Normal,4.191797485499677e-15,0.9998544267079233,5.373930122687411e-12,1.46948535899116e-18,0.00014557328669854882
8684,Normal,2.4704610561048475e-15,0.9998618849707751,2.686680052897536e-06,1.356820485724435e-12,0.00013542834781283175
8687,Normal,2.1938427828207245e-18,0.9957729931269704,2.7070163889522946e-13,1.0314755442925288e-16,0.004227006872758802
8691,TWF,3.919793947001041e-14,0.9974391138544222,3.010680736292427e-07,4.274668116006067e-19,0.0025605850774650532
8692,Normal,2.22644328251314e-19,0.9999999999999999,4.283312498295759e-31,4.274890681422177e-23,1.388335315813645e-16
8699,Normal,9.782761858418683e-20,0.9999999999999909,4.330280710465978e-32,3.747161072706557e-20,9.157069222902028e-15
8701,Normal,2.150547912931964e-18,0.9999999999999936,1.0139630036709338e-30,8.091644667859908e-22,6.5253230229129694e-15
8704,Normal,1.6978992146956623e-16,0.9999999999999991,3.381395236021068e-30,1.0489376970370135e-21,6.328828513137604e-16
8709,Normal,2.591429022932008e-15,0.9999999999993561,1.0425235690510484e-24,6.572880984991139e-14,5.756946888438561e-13
8713,Normal,2.0317536829295457e-21,0.999999999999053,6.878073636303075e-27,1.690217681749504e-21,9.46971594410804e-13
8714,Normal,8.44599116102701e-26,0.9999999999508121,8.850946827903283e-27,2.5367381966876913e-16,4.9187686969816305e-11
8715,Normal,5.762458072582722e-18,0.9999999999998276,4.607624224242174e-29,6.1910580334635935e-24,1.7246826331850416e-13
8719,Normal,4.28465637432079e-18,0.999999999999741,1.281797047290984e-25,3.4014617554542227e-22,2.5904334141004255e-13
8720,Normal,2.398694408758615e-17,0.9999999999998866,4.954813826092544e-25,1.0636448844025847e-21,1.1337408758826339e-13
8721,Normal,4.1969516581942654e-19,0.9999999999984825,1.1097811650791468e-25,1.8489547121626905e-22,1.5175044009274363e-12
8729,Normal,1.0163997800534517e-17,0.9999999999965463,1.426156962952892e-28,4.392085175553311e-28,3.453644477762188e-12
8732,Normal,2.913949484766599e-19,0.9999999967352431,4.035398671051768e-23,8.559687599589589e-16,3.264756065297139e-09
8736,Normal,1.1976950741880186e-15,0.9999999999911777,9.991438364762231e-20,5.559182393295073e-21,8.821091138655439e-12
8737,Normal,7.521240547846581e-18,0.9999999998181568,5.067150852887856e-21,1.206592429279967e-21,1.8184317563226004e-10
8744,Normal,5.144005002264394e-16,0.9999998293867071,2.4661805626662042e-17,1.4552152284525478e-16,1.706132922863704e-07
8745,Normal,1.99607773057874e-22,0.9999969651893982,4.932565110583874e-21,5.737818580699801e-18,3.034810601844257e-06
8747,Normal,2.201803903485046e-17,0.9999999705375315,8.04416958452926e-15,1.2784901649729312e-15,2.9462459148517364e-08
8751,Normal,7.486811412898054e-21,0.9999977421963494,2.3204877120840902e-17,7.97749551567358e-15,2.2578036426529486e-06
8752,Normal,4.195464050271001e-16,0.9999987279544144,3.5679232906324766e-17,3.7799778155588405e-19,1.2720455852754747e-06
8755,Normal,3.849190175719041e-19,0.9999959008858326,4.3570187702848465e-17,1.4477366093335758e-19,4.09911416748699e-06
8757,Normal,2.152714240280292e-20,0.9999464099255592,1.006850011813538e-16,7.366342297058517e-17,5.35900744405812e-05
8758,Normal,6.1955298298731554e-18,0.999992285815765,1.0709159297702306e-14,3.829044984755043e-18,7.714184224337602e-06
8765,Normal,3.803886413114002e-18,0.9996944464877703,3.692663422989703e-12,1.5635002976080005e-16,0.0003055535085369486
8766,Normal,3.44873305797172e-14,0.999930220419095,1.0608972944165426e-06,3.0968522300561367e-15,6.871868357287615e-05
8773,Normal,1.0188846445106223e-20,0.9999999999999993,2.0675711412200693e-32,7.432408466945359e-26,6.3047199127939375e-16
8777,Normal,4.197664973456442e-13,0.9999999999995739,2.324765152056869e-25,6.10047582794294e-15,2.339222646299849e-16
8778,Normal,1.2851345093705449e-20,0.9999999999999989,5.532468493242359e-34,5.642301206903308e-25,1.2179258317235568e-15
8780,Normal,3.251477702078884e-15,0.9999999999999931,1.5576781622949984e-28,4.763878928071747e-18,3.619393167256882e-15
8793,Normal,4.2844853067478733e-14,0.9999999999997407,2.3694736521163192e-21,8.654667119652154e-14,1.2988477581535681e-13
8797,Normal,2.6002103398778253e-24,0.9999999999878436,2.0222945509169744e-27,5.1448562677537044e-21,1.2156425797273617e-11
8800,Normal,7.747054214594777e-17,0.9999999999998561,3.118091181569255e-25,5.988477066209213e-22,1.4387111209583355e-13
8801,Normal,8.081258370692743e-16,0.9999999999991486,1.4806308660625488e-21,2.244585247513957e-16,8.504062570953635e-13
8807,Normal,3.7972348985146e-21,0.9999999999040616,6.026883577368856e-23,8.683055791664719e-18,9.593837077372064e-11
8812,Normal,1.5999165935899601e-19,0.9999999999381646,2.7014520214885015e-23,2.404218078650166e-21,6.183543152795813e-11
8815,Normal,2.1983274809325058e-15,0.9999999997140994,6.361480773915164e-16,4.8695787214103035e-12,2.810281962816361e-10
8817,Normal,1.8214653014846724e-16,0.9999999995470272,6.105401271536794e-22,7.459756342074323e-20,4.5297252290340224e-10
8818,Normal,3.2226606152102956e-16,0.9999998307042639,3.4196498838402238e-18,1.5171069868284953e-11,1.6928056466690927e-07
8835,Normal,7.400712390325506e-16,0.9999974914816365,2.1819315742758285e-10,9.822549542582112e-15,2.508300159840163e-06
8838,Normal,3.640875942467601e-18,0.9998979498139705,4.540207957813644e-15,2.0573922495224846e-17,0.00010205018602498428
8839,Normal,2.983931767470302e-14,0.9999519357825687,2.897331835201653e-05,4.413116732795704e-12,1.9090894636258215e-05
8840,Normal,2.490110147084973e-15,0.9999391020237,2.4536411250607285e-16,3.5882324869384414e-24,6.089797629739618e-05
8851,Normal,9.861008616242706e-17,0.9999999999999994,2.627921573496718e-28,2.526087975006526e-19,4.846122243998442e-16
8853,Normal,3.0402530802266253e-18,0.999999999999995,1.966403426289503e-27,9.32901439155905e-19,5.020440899517472e-15
8855,Normal,7.74489322959217e-18,0.9999999999999991,9.563155822029518e-33,1.3445377288845e-24,8.91387597516643e-16
8857,Normal,1.9893592703922508e-13,0.995144969790381,4.304358445161785e-22,0.004855030137722476,7.169754341178785e-11
8858,Normal,6.028792111183229e-23,0.9999999999998364,3.6045623511092276e-29,2.9837130321949913e-22,1.636716424923384e-13
8860,Normal,3.7930770025776245e-15,0.9999999999999927,1.3079304658291943e-26,1.5191917160339108e-19,3.642857771213944e-15
8865,Normal,8.779051426151452e-20,0.9999999999995812,1.7098474555065515e-29,2.1811070769652424e-23,4.1876289447447393e-13
8866,Normal,3.344905794449389e-13,0.9999999999996652,3.943446850526319e-26,2.581076879240617e-21,3.7974835749008856e-16
8869,Normal,7.284267000666016e-15,0.9999999999998901,1.397653472826096e-23,1.5069683485485668e-17,1.0254546293801566e-13
8870,Normal,4.6766340470906665e-17,0.9999999999998173,1.8227940741044776e-26,1.1641876709413057e-22,1.8277637195868452e-13
8874,Normal,5.6833996700692505e-21,0.9999999999939413,1.6432665179415885e-28,7.900083205909306e-23,6.058726916977405e-12
8877,Normal,2.975137685701202e-22,0.9999999990398456,1.080592559153605e-25,2.192948887971249e-20,9.601544261410045e-10
8880,Normal,6.545010807424357e-17,0.9999999999841076,6.821334524489264e-23,7.962842161208348e-21,1.5892295382202033e-11
8887,Normal,2.998752614967359e-18,0.9999999994109736,1.7271939603212247e-21,5.155045074992077e-20,5.890263916585497e-10
8892,Normal,1.9314538265177917e-20,0.9999999399431422,2.700644394797121e-22,2.643501401018772e-20,6.005685780177708e-08
8895,Normal,1.911471317360317e-18,0.9999999658160391,3.531919691759711e-21,3.045990324528314e-20,3.4183960948034536e-08
8898,Normal,2.3241333207926975e-19,0.9999997855523166,1.9066953051428838e-20,4.797986719117278e-20,2.1444768345778486e-07
8899,Normal,5.734466109133151e-18,0.9999999814805395,3.669757125971878e-18,5.675050781727966e-20,1.8519460561112386e-08
8906,Normal,2.7676850576524147e-14,0.9999977450282252,3.4296722261680123e-07,3.0397672857043877e-09,1.9089647571265563e-06
8907,Normal,1.1804842375890545e-18,0.9999983674072914,4.121108578712854e-16,6.0680298018872e-19,1.6325927081630859e-06
8908,Normal,3.5673069180424953e-16,0.9999980653910465,1.676999752431587e-16,1.9379060397904328e-20,1.934608952911645e-06
8910,Normal,1.3121406980250072e-17,0.999998232444475,1.804935531289632e-13,3.98377886222934e-17,1.7675553445288336e-06
8911,Normal,4.377727086721854e-18,0.9999963455194496,1.9961702832097097e-14,2.0525704944495696e-18,3.654480530513219e-06
8920,Normal,1.214414908167966e-19,0.9991516197983242,1.5233558459563527e-13,5.4554816158994025e-17,0.0008483802015235126
8922,Normal,1.0647159815119659e-18,0.9993915414233002,1.462189822054267e-11,1.0577222857405242e-15,0.000608458562076853
8923,Normal,1.0435837379980377e-14,0.9995742242675534,5.635369374908542e-09,4.005557473416213e-18,0.00042577009706677065
8930,Normal,9.335389072535035e-17,0.9540476097431871,2.2050599503862568e-09,3.849822468741517e-12,0.04595238804790303
8931,Normal,1.7941479952968394e-18,0.9999999999999996,8.66436240535202e-29,1.7652536559001289e-19,5.520423476741442e-16
8933,Normal,6.323796789663936e-16,0.9999999999999991,1.59553014391893e-28,9.68981721907142e-20,1.3526999132683136e-16
8935,Normal,1.0225686598279287e-19,0.9999999999999983,3.5511434057138085e-29,3.1672245827968013e-21,1.6769830590844373e-15
8937,Normal,5.898430518720246e-16,0.9999999999999992,6.701279490235731e-29,1.6510890247513161e-21,1.9767614394424767e-16
8938,Normal,1.1441054666898602e-14,0.9999999999999862,2.6586603341093846e-28,5.460837713059977e-17,2.3748605813344233e-15
8939,Normal,1.6203057975143144e-18,0.9999999999999856,8.211044912456399e-30,1.0056399767286797e-20,1.4517003571639397e-14
8960,Normal,9.5888324373936e-15,0.9999999999997311,3.1384902050863445e-22,9.078211241584936e-19,2.593971012511509e-13
8963,Normal,2.2346489319343728e-20,0.9999999999699983,1.7453448430472776e-25,1.326772665706306e-22,3.000169239861833e-11
8965,Normal,1.7977920854767086e-15,0.9999999999495481,1.0570612490044584e-22,7.73803801801703e-19,5.04500814500936e-11
8974,Normal,2.5779505273656048e-17,0.999999999268083,1.2199258008168454e-16,1.5935138613405247e-11,7.159817974215219e-10
8986,Normal,1.7227565377357783e-18,0.9999999827338485,5.279362927329762e-16,5.7107511118472635e-15,1.7266145273545995e-08
8988,Normal,7.016275016686735e-19,0.999999932742477,4.296792812747027e-18,3.6980294437786774e-19,6.725752303360459e-08
8993,Normal,4.394483413168916e-16,0.9999866504339355,9.121503167194777e-18,4.5647369937553696e-21,1.3349566064109093e-05
8996,Normal,4.452014103897799e-16,0.9999994546206058,7.598593421784458e-13,7.215805859532639e-17,5.453786339202874e-07
8999,Normal,4.507861759134222e-16,0.9999974452430156,2.89830734062591e-12,2.0212334311046515e-17,2.5547540856185885e-06
9003,Normal,4.673886954965112e-16,0.9999459696995538,2.3059209131974647e-13,3.502101782267452e-20,5.403030021510049e-05
9004,Normal,3.818496235363408e-14,0.9999924063017088,2.1140801764079424e-08,6.139993161335977e-16,7.572557450568663e-06
9006,Normal,1.5201287312283592e-12,0.7652052306149406,0.2340465708964112,7.14796014551429e-06,0.0007410505269825491
9007,Normal,3.465017444975063e-14,0.9998630522668577,3.410920406944244e-10,2.4214921757699666e-18,0.00013694739201567543
9018,Normal,6.86387667770021e-13,0.9323780449591721,0.002758958364704785,3.4564452377976803e-10,0.06486299632979237
9019,TWF,3.153126006208608e-17,0.9800569107385627,1.4707013638190299e-07,2.7237646905154235e-13,0.01994294219102859
9021,Normal,4.1582586011667774e-19,0.9999999999999999,5.41653285702092e-32,3.8823631840278124e-25,1.3050663905193916e-16
9025,Normal,4.687952002935009e-14,0.9999999999999531,1.1233340414978794e-29,1.9125870914618343e-22,1.4074514628610486e-17
9044,Normal,2.00789383905252e-15,0.9999999999999962,1.9460961534506316e-29,1.038849293902831e-28,1.8363440010448725e-15
9047,Normal,2.3815076671752e-21,0.9999999999904132,6.39558302617589e-27,4.3510813198778036e-23,9.58681032248226e-12
9051,Normal,1.5116159842928004e-19,0.999999999970108,3.247621284771848e-27,6.640043640018913e-25,2.989199534405272e-11
9052,Normal,8.426208336307839e-24,0.9999999998220159,9.869694369802575e-26,3.58192281794558e-19,1.779840191290599e-10
9062,Normal,2.6175459351761747e-23,0.9999991596946933,1.6168967456351763e-21,8.141178414717577e-14,8.403052252947353e-07
9063,Normal,1.9226519656997985e-19,0.9999999989236714,1.4077090169530368e-21,3.462641909487312e-21,1.0763285690578127e-09
9065,Normal,2.1447951957154794e-23,0.9999999692666482,1.8535696730325859e-22,3.704514070957972e-17,3.073335172080906e-08
9075,Normal,2.917908667354789e-17,0.9999968171446473,4.723605431439691e-16,1.059799135028761e-15,3.1828553511398273e-06
9076,Normal,2.821832608637764e-17,0.9999997076199586,2.332119607478405e-17,1.892401125816261e-21,2.9238004144381744e-07
9077,Normal,2.47935266202374e-16,0.9999999293118531,4.2905733846024595e-14,4.144583841053777e-17,7.068810383672192e-08
9082,Normal,3.5088333835386136e-17,0.9999936482009514,2.4975761399190433e-15,4.719735351937184e-20,6.351799046205634e-06
9086,Normal,2.5431689182604075e-14,0.9942049238071093,4.0034212717028485e-08,1.6223871583979545e-08,0.005795019934780998
9090,Normal,4.1835895753030695e-23,0.9736954268434099,1.281337823434675e-14,1.0155894301232834e-09,0.026304572140987883
9091,Normal,2.2829203441591915e-19,0.9890180925687455,2.965539652082421e-13,1.3437972285632483e-12,0.010981907429614166
9092,Normal,3.165334194708902e-19,0.9820338995690313,2.7579265624625872e-12,1.4303528742854553e-10,0.017966100285175524
9094,Normal,1.4181659538705933e-18,0.9814299163165972,2.740441381673724e-12,1.1367271512593588e-12,0.01857008367952563
9099,Normal,1.47260229956514e-14,0.9999999999996633,1.0322056333987341e-25,3.2123101182262386e-13,7.721117488885908e-16
9102,Normal,4.672498193402493e-24,0.9999999999999754,7.223882653304716e-33,4.251675115554085e-23,2.464966745383753e-14
9103,Normal,1.63508745298301e-17,0.9999999999999998,2.5025369243589975e-30,9.196698859287489e-24,2.0728080056838243e-16
9104,Normal,5.624831008069095e-17,0.9999999999999996,7.529193169430986e-29,1.885095813482617e-21,3.868783233979804e-16
9106,Normal,9.685151053703521e-22,0.999999999999457,3.264873186517596e-28,3.7380063033739884e-18,5.430654050941901e-13
9108,Normal,5.898570018281018e-22,0.9999999999996989,7.455508006052043e-30,1.4051437900931908e-22,3.011005277374153e-13
9109,Normal,2.72780185432644e-17,0.9999999999999966,6.203905607991341e-32,4.700866157835893e-26,3.4844096840758347e-15
9111,Normal,4.338618575905818e-15,0.9999999999999657,2.1697874347020746e-27,6.934255650729033e-19,3.0000917011811555e-14
9114,Normal,1.0539126354056585e-22,0.9999999999982514,5.067106390144696e-27,2.8295955618099024e-20,1.748618526622789e-12
9120,Normal,7.541824988592634e-22,0.9999999999639367,6.66488105160466e-27,1.1319482612777089e-21,3.606326616235701e-11
9131,Normal,6.988335113565269e-19,0.9999999999771517,3.2956353571625227e-25,2.6895654133637673e-23,2.2848328674065166e-11
9136,Normal,5.583680331667275e-16,0.99999999542162,2.0596948120171234e-21,1.2106055017893385e-14,4.578367355638828e-09
9137,Normal,1.1699765296777455e-20,0.9999999987890691,2.3316594993976905e-23,1.7321236351212864e-20,1.2109308857796694e-09
9138,Normal,2.855624221172769e-21,0.9999999982044969,3.834780264736304e-23,1.2989354557150875e-19,1.7955030885086624e-09
9139,Normal,1.0801456773308593e-17,0.9999999997899045,3.283123775395271e-22,2.3732853732286325e-22,2.1009544535734487e-10
9142,Normal,4.365637765066103e-19,0.9999999985944892,7.727086610937586e-21,1.7521745923649583e-19,1.4055109237136077e-09
9148,Normal,2.7089738782983593e-20,0.9999999728445638,6.874720212259343e-22,2.9676976574997125e-21,2.715543615714744e-08
9151,Normal,5.217814104650775e-14,0.9999994257362538,1.7123636411337785e-13,4.603515461850063e-10,5.738031713384539e-07
9154,Normal,3.86998573180689e-18,0.9999999385067968,2.0573213828839103e-19,3.2234011112540667e-22,6.149320326451555e-08
9155,Normal,1.3441468302759314e-18,0.9999999056847069,1.0033805937063911e-17,1.1907231726777108e-18,9.431529313962016e-08
9157,Normal,1.4921074263923066e-13,0.9999981325703927,3.1862041890769793e-12,4.5412480655794675e-11,1.8673808594653807e-06
9160,Normal,1.5678494822951396e-16,0.9999945895606881,3.643902673700725e-18,1.6724011514442617e-21,5.4104393118558394e-06
9163,Normal,5.143929322439145e-16,0.9999698587057821,2.4356586199359954e-15,3.604948284309079e-18,3.0141294214933898e-05
9165,Normal,4.1889395575310206e-29,0.9367753729058708,9.371479233233211e-18,0.05842691968949392,0.004797707404635368
9167,Normal,5.90327085992779e-14,0.9996253309259356,3.606120809876724e-08,2.1627821347721753e-10,0.00037463279651894516
9168,Normal,5.5144669218047734e-14,0.9999121753903217,1.6768462268608432e-14,2.2997196602455123e-21,8.782460960642014e-05
9171,Normal,2.4719337151853872e-14,0.9997535147356852,2.275071062334466e-06,3.5067019047331807e-12,0.0002442101897209548
9184,Normal,1.770005875902517e-17,0.9999999999999964,4.781083771631227e-29,4.555060932414583e-23,3.621533867898051e-15
9188,Normal,1.4285023271537658e-13,0.9999999999998566,8.933339947214243e-27,5.66282179801055e-20,5.706627023720768e-16
9189,Normal,3.3103356298592937e-16,0.9999999999999929,1.659105505786249e-27,1.1409198113967735e-21,6.8466759543117396e-15
9198,Normal,1.9635108341583798e-15,0.9999999999931617,2.8291796595111334e-24,6.738869793046322e-15,6.8295613672078975e-12
9201,Normal,1.7786542370720744e-19,0.9999999999884678,1.8624921020445185e-27,4.0584007913251544e-23,1.1532251719639367e-11
9205,Normal,3.7290602440787844e-19,0.9999999999920276,4.7881228907548106e-24,1.9138453263970424e-19,7.972422395392706e-12
9207,Normal,1.0599409161137797e-17,0.9999999998526816,2.025595424020405e-23,2.681594382804492e-16,1.473181207249489e-10
9211,Normal,9.481693106270855e-32,0.8723477891919841,9.652458320535607e-23,0.1276312616971107,2.09491109052551e-05
9213,Normal,2.145488508031034e-12,0.9999999999345399,3.1504620276902726e-16,1.6317152756537248e-11,4.699714156345815e-11
9215,Normal,1.4794264170735442e-16,0.9999999999706557,1.2917284260176791e-23,4.567693522576672e-23,2.934416561893337e-11
9217,Normal,4.29544105801564e-18,0.999999999561739,3.0665384593857015e-24,1.664780053352032e-19,4.382610713617687e-10
9225,Normal,5.050290656999294e-15,0.9999999994855816,2.6534167010208764e-17,7.79871729196637e-18,5.144134414114408e-10
9228,Normal,1.2421912773972116e-15,0.9999999983713469,8.290614777028391e-18,4.847034627519853e-19,1.6286519124038708e-09
9229,Normal,1.2970377407980037e-17,0.9999998716424058,3.1479954800298045e-20,4.622426435132574e-19,1.283575942359169e-07
9232,Normal,1.4916696567768382e-16,0.9999999575027188,1.0186116597088006e-18,7.777136659235771e-21,4.2497281165970356e-08
9233,Normal,2.716547041378346e-12,0.9999999955895984,7.07951802020413e-13,7.933588386202521e-16,4.406976325387972e-09
9243,Normal,2.4617735881948e-10,0.9998423159588934,2.1638945412365082e-07,2.0622344544061974e-07,0.0001572611820296277
9245,Normal,1.5114126949824543e-18,0.9997257985051982,2.6231675811113232e-15,4.68694576504214e-15,0.0002742014947945142
9251,Normal,6.342782596173957e-21,0.9966192964805399,3.8520286917984075e-16,2.1537626131647872e-12,0.00338070351730606
9255,Normal,5.153081955437925e-16,0.9947974354517078,1.8605872238633993e-11,5.848075977030125e-17,0.005202564529685673
9256,Normal,1.1924934212814824e-16,0.9933091838364022,9.862765436881153e-11,2.520482836679499e-15,0.006690816064967534
9257,Normal,3.56726699487495e-15,0.9937413460061362,1.3950409850002948e-09,6.58084437420253e-16,0.006258652598818547
9258,Normal,1.0374663735382899e-11,0.9666118021808057,0.0026849890506024897,4.9707977706356935e-08,0.030703159050239532
9264,Normal,2.6832199971555353e-17,0.9999999999999625,6.423692468803513e-26,1.967261258071734e-17,3.7481660998924757e-14
9268,Normal,6.712441310332569e-10,0.9999999472222162,5.748926883700806e-20,5.210627346807732e-08,2.661704538011737e-13
9272,Normal,9.396609551291524e-26,0.9999999999493593,1.3798717778441569e-27,1.2321213646249262e-15,5.0639508038776566e-11
9276,Normal,1.1764447242733348e-18,0.9999999999995337,3.3918630355769253e-28,1.253557755949098e-24,4.663122604278113e-13
9280,Normal,1.1207459245280264e-19,0.9999999999750815,2.878061783174023e-27,1.248535485970982e-23,2.4918621257148295e-11
9287,Normal,2.0710907596820866e-18,0.9999999999569151,8.925701796669273e-25,2.550713202014302e-22,4.308488513792594e-11
9290,Normal,4.583071680486669e-13,0.9999999999989715,5.657156278943822e-23,8.744111292867197e-23,5.702816538215656e-13
9292,Normal,5.4606196564708023e-11,0.9999999306936521,4.001272258561433e-14,6.888081201572466e-08,3.7088963767060025e-10
9296,Normal,1.9400561702503791e-13,0.9999999996973628,2.5152198752509264e-21,3.290013419627049e-18,3.024432484170325e-10
9298,Normal,2.6508698823534904e-15,0.999999998519313,9.703493562663702e-22,1.908909099011674e-19,1.4806843844505766e-09
9300,Normal,1.175569036459373e-12,0.9999999996153146,4.110830504308216e-20,8.011416895437978e-19,3.835098219241361e-10
9304,Normal,7.627780368870226e-16,0.9999999971187274,4.230052157795624e-20,2.756017115088722e-22,2.88127175522671e-09
9305,Normal,6.659136717509219e-16,0.9999999940579143,3.38937276154279e-17,5.322670031736757e-17,5.942085054330977e-09
9313,Normal,3.6769502836560485e-18,0.999999334096737,3.839760501474728e-20,1.980720836976617e-20,6.659032629546268e-07
9315,Normal,1.5115484680191186e-16,0.999997676591961,9.94512373583119e-19,2.0399276977760412e-20,2.3234080388037646e-06
9318,Normal,4.639553955704262e-14,0.9999955329901687,6.320274851177424e-15,1.2827092747616498e-20,4.467009778551349e-06
9319,Normal,7.438549175368616e-12,0.9999985826614817,3.607179470815089e-13,5.4141178673810334e-21,1.4173307191031495e-06
9329,Normal,8.54923389813259e-25,0.995870005861675,3.1073367199887292e-18,1.350091599438676e-09,0.004129992788233414
9330,Normal,1.5442886228197358e-12,0.9987430071912955,8.510547064818702e-09,6.192010974426428e-16,0.0012569842966125239
9333,Normal,9.152383286493194e-21,0.9400246891843121,1.1429489110434879e-14,1.970049677931592e-10,0.05997531061867146
9335,Normal,9.013652300709005e-11,0.9892975950276827,1.7033694697505577e-05,4.621370766207529e-15,0.010685371187478601
9336,Normal,9.529533734703379e-13,0.9542901679865615,0.03697824094873586,2.943324710576521e-07,0.008731296731278716
9337,Normal,9.891642558970407e-17,0.9509693115625117,2.0832800177001177e-09,1.8952006597822132e-11,0.049030686335256236
9340,Normal,2.0635672674502163e-11,0.892660033367745,0.006487779917975404,1.2552363659156454e-11,0.10085218668109149
9341,Normal,5.082156081622108e-20,0.99999999999999,3.350089850370039e-32,3.829059426465651e-22,1.0088918103791764e-14
9342,Normal,7.087742616416216e-14,0.999999999999929,6.26631709012967e-32,2.967813589464557e-23,2.274437941333545e-16
9344,Normal,7.567970159297234e-13,0.9999999999992315,1.9356513273847043e-27,7.066673851672368e-17,1.1517467771368861e-14
9345,Normal,1.5943457549533305e-18,0.9999999999999853,1.3395026325421809e-28,4.929708920507967e-22,1.474326486084951e-14
9355,Normal,5.746540192488572e-19,0.9999999999988589,1.166811714544398e-28,2.649479136532555e-23,1.141038201022647e-12
9358,Normal,2.3988874863635245e-20,0.9999999999969194,2.097155736870921e-29,6.983033875363152e-26,3.080735652394045e-12
9360,Normal,1.0132027208705716e-16,0.9999999996239018,1.57850828251828e-22,7.849005080670515e-11,2.976079547129492e-10
9361,Normal,5.516397460673996e-16,0.9999999999995461,1.5158513365182447e-23,5.740813548841545e-18,4.532991805085111e-13
9362,Normal,1.1230511147603624e-18,0.999999999998147,4.1018422548538624e-26,7.177994274545856e-22,1.8530418550114594e-12
9365,Normal,7.476004774052624e-21,0.9999999999845883,2.93913017345273e-26,6.563420852349091e-22,1.5411719976428896e-11
9368,Normal,9.636052277449917e-15,0.9999999999990665,2.5114027642544565e-22,3.105821554416788e-18,9.239007896660994e-13
9369,Normal,8.324607590878933e-17,0.999999999999072,6.862774818449451e-25,3.8244610784759792e-22,9.27956560162718e-13
9370,Normal,3.315875922965284e-17,0.9999999999547405,7.035900183510811e-25,1.944760831327352e-21,4.5259489236728586e-11
9372,Normal,1.5416735911032439e-12,0.9999999999983299,8.644242872758418e-21,2.2108325466160213e-19,1.2844860056156905e-13
9374,Normal,4.765676555355594e-15,0.9999999999964375,3.319248187882482e-21,9.525195555619274e-19,3.5577435455336994e-12
9375,Normal,3.952429755185477e-15,0.999999999858983,1.2580909266468638e-22,6.75548308089021e-19,1.4101287546191756e-10
9384,Normal,1.2212666576571289e-18,0.9999999566373329,4.639584502697077e-21,2.7831483676499086e-18,4.3362667199946533e-08
9386,Normal,1.1892482260504719e-22,0.9999879465032847,4.82463891385546e-20,4.688420986318994e-13,1.2053496246460558e-05
9387,Normal,5.6788754632706475e-25,0.9999609902310959,2.3664635908653306e-21,1.5887272861763992e-12,3.900976731532543e-05
9388,Normal,1.7366640513556721e-13,0.999994564470216,3.0229507855061464e-14,1.188744021478285e-10,5.4354107058829e-06
9390,Normal,1.4653212065106858e-11,0.9999999908409307,4.934828477853018e-10,1.921038587273771e-12,8.649012337748836e-09
9393,Normal,2.662279437810892e-14,0.9999999379799117,3.2046113991543255e-13,1.7608359169183632e-16,6.201974108496746e-08
9396,Normal,7.231258750126603e-16,0.9999990980874881,9.98271135106979e-15,1.342452170807307e-18,9.019125011263602e-07
9397,Normal,1.4256550614739412e-14,0.9999985167152958,3.49526986963218e-10,9.565528402642953e-13,1.48293420639472e-06
9398,Normal,6.490432298309766e-12,0.9999786846316091,1.469533156985105e-09,1.6525130532007218e-11,2.1313875842226717e-05
9404,Normal,9.903673592217412e-19,0.9997369019381398,3.234950819690522e-14,2.2953568416766213e-16,0.000263098061827561
9409,Normal,1.575235186141704e-17,0.9932885501871761,5.99217677212236e-13,1.2924482316891956e-13,0.006711449812095443
9422,Normal,2.54789754560379e-11,0.9999999999628839,2.4093604500839115e-24,1.137110701775751e-11,2.660735186430399e-13
9423,Normal,4.6360663756537866e-20,0.9999999999999476,5.795305286498615e-29,1.155804480783007e-22,5.242887004511832e-14
9424,Normal,3.266082332306618e-20,0.9999999999999096,3.3967056492895256e-28,1.4970215100649205e-21,9.037858400051144e-14
9425,Normal,1.6254906428791213e-18,0.9999999999999089,8.033988471551004e-30,1.317519570106216e-23,9.116373384014156e-14
9426,Normal,1.3685871610571417e-13,0.9999999999998361,6.647839642570059e-28,4.6916722674005156e-20,2.6934844658193436e-14
9433,Normal,5.082306657228597e-18,0.9999999999988144,1.4105619343273353e-23,1.8646885598390436e-16,1.1854062268092239e-12
9440,Normal,9.445669511240112e-14,0.9999999999931857,1.3140725241281432e-23,2.7196351934043737e-17,6.719871064255413e-12
9445,Normal,4.538469908058966e-27,0.9999999087655106,1.3456869940981463e-24,3.946405451940607e-11,9.119502523096462e-08
9449,Normal,4.262389246516064e-21,0.9999999984602244,5.426608955576512e-23,3.5684110314634085e-17,1.5397757045201894e-09
9450,Normal,3.5373730354813115e-14,0.9999999999205922,3.308289690922973e-24,8.033342872271714e-23,7.93724493807643e-11
9453,Normal,3.5820175347796904e-12,0.9999999926143369,6.05781159599344e-17,1.9534578318638175e-12,7.380127557221462e-09
9456,Normal,3.8956705320615126e-23,0.9999989791629208,1.065770011208562e-21,2.521608995119169e-13,1.0208368270955253e-06
9460,Normal,7.565486701479533e-17,0.9999999842576278,1.5390914143531497e-19,1.0316035453919568e-19,1.574237208352592e-08
9462,Normal,1.7266969969854226e-13,0.9999999831127327,4.189968993812453e-19,2.5577860998587564e-19,1.688709468652316e-08
9465,Normal,8.089845143274445e-13,0.9999999775085889,1.4255056009001033e-13,8.417624346368754e-16,2.2490458633563696e-08
9473,Normal,4.623438619484865e-12,0.9999987744314246,6.433106515850346e-15,4.6641857925709764e-18,1.225563945584334e-06
9474,Normal,9.352380934493666e-13,0.9999960913635361,1.906203186946009e-14,9.581050781798121e-21,3.90863550967005e-06
9475,Normal,4.476840141420777e-14,0.9999927106293376,2.8541107014152575e-14,5.371147355386401e-16,7.2893705885554745e-06
9479,Normal,3.2862522913554794e-19,0.9933494687820188,1.8792887377427473e-14,1.7694832127619577e-11,0.006650531200267656
9481,Normal,2.4495535169649693e-12,0.9998518967661035,6.21179630618942e-13,1.149702389996386e-17,0.0001481032308257808
9489,Normal,2.4782953778882422e-14,0.9860774923187137,1.5466527609487336e-11,6.282348229575622e-16,0.013922507665794406
9491,Normal,2.5812454174731924e-11,0.9838489405883135,2.0753564597051768e-08,2.1502971666192723e-15,0.016151038632307338
9492,Normal,1.1441816417211346e-12,0.9794130776068307,1.6872047112513835e-09,3.720537982974565e-15,0.020586920704816623
9498,Normal,3.499204837023405e-17,0.9999999999999997,2.6252633562913405e-34,6.216480265829514e-26,3.136512992838708e-16
9502,Normal,2.8531193170459244e-12,0.9999999999971458,8.381858232892666e-27,1.1599300212844732e-18,1.001473554964036e-15
9509,Normal,6.325394760395683e-18,0.9999999999995743,8.019078149438388e-26,1.6353477790702069e-19,4.256565214681579e-13
9510,Normal,3.720685782419154e-18,0.9999999999998666,1.212063389583582e-29,4.484058653686173e-22,1.3344967476716748e-13
9516,Normal,3.110331321227163e-19,0.9999999999935898,2.9216748436324845e-26,6.9359646621357685e-22,6.410152551641939e-12
9520,Normal,1.1582471718889156e-15,0.9999999999991365,3.373620075317431e-26,1.2332390215297148e-23,8.624063140010939e-13
9521,Normal,1.1967937527918294e-12,0.9999999999986849,7.521608755660073e-23,2.7134912248495115e-18,1.1828557216728477e-13
9529,Normal,1.0606771978074321e-13,0.9999999999855506,1.431670152246029e-21,1.9091834085846086e-14,1.4324313106038946e-11
9530,Normal,4.3497155213711594e-14,0.9999999999827527,2.0767531970448268e-20,3.075370608055645e-17,1.7203902691218163e-11
9531,Normal,2.9526036408050815e-15,0.9999999960662234,5.834454887172645e-22,8.865180636471136e-14,3.933684975219461e-09
9534,Normal,4.069417947573901e-18,0.9999999974154954,4.742491693562279e-22,2.8966437035933843e-19,2.58450470835014e-09
9543,Normal,6.378266976718249e-17,0.9999998030909834,6.458321595816924e-19,1.8799467314309802e-17,1.9690901656333367e-07
9556,Normal,4.989813458005892e-18,0.9999991609669981,1.5282659544953504e-20,1.9773977028792492e-21,8.390330018900393e-07
9558,Normal,1.1913278266022124e-15,0.9999958385525183,2.977219028895824e-17,4.1785930013556565e-18,4.161447480513013e-06
9565,Normal,6.913964189803183e-17,0.9950550910156682,2.757165491973936e-13,2.2314636622320875e-12,0.0049449089818245084
9566,Normal,1.1003570692909628e-14,0.9999272925045819,4.25230780382965e-15,3.6640631704586706e-18,7.2707495402842e-05
9568,Normal,1.1970833282058727e-10,0.9997707772731705,9.0241535341198e-10,1.515962388230401e-17,0.00022922170470577786
9571,Normal,2.28560916306551e-10,0.9996333036652711,2.5436963469290795e-06,5.4978814253137805e-14,0.0003641524097660252
9575,Normal,6.85945109051741e-13,0.9893045821719254,2.763768573831743e-10,1.6660089899585988e-15,0.010695417551010267
9584,Normal,3.750488833827114e-11,0.9999999994445612,6.3694287587611e-23,5.179172894304691e-10,1.6686324589199455e-14
9588,Normal,1.465713671769823e-17,0.9999999999999859,4.055312355667206e-31,3.151072800677251e-23,1.4145788124421898e-14
9589,Normal,8.508486424456204e-18,0.9999999999988072,3.951240826080682e-29,9.489146221913902e-19,1.1928693865784267e-12
9596,Normal,7.135658549660197e-16,0.9999999999946059,3.5259454588240016e-27,2.504071828953097e-17,5.3934746088731505e-12
9599,Normal,7.441684551792731e-15,0.9999999999996654,3.15871781018389e-25,3.718459519461968e-21,3.271842691025863e-13
9600,Normal,2.4226442067980462e-14,0.9999999999998568,2.7287792965769896e-27,1.113610588543084e-25,1.1908307908325968e-13
9607,Normal,1.1134538476434341e-13,0.9999999999992484,8.200646127383779e-24,2.166554887414569e-22,6.401596528328447e-13
9608,Normal,1.533643267388831e-16,0.999999999951097,2.18419191383235e-23,6.894144656790955e-21,4.8902885573524274e-11
9611,Normal,5.967461557254369e-15,0.9999999999713036,4.1148820045383232e-22,2.768844458874536e-20,2.8690362845854582e-11
9613,Normal,2.0439878864071585e-19,0.9999999987971349,1.122105581134059e-24,2.6775703980281788e-21,1.20286522577941e-09
9617,Normal,2.450932596175766e-16,0.9999999990235958,4.218150081368001e-21,1.3872082362184472e-19,9.764039811196305e-10
9618,Normal,3.46206473373857e-15,0.9999999996572372,1.409788019129465e-22,6.1514731181488554e-24,3.4275943130157485e-10
9621,Normal,2.4948722562190765e-14,0.9999999995624236,2.6956144199259304e-18,8.878251354693251e-18,4.375515351468043e-10
9624,Normal,4.523698253010963e-13,0.9999999998778912,1.3545703795679183e-18,5.6834755514883824e-21,1.2165626026618495e-10
9626,Normal,1.3937750433171288e-15,0.9999999359476066,1.1318074301066754e-18,1.2729302126141595e-15,6.405239069836806e-08
9633,Normal,7.438611690605496e-13,0.9999960515782088,3.1400625588391645e-12,3.9708348744160954e-10,3.948020823873741e-06
9635,Normal,5.9315003985564585e-12,0.9999965161289956,1.4981223866859459e-07,2.755091442776367e-10,3.333777325153552e-06
9638,Normal,2.2022891803033734e-12,0.9999936883996033,1.732046963448526e-14,9.752244474380873e-21,6.311598177150363e-06
9643,Normal,2.824403986850591e-10,0.9999780965201397,5.391772850781746e-10,6.298055200591935e-18,2.190265824266353e-05
9645,Normal,1.2102563868390826e-14,0.9994275423596655,2.5721481404354203e-12,3.415767333678238e-16,0.0005724576377498981
9649,Normal,6.755233390457679e-11,0.9995508957938788,2.2746096852657708e-10,3.025223390896342e-19,0.00044910391110792756
9653,Normal,4.1275485667807676e-14,0.996975270091055,3.871209027468552e-09,3.3171638542646296e-12,0.0030247260343774975
9657,Normal,5.93664044644996e-15,0.9689432372949068,5.801304378861608e-09,7.636811466138632e-15,0.031056756903775375
9667,Normal,3.4905485769173876e-19,0.47486970168276404,8.627834437229792e-12,1.2328307956974537e-10,0.525130298185325
9671,Normal,3.8951131385909123e-16,0.5968278974231879,2.1294476685389005e-07,1.829622253898285e-12,0.4031718896302153
9672,Normal,6.728081718780935e-11,0.4421686132626325,0.11529554433436037,3.478483026287329e-13,0.4425358423353785
9678,Normal,1.0623815931053776e-25,0.9999999999729985,4.1691910974581375e-28,5.968730788528158e-15,2.6995549874435848e-11
9682,Normal,1.0326746386593461e-15,0.9999999999999913,1.1960947610771599e-30,1.838959227097147e-22,7.70168436471623e-15
9688,Normal,1.0192481191783381e-20,0.9999999999910203,5.082881841618629e-28,7.068435269651114e-22,8.979727249874262e-12
9689,Normal,1.2540293470487083e-12,0.9999999999987412,1.2053265599059876e-26,2.2592894819487686e-22,4.852372548727217e-15
9690,Normal,7.031631804552307e-11,0.9999897112603822,1.0033273057572443e-17,1.0288637734240603e-05,3.156735319747461e-11
9691,Normal,3.2708110805907442e-18,0.9999999999995105,1.5610442133910098e-29,7.389807756398598e-25,4.895302004369929e-13
9694,Normal,2.3363920634340006e-19,0.9999999999857105,8.58289147943924e-26,2.2295006686582463e-21,1.4289459244557025e-11
9695,Normal,1.8291629103162052e-16,0.9999999999984793,1.4568577066828772e-26,2.6952488838970196e-24,1.5204958237887748e-12
9696,Normal,3.427958855737205e-17,0.9999999999959451,3.444433012183511e-26,1.2204695448588711e-23,4.0549203587167114e-12
9697,Normal,2.5442527656444007e-13,0.9999999999996985,2.7548328685061825e-27,1.4647120589945833e-26,4.699012325753607e-14
9700,Normal,4.1004650117419456e-15,0.9999999999981701,1.1000993431611305e-25,2.9955993043049915e-24,1.8257298513631885e-12
9707,Normal,3.2811113372284546e-20,0.9999999960326668,7.724849644624385e-24,1.451089752018579e-18,3.967333247787094e-09
9710,Normal,1.6436307654674298e-16,0.999999999935024,3.616674684080101e-26,7.220547207419661e-26,6.497595536515673e-11
9716,Normal,3.753906172446708e-11,0.9999999971297797,5.437598432485284e-13,4.0000979080660195e-10,2.4321277097193545e-09
9717,Normal,1.2330635586011483e-14,0.9999999982887688,5.026715628468876e-23,6.059217568162244e-22,1.711218831289606e-09
9719,Normal,4.178923615177e-15,0.9999999969017335,1.1294859150389328e-20,1.3300107364163374e-22,3.098262409089595e-09
9724,Normal,2.3172718582780207e-16,0.9999999231314332,3.9460413299264366e-19,3.209196616770815e-20,7.686856666539601e-08
9727,Normal,2.446626965214935e-15,0.9999997890982012,3.61754597255188e-17,3.1163104184270676e-19,2.1090179633449494e-07
9728,Normal,1.1099381439662833e-13,0.9999999127988364,1.610262743491577e-17,3.733765746155849e-22,8.72010525934377e-08
9735,Normal,4.645431904683531e-16,0.9999933293835136,4.2577745579757045e-17,1.9001446401369153e-18,6.670616485911318e-06
9742,Normal,3.634625571494757e-13,0.9999462708238112,3.772230955105344e-10,2.2705092273026073e-15,5.372879860007916e-05
9743,Normal,5.786702388366379e-15,0.9996269970818025,1.2890158774382302e-10,7.493396706906132e-14,0.00037300278921524317
9744,Normal,5.780478301469838e-14,0.9997290335895446,1.3560311391621607e-08,2.838682794007859e-12,0.000270952847247539
9747,Normal,3.42608725496873e-11,0.9997703241876224,4.245223463184487e-08,2.0066832480612089e-16,0.00022963332588185945
9756,Normal,2.852379465762913e-16,0.976226136238121,9.476945534973256e-12,1.6623127425512066e-16,0.023773863752401522
9760,Normal,6.522771243870531e-19,0.9999999999999956,1.354178582125245e-28,1.0025991427230733e-19,4.4976425769046445e-15
9765,PWF,7.233285247352338e-11,0.09970837913464202,4.465579466234714e-19,0.9002916207916508,1.3743430082032599e-12
9768,Normal,5.27787527803113e-17,0.9999999999999889,5.516950214622182e-29,1.2617718759007696e-23,1.1063255482261921e-14
9773,Normal,6.820099932033484e-17,0.9999999999999398,4.692261715489215e-28,1.1313621667928426e-23,6.007778742920894e-14
9776,Normal,1.8608643856740416e-21,0.9999999999896795,2.0327814013910612e-28,6.101765970260937e-23,1.032054264712192e-11
9780,Normal,3.435581402394037e-15,0.9999999999996528,9.820247540202695e-27,1.4877538924566443e-24,3.4377939216076095e-13
9781,Normal,3.9626407208289765e-16,0.9999999999926914,1.5331419688527608e-25,1.3333847223669009e-17,7.308102939333967e-12
9782,Normal,4.889565261875139e-14,0.999999999999763,1.3395583312361146e-25,3.97551899656253e-23,1.881769768035713e-13
9783,Normal,1.697982770632011e-13,0.9999999999995892,4.459943074511307e-23,4.2313615707486415e-19,2.4102426443624135e-13
9785,Normal,2.4005596591596014e-15,0.9999999999830496,2.7010899885804984e-24,2.7837498224364544e-17,1.6948087386369486e-11
9788,Normal,7.221234936759956e-15,0.999999999227589,5.012890043595099e-23,1.6404464177498758e-15,7.7240207019108e-10
9789,Normal,4.156217070711808e-17,0.9999999997317799,3.436981369951382e-24,1.579133241183883e-20,2.6822010617103006e-10
9791,Normal,1.476977822618544e-14,0.9999999999651861,4.4998512383889435e-21,9.804804436270507e-20,3.4799203389438556e-11
9792,Normal,1.20204961646015e-16,0.9999999996328353,2.3336738058240268e-24,1.6667918772331972e-22,3.6716467344562934e-10
9793,Normal,1.7090964419253815e-19,0.999999999204886,1.0314651793221504e-24,3.650755298649613e-21,7.951139882804032e-10
9796,Normal,1.1624222202259408e-17,0.9999999960614361,2.0167000704176548e-21,4.134491249637015e-20,3.938563951179473e-09
9797,Normal,6.28705132145329e-21,0.9999999736279007,2.0975781271990863e-23,1.5944795213389487e-18,2.6372099256372873e-08
9799,Normal,2.6631048856713066e-14,0.9999999988208528,5.4982403025462665e-18,7.689324489738595e-19,1.1791205732458512e-09
9802,Normal,2.27815534427544e-15,0.9999998936060013,2.2156162708933067e-18,9.282342643506582e-17,1.0639399630272372e-07
9804,Normal,1.9514662771313207e-18,0.9999996399755718,4.095726215487239e-19,1.1283002518401268e-18,3.6002442819017487e-07
9805,Normal,2.1610044537734827e-14,0.9999999701289193,1.643169939487013e-16,1.0202483454209642e-19,2.9871058968881464e-08
9807,Normal,4.368489792898698e-11,0.23667273326136135,3.688182130867588e-05,0.7632253897071162,6.49951665287672e-05
9823,OSF,6.092316865158172e-12,0.035824579155637054,0.9572304372934892,0.004348553895167214,0.0025964296496142156
9825,Normal,1.506904810051113e-13,0.9980608251523373,3.80701801870251e-09,4.3718091782726735e-16,0.0019391710404935204
9826,Normal,9.16087762004722e-16,0.9963394022604394,4.0275514126564906e-11,1.9499389180110452e-16,0.0036605976992839916
9827,Normal,1.928297720004797e-10,0.9577940397947055,0.03903771733996581,3.1322517217042984e-11,0.0031682426411765285
9835,Normal,4.3007631849170824e-21,0.9999999999999902,8.235803040090994e-32,6.328142088518778e-23,9.833859174508102e-15
9836,Normal,1.116265405968406e-16,0.9999999999999991,8.739878300679916e-30,8.022058208137372e-23,7.846702407755245e-16
9843,Normal,1.083838386637534e-12,0.9999999999989151,3.670064246318217e-26,8.525620549886577e-19,1.1086929912615847e-15
9844,Normal,7.546597500635032e-12,0.9999999999923753,3.3218510215864216e-23,7.077421777737685e-14,7.295056445466749e-15
9847,Normal,5.997896665623912e-10,0.9999996793014267,4.73993821113663e-19,3.200979475675795e-07,8.360232680606466e-13
9854,Normal,1.8951942206955008e-15,0.9999999999996432,5.630998981938861e-26,1.5324689582987764e-22,3.550007495102633e-13
9863,Normal,9.543418387126138e-15,0.9999999999689929,1.16603986484519e-24,4.05352548135482e-20,3.0997561981220484e-11
9864,Normal,9.512936531582109e-11,0.9999993653903467,2.4540067960736316e-14,6.329795112324339e-07,1.5349880839469833e-09
9865,Normal,3.3628134480618894e-19,0.9999999986033005,2.3339186283873962e-24,1.2600349967969239e-20,1.3966995615235195e-09
9867,Normal,4.880203358437552e-17,0.9999999992400619,3.984539483121627e-22,1.1834456158044338e-19,7.599380960846783e-10
9872,Normal,1.3396548434260347e-22,0.9999961321469922,2.036809321687371e-21,2.088537506880591e-12,3.867850919238547e-06
9876,Normal,4.572938362858801e-13,0.9999999982599499,8.5153127497428e-20,4.334087746910604e-18,1.7395927660535247e-09
9877,Normal,3.461783157453396e-14,0.9999868202797264,1.0364793324091117e-15,2.581201556022605e-07,1.2921600082402084e-05
9878,Normal,1.5751507124803703e-10,0.9999807794451413,5.863481599783309e-09,1.8821845695735434e-05,3.926881663359228e-07
9882,Normal,1.6465159735878122e-14,0.9999999770505924,1.1422127049413609e-18,6.838937919646134e-22,2.294939123887788e-08
9884,Normal,4.0406800238843427e-19,0.9999993281478039,2.196258441572365e-20,5.093456137052672e-17,6.718521959963996e-07
9888,Normal,2.853874312980662e-11,0.9999999096199883,4.657588531237956e-15,1.84822914837199e-21,9.035146839155467e-08
9889,Normal,3.5858695437559996e-16,0.9999972648678749,2.7478374405951064e-18,2.2551020428919742e-19,2.7351321248351227e-06
9890,Normal,4.2894804335598124e-16,0.9999969977405961,9.65551953605774e-18,1.932290232250936e-18,3.0022594034860697e-06
9891,Normal,3.7807087353983803e-16,0.9999845554616781,2.7976447080808444e-15,5.397504273606126e-17,1.5444538318776105e-05
9892,Normal,1.232089164748483e-10,0.9999989784116808,4.6424539341443965e-11,1.6333714087312848e-17,1.0214186857434211e-06
9895,Normal,7.834826991138283e-16,0.9998768443439153,3.037786647715859e-14,3.72267829966867e-17,0.00012315565605338825
9897,Normal,2.897424794557623e-15,0.9994933244674618,8.073583217813535e-14,6.186887371566616e-15,0.0005066755324484801
9900,Normal,6.437006486698126e-15,0.9993137857320759,3.481308295266121e-13,1.9824272490964713e-18,0.0006862142675694611
9901,Normal,2.352317594121169e-13,0.9984666669376372,8.505116543175645e-13,1.8738933364631915e-17,0.0015333330612769948
9902,Normal,8.315788445435658e-12,0.9992610563683505,5.779914435757078e-09,3.366847349855806e-13,0.0007389378430826391
9906,Normal,2.2050503976975545e-11,0.9935660553470551,1.1254614964881078e-06,1.0281345685840486e-11,0.0064328191591166645
9915,Normal,1.3948546887257167e-19,0.9999999999999603,5.329403176384465e-29,1.6295352503112714e-22,3.9720658253761295e-14
9918,Normal,4.80783380230339e-17,0.9999999999999427,1.963242198943321e-29,1.2126365516040303e-22,5.727225346707259e-14
9919,Normal,3.1759428400199077e-09,0.9999999942020721,1.094442996940931e-20,2.621918944917306e-09,6.620213910737592e-14
9920,Normal,1.532459384531093e-08,0.9999999807609604,2.402830194920912e-20,3.914401093043772e-09,4.4631801062085946e-14
9923,Normal,3.3527793354462487e-18,0.9999999999981963,5.419964600349129e-28,5.0939181250375994e-20,1.8036172866886083e-12
9924,Normal,1.4177328882274493e-17,0.9999999999964695,5.979992638893856e-27,1.6822799559150054e-21,3.53054851242895e-12
9928,Normal,2.6327100703168556e-15,0.9999999999997262,3.578768741601733e-26,8.059233368871968e-23,2.7109348362856396e-13
9931,Normal,6.444314965769898e-13,0.9999999999989453,2.271500309729793e-22,3.3255395251112003e-18,4.102064983881426e-13
9934,Normal,1.1110352668534766e-17,0.9999999999899483,2.649936346494336e-25,2.510928587059563e-22,1.0051742742186972e-11
9936,Normal,5.67460314765869e-12,0.999999999990039,2.665262841510333e-19,5.351381810085231e-15,4.281132284466834e-12
9937,Normal,2.847477122224833e-17,0.9999999999234905,8.198260621949171e-26,5.755182946469397e-23,7.650942079497742e-11
9939,Normal,5.642154857236196e-16,0.9999999999889166,6.690718232047061e-25,7.623720395046193e-24,1.1082766224373152e-11
9942,Normal,3.5350379959523506e-11,0.9999999999552973,5.016147057964789e-21,3.645884269684272e-21,9.352368733068376e-12
9943,Normal,4.19467804473609e-10,0.9999999995571203,1.1080560957767698e-16,2.7643714210227165e-15,2.3409135039019675e-11
9944,Normal,6.004565989776675e-19,0.9999997857366569,9.966231315903944e-21,7.559556786239928e-17,2.1426334295153089e-07
9957,Normal,1.513664537204657e-14,0.9999984818194305,1.2819335695607866e-17,2.0561641318217936e-18,1.518180554340845e-06
9959,Normal,2.5983024258366343e-13,0.9999985239101385,1.446625345360064e-17,1.778346312059149e-19,1.4760896016318104e-06
9965,Normal,1.2409072004923842e-19,0.9999958407426371,2.2702393976534015e-18,1.1550759394285353e-16,4.159257362744354e-06
9967,Normal,3.280710220190233e-14,0.9999996166606409,1.2748925115889912e-14,6.486851158321246e-17,3.8333931330550693e-07
9970,Normal,3.1126563987247142e-12,0.999997919433395,9.418769062862081e-09,4.465444979846802e-10,2.070698178850327e-06
9972,Normal,6.624501652613622e-15,0.9998087524752096,2.048411034927434e-13,2.4081851625306006e-11,0.0001912475004970711
9973,Normal,2.912035906914456e-09,0.9999793434653274,2.5893641228677126e-06,1.6911482963432758e-11,1.806424160228575e-05
9978,Normal,8.170792173182344e-11,0.9995459840684255,1.61869350438741e-10,1.4368876466070004e-18,0.00045401568799725817
9991,Normal,7.737869279889055e-15,0.9999999999999916,8.589981764028199e-30,1.9965054194795224e-23,6.536131830185811e-16
9992,Normal,3.006215756214603e-21,0.9999999999839488,1.5210796284562122e-26,5.36337273866672e-17,1.6051200301729257e-11
9995,Normal,3.2207283853053506e-18,0.9999999999999852,3.992907137302276e-30,9.531563693989968e-25,1.477191938672472e-14
9996,Normal,7.616734673743762e-17,0.9999999999999232,9.160222303128058e-30,1.1374133685157416e-24,7.662434671067615e-14
